time_s,time_fs,power,instant_norm,cumulative_flux,cumulative_flux_norm
0.000000000000000000e+00,0.000000000000000000e+00,0.000000000000000000e+00,0.000000000000000000e+00,0.000000000000000000e+00,0.000000000000000000e+00
4.766437035679199716e-17,4.766437035679199630e-02,0.000000000000000000e+00,0.000000000000000000e+00,0.000000000000000000e+00,0.000000000000000000e+00
9.532874071358399433e-17,9.532874071358399259e-02,0.000000000000000000e+00,0.000000000000000000e+00,0.000000000000000000e+00,0.000000000000000000e+00
1.429931110703759915e-16,1.429931110703759889e-01,0.000000000000000000e+00,0.000000000000000000e+00,0.000000000000000000e+00,0.000000000000000000e+00
1.906574814271679887e-16,1.906574814271679852e-01,0.000000000000000000e+00,0.000000000000000000e+00,0.000000000000000000e+00,0.000000000000000000e+00
2.383218517839599858e-16,2.383218517839599815e-01,0.000000000000000000e+00,0.000000000000000000e+00,0.000000000000000000e+00,0.000000000000000000e+00
2.859862221407519830e-16,2.859862221407519778e-01,0.000000000000000000e+00,0.000000000000000000e+00,0.000000000000000000e+00,0.000000000000000000e+00
3.336505924975439802e-16,3.336505924975439741e-01,0.000000000000000000e+00,0.000000000000000000e+00,0.000000000000000000e+00,0.000000000000000000e+00
3.813149628543359773e-16,3.813149628543359704e-01,0.000000000000000000e+00,0.000000000000000000e+00,0.000000000000000000e+00,0.000000000000000000e+00
4.289793332111279745e-16,4.289793332111279667e-01,0.000000000000000000e+00,0.000000000000000000e+00,0.000000000000000000e+00,0.000000000000000000e+00
4.766437035679199716e-16,4.766437035679199630e-01,0.000000000000000000e+00,0.000000000000000000e+00,0.000000000000000000e+00,0.000000000000000000e+00
5.243081003944915705e-16,5.243081003944916052e-01,0.000000000000000000e+00,0.000000000000000000e+00,0.000000000000000000e+00,0.000000000000000000e+00
5.719724442815039660e-16,5.719724442815039556e-01,0.000000000000000000e+00,0.000000000000000000e+00,0.000000000000000000e+00,0.000000000000000000e+00
6.196367881685163614e-16,6.196367881685163059e-01,0.000000000000000000e+00,0.000000000000000000e+00,0.000000000000000000e+00,0.000000000000000000e+00
6.673011320555287569e-16,6.673011320555287673e-01,0.000000000000000000e+00,0.000000000000000000e+00,0.000000000000000000e+00,0.000000000000000000e+00
7.149654759425411524e-16,7.149654759425411177e-01,0.000000000000000000e+00,0.000000000000000000e+00,0.000000000000000000e+00,0.000000000000000000e+00
7.626298198295535478e-16,7.626298198295535791e-01,0.000000000000000000e+00,0.000000000000000000e+00,0.000000000000000000e+00,0.000000000000000000e+00
8.102941637165659433e-16,8.102941637165659294e-01,0.000000000000000000e+00,0.000000000000000000e+00,0.000000000000000000e+00,0.000000000000000000e+00
8.579585076035783388e-16,8.579585076035783908e-01,0.000000000000000000e+00,0.000000000000000000e+00,0.000000000000000000e+00,0.000000000000000000e+00
9.056228514905907342e-16,9.056228514905907412e-01,0.000000000000000000e+00,0.000000000000000000e+00,0.000000000000000000e+00,0.000000000000000000e+00
9.532871953776031297e-16,9.532871953776030916e-01,0.000000000000000000e+00,0.000000000000000000e+00,0.000000000000000000e+00,0.000000000000000000e+00
1.000951539264615525e-15,1.000951539264615553e+00,0.000000000000000000e+00,0.000000000000000000e+00,0.000000000000000000e+00,0.000000000000000000e+00
1.048615883151627921e-15,1.048615883151627903e+00,0.000000000000000000e+00,0.000000000000000000e+00,0.000000000000000000e+00,0.000000000000000000e+00
1.096280227038640316e-15,1.096280227038640254e+00,0.000000000000000000e+00,0.000000000000000000e+00,0.000000000000000000e+00,0.000000000000000000e+00
1.143944570925652712e-15,1.143944570925652604e+00,0.000000000000000000e+00,0.000000000000000000e+00,0.000000000000000000e+00,0.000000000000000000e+00
1.191608914812665107e-15,1.191608914812665176e+00,0.000000000000000000e+00,0.000000000000000000e+00,0.000000000000000000e+00,0.000000000000000000e+00
1.239273258699677503e-15,1.239273258699677527e+00,0.000000000000000000e+00,0.000000000000000000e+00,0.000000000000000000e+00,0.000000000000000000e+00
1.286937602586689898e-15,1.286937602586689877e+00,0.000000000000000000e+00,0.000000000000000000e+00,0.000000000000000000e+00,0.000000000000000000e+00
1.334601946473702293e-15,1.334601946473702228e+00,0.000000000000000000e+00,0.000000000000000000e+00,0.000000000000000000e+00,0.000000000000000000e+00
1.382266290360714689e-15,1.382266290360714578e+00,0.000000000000000000e+00,0.000000000000000000e+00,0.000000000000000000e+00,0.000000000000000000e+00
1.429930634247727084e-15,1.429930634247727150e+00,0.000000000000000000e+00,0.000000000000000000e+00,0.000000000000000000e+00,0.000000000000000000e+00
1.477594978134739480e-15,1.477594978134739501e+00,0.000000000000000000e+00,0.000000000000000000e+00,0.000000000000000000e+00,0.000000000000000000e+00
1.525259322021751875e-15,1.525259322021751851e+00,0.000000000000000000e+00,0.000000000000000000e+00,0.000000000000000000e+00,0.000000000000000000e+00
1.572923665908764271e-15,1.572923665908764201e+00,0.000000000000000000e+00,0.000000000000000000e+00,0.000000000000000000e+00,0.000000000000000000e+00
1.620588009795776666e-15,1.620588009795776774e+00,0.000000000000000000e+00,0.000000000000000000e+00,0.000000000000000000e+00,0.000000000000000000e+00
1.668252353682789062e-15,1.668252353682789124e+00,0.000000000000000000e+00,0.000000000000000000e+00,0.000000000000000000e+00,0.000000000000000000e+00
1.715916697569801457e-15,1.715916697569801475e+00,0.000000000000000000e+00,0.000000000000000000e+00,0.000000000000000000e+00,0.000000000000000000e+00
1.763581041456813853e-15,1.763581041456813825e+00,0.000000000000000000e+00,0.000000000000000000e+00,0.000000000000000000e+00,0.000000000000000000e+00
1.811245491222944655e-15,1.811245491222944759e+00,0.000000000000000000e+00,0.000000000000000000e+00,0.000000000000000000e+00,0.000000000000000000e+00
1.858909940989075457e-15,1.858909940989075471e+00,0.000000000000000000e+00,0.000000000000000000e+00,0.000000000000000000e+00,0.000000000000000000e+00
1.906574390755206259e-15,1.906574390755206183e+00,0.000000000000000000e+00,0.000000000000000000e+00,0.000000000000000000e+00,0.000000000000000000e+00
1.954238840521337062e-15,1.954238840521337117e+00,0.000000000000000000e+00,0.000000000000000000e+00,0.000000000000000000e+00,0.000000000000000000e+00
2.001903290287467864e-15,2.001903290287467829e+00,0.000000000000000000e+00,0.000000000000000000e+00,0.000000000000000000e+00,0.000000000000000000e+00
2.049567740053598666e-15,2.049567740053598541e+00,0.000000000000000000e+00,0.000000000000000000e+00,0.000000000000000000e+00,0.000000000000000000e+00
2.097232189819729468e-15,2.097232189819729253e+00,0.000000000000000000e+00,0.000000000000000000e+00,0.000000000000000000e+00,0.000000000000000000e+00
2.144896639585860271e-15,2.144896639585860409e+00,0.000000000000000000e+00,0.000000000000000000e+00,0.000000000000000000e+00,0.000000000000000000e+00
2.192561089351991073e-15,2.192561089351991122e+00,0.000000000000000000e+00,0.000000000000000000e+00,0.000000000000000000e+00,0.000000000000000000e+00
2.240225539118121875e-15,2.240225539118121834e+00,0.000000000000000000e+00,0.000000000000000000e+00,0.000000000000000000e+00,0.000000000000000000e+00
2.287889988884252677e-15,2.287889988884252546e+00,0.000000000000000000e+00,0.000000000000000000e+00,0.000000000000000000e+00,0.000000000000000000e+00
2.335554438650383480e-15,2.335554438650383702e+00,0.000000000000000000e+00,0.000000000000000000e+00,0.000000000000000000e+00,0.000000000000000000e+00
2.383218888416514282e-15,2.383218888416514414e+00,0.000000000000000000e+00,0.000000000000000000e+00,0.000000000000000000e+00,0.000000000000000000e+00
2.430883338182645084e-15,2.430883338182645126e+00,0.000000000000000000e+00,0.000000000000000000e+00,0.000000000000000000e+00,0.000000000000000000e+00
2.478547787948775886e-15,2.478547787948775838e+00,0.000000000000000000e+00,0.000000000000000000e+00,0.000000000000000000e+00,0.000000000000000000e+00
2.526212237714906689e-15,2.526212237714906550e+00,0.000000000000000000e+00,0.000000000000000000e+00,0.000000000000000000e+00,0.000000000000000000e+00
2.573876687481037491e-15,2.573876687481037706e+00,0.000000000000000000e+00,0.000000000000000000e+00,0.000000000000000000e+00,0.000000000000000000e+00
2.621541137247168293e-15,2.621541137247168418e+00,0.000000000000000000e+00,0.000000000000000000e+00,0.000000000000000000e+00,0.000000000000000000e+00
2.669205587013299096e-15,2.669205587013299130e+00,0.000000000000000000e+00,0.000000000000000000e+00,0.000000000000000000e+00,0.000000000000000000e+00
2.716870036779429898e-15,2.716870036779429842e+00,0.000000000000000000e+00,0.000000000000000000e+00,0.000000000000000000e+00,0.000000000000000000e+00
2.764534486545560700e-15,2.764534486545560554e+00,0.000000000000000000e+00,0.000000000000000000e+00,0.000000000000000000e+00,0.000000000000000000e+00
2.812198936311691502e-15,2.812198936311691710e+00,0.000000000000000000e+00,0.000000000000000000e+00,0.000000000000000000e+00,0.000000000000000000e+00
2.859863386077822305e-15,2.859863386077822422e+00,0.000000000000000000e+00,0.000000000000000000e+00,0.000000000000000000e+00,0.000000000000000000e+00
2.907527835843953107e-15,2.907527835843953135e+00,0.000000000000000000e+00,0.000000000000000000e+00,0.000000000000000000e+00,0.000000000000000000e+00
2.955192285610083909e-15,2.955192285610083847e+00,0.000000000000000000e+00,0.000000000000000000e+00,0.000000000000000000e+00,0.000000000000000000e+00
3.002856735376214711e-15,3.002856735376214559e+00,0.000000000000000000e+00,0.000000000000000000e+00,0.000000000000000000e+00,0.000000000000000000e+00
3.050521185142345514e-15,3.050521185142345715e+00,0.000000000000000000e+00,0.000000000000000000e+00,0.000000000000000000e+00,0.000000000000000000e+00
3.098185634908476316e-15,3.098185634908476427e+00,0.000000000000000000e+00,0.000000000000000000e+00,0.000000000000000000e+00,0.000000000000000000e+00
3.145850084674607118e-15,3.145850084674607139e+00,0.000000000000000000e+00,0.000000000000000000e+00,0.000000000000000000e+00,0.000000000000000000e+00
3.193514534440737920e-15,3.193514534440737851e+00,0.000000000000000000e+00,0.000000000000000000e+00,0.000000000000000000e+00,0.000000000000000000e+00
3.241178984206868723e-15,3.241178984206868563e+00,0.000000000000000000e+00,0.000000000000000000e+00,0.000000000000000000e+00,0.000000000000000000e+00
3.288843433972999525e-15,3.288843433972999719e+00,0.000000000000000000e+00,0.000000000000000000e+00,0.000000000000000000e+00,0.000000000000000000e+00
3.336507883739130327e-15,3.336507883739130431e+00,0.000000000000000000e+00,0.000000000000000000e+00,0.000000000000000000e+00,0.000000000000000000e+00
3.384172333505261129e-15,3.384172333505261143e+00,0.000000000000000000e+00,0.000000000000000000e+00,0.000000000000000000e+00,0.000000000000000000e+00
3.431836783271391932e-15,3.431836783271391855e+00,0.000000000000000000e+00,0.000000000000000000e+00,0.000000000000000000e+00,0.000000000000000000e+00
3.479501233037522734e-15,3.479501233037522567e+00,0.000000000000000000e+00,0.000000000000000000e+00,0.000000000000000000e+00,0.000000000000000000e+00
3.527165682803653536e-15,3.527165682803653723e+00,0.000000000000000000e+00,0.000000000000000000e+00,0.000000000000000000e+00,0.000000000000000000e+00
3.574830132569784338e-15,3.574830132569784436e+00,0.000000000000000000e+00,0.000000000000000000e+00,0.000000000000000000e+00,0.000000000000000000e+00
3.622494370577678327e-15,3.622494370577678424e+00,0.000000000000000000e+00,0.000000000000000000e+00,0.000000000000000000e+00,0.000000000000000000e+00
3.670158608585572316e-15,3.670158608585572413e+00,0.000000000000000000e+00,0.000000000000000000e+00,0.000000000000000000e+00,0.000000000000000000e+00
3.717822846593466304e-15,3.717822846593466402e+00,0.000000000000000000e+00,0.000000000000000000e+00,0.000000000000000000e+00,0.000000000000000000e+00
3.765487084601360293e-15,3.765487084601360390e+00,0.000000000000000000e+00,0.000000000000000000e+00,0.000000000000000000e+00,0.000000000000000000e+00
3.813151322609254282e-15,3.813151322609254379e+00,0.000000000000000000e+00,0.000000000000000000e+00,0.000000000000000000e+00,0.000000000000000000e+00
3.860815560617148270e-15,3.860815560617148368e+00,0.000000000000000000e+00,0.000000000000000000e+00,0.000000000000000000e+00,0.000000000000000000e+00
3.908479798625042259e-15,3.908479798625042356e+00,0.000000000000000000e+00,0.000000000000000000e+00,0.000000000000000000e+00,0.000000000000000000e+00
3.956144036632936248e-15,3.956144036632936345e+00,0.000000000000000000e+00,0.000000000000000000e+00,0.000000000000000000e+00,0.000000000000000000e+00
4.003808274640830236e-15,4.003808274640830334e+00,0.000000000000000000e+00,0.000000000000000000e+00,0.000000000000000000e+00,0.000000000000000000e+00
4.051472512648724225e-15,4.051472512648723878e+00,0.000000000000000000e+00,0.000000000000000000e+00,0.000000000000000000e+00,0.000000000000000000e+00
4.099136750656618214e-15,4.099136750656618311e+00,0.000000000000000000e+00,0.000000000000000000e+00,0.000000000000000000e+00,0.000000000000000000e+00
4.146800988664512203e-15,4.146800988664511856e+00,0.000000000000000000e+00,0.000000000000000000e+00,0.000000000000000000e+00,0.000000000000000000e+00
4.194465226672406191e-15,4.194465226672406288e+00,0.000000000000000000e+00,0.000000000000000000e+00,0.000000000000000000e+00,0.000000000000000000e+00
4.242129464680300180e-15,4.242129464680299833e+00,0.000000000000000000e+00,0.000000000000000000e+00,0.000000000000000000e+00,0.000000000000000000e+00
4.289793702688194169e-15,4.289793702688194266e+00,0.000000000000000000e+00,0.000000000000000000e+00,0.000000000000000000e+00,0.000000000000000000e+00
4.337457940696088157e-15,4.337457940696087810e+00,0.000000000000000000e+00,0.000000000000000000e+00,0.000000000000000000e+00,0.000000000000000000e+00
4.385122178703982146e-15,4.385122178703982243e+00,0.000000000000000000e+00,0.000000000000000000e+00,0.000000000000000000e+00,0.000000000000000000e+00
4.432786416711876135e-15,4.432786416711875788e+00,0.000000000000000000e+00,0.000000000000000000e+00,0.000000000000000000e+00,0.000000000000000000e+00
4.480450654719770123e-15,4.480450654719770220e+00,0.000000000000000000e+00,0.000000000000000000e+00,0.000000000000000000e+00,0.000000000000000000e+00
4.528114892727664112e-15,4.528114892727663765e+00,0.000000000000000000e+00,0.000000000000000000e+00,0.000000000000000000e+00,0.000000000000000000e+00
4.575779130735558101e-15,4.575779130735558198e+00,0.000000000000000000e+00,0.000000000000000000e+00,0.000000000000000000e+00,0.000000000000000000e+00
4.623443368743452089e-15,4.623443368743451742e+00,0.000000000000000000e+00,0.000000000000000000e+00,0.000000000000000000e+00,0.000000000000000000e+00
4.671107606751346078e-15,4.671107606751346175e+00,0.000000000000000000e+00,0.000000000000000000e+00,0.000000000000000000e+00,0.000000000000000000e+00
4.718771844759240067e-15,4.718771844759239720e+00,0.000000000000000000e+00,0.000000000000000000e+00,0.000000000000000000e+00,0.000000000000000000e+00
4.766436082767134055e-15,4.766436082767134153e+00,0.000000000000000000e+00,0.000000000000000000e+00,0.000000000000000000e+00,0.000000000000000000e+00
4.814100320775028044e-15,4.814100320775027697e+00,0.000000000000000000e+00,0.000000000000000000e+00,0.000000000000000000e+00,0.000000000000000000e+00
4.861764558782922033e-15,4.861764558782922130e+00,0.000000000000000000e+00,0.000000000000000000e+00,0.000000000000000000e+00,0.000000000000000000e+00
4.909428796790816021e-15,4.909428796790815674e+00,0.000000000000000000e+00,0.000000000000000000e+00,0.000000000000000000e+00,0.000000000000000000e+00
4.957093034798710010e-15,4.957093034798710107e+00,0.000000000000000000e+00,0.000000000000000000e+00,0.000000000000000000e+00,0.000000000000000000e+00
5.004757272806603999e-15,5.004757272806603652e+00,0.000000000000000000e+00,0.000000000000000000e+00,0.000000000000000000e+00,0.000000000000000000e+00
5.052421510814497987e-15,5.052421510814498085e+00,0.000000000000000000e+00,0.000000000000000000e+00,0.000000000000000000e+00,0.000000000000000000e+00
5.100085748822391976e-15,5.100085748822391629e+00,0.000000000000000000e+00,0.000000000000000000e+00,0.000000000000000000e+00,0.000000000000000000e+00
5.147749986830285965e-15,5.147749986830286062e+00,0.000000000000000000e+00,0.000000000000000000e+00,0.000000000000000000e+00,0.000000000000000000e+00
5.195414224838179953e-15,5.195414224838179607e+00,0.000000000000000000e+00,0.000000000000000000e+00,0.000000000000000000e+00,0.000000000000000000e+00
5.243078462846073942e-15,5.243078462846074039e+00,0.000000000000000000e+00,0.000000000000000000e+00,0.000000000000000000e+00,0.000000000000000000e+00
5.290742700853967931e-15,5.290742700853967584e+00,0.000000000000000000e+00,0.000000000000000000e+00,0.000000000000000000e+00,0.000000000000000000e+00
5.338406938861861920e-15,5.338406938861862017e+00,0.000000000000000000e+00,0.000000000000000000e+00,0.000000000000000000e+00,0.000000000000000000e+00
5.386071176869755908e-15,5.386071176869755561e+00,0.000000000000000000e+00,0.000000000000000000e+00,0.000000000000000000e+00,0.000000000000000000e+00
5.433735414877649897e-15,5.433735414877649994e+00,0.000000000000000000e+00,0.000000000000000000e+00,0.000000000000000000e+00,0.000000000000000000e+00
5.481399652885543886e-15,5.481399652885543539e+00,0.000000000000000000e+00,0.000000000000000000e+00,0.000000000000000000e+00,0.000000000000000000e+00
5.529063890893437874e-15,5.529063890893437971e+00,0.000000000000000000e+00,0.000000000000000000e+00,0.000000000000000000e+00,0.000000000000000000e+00
5.576728128901331863e-15,5.576728128901331516e+00,0.000000000000000000e+00,0.000000000000000000e+00,0.000000000000000000e+00,0.000000000000000000e+00
5.624392366909225852e-15,5.624392366909225949e+00,0.000000000000000000e+00,0.000000000000000000e+00,0.000000000000000000e+00,0.000000000000000000e+00
5.672056604917119840e-15,5.672056604917119493e+00,0.000000000000000000e+00,0.000000000000000000e+00,0.000000000000000000e+00,0.000000000000000000e+00
5.719720842925013829e-15,5.719720842925013926e+00,0.000000000000000000e+00,0.000000000000000000e+00,0.000000000000000000e+00,0.000000000000000000e+00
5.767385080932907818e-15,5.767385080932907471e+00,0.000000000000000000e+00,0.000000000000000000e+00,0.000000000000000000e+00,0.000000000000000000e+00
5.815049318940801806e-15,5.815049318940801903e+00,0.000000000000000000e+00,0.000000000000000000e+00,0.000000000000000000e+00,0.000000000000000000e+00
5.862713556948695795e-15,5.862713556948695448e+00,0.000000000000000000e+00,0.000000000000000000e+00,0.000000000000000000e+00,0.000000000000000000e+00
5.910377794956589784e-15,5.910377794956589881e+00,0.000000000000000000e+00,0.000000000000000000e+00,0.000000000000000000e+00,0.000000000000000000e+00
5.958042032964483772e-15,5.958042032964483425e+00,0.000000000000000000e+00,0.000000000000000000e+00,0.000000000000000000e+00,0.000000000000000000e+00
6.005706270972377761e-15,6.005706270972377858e+00,0.000000000000000000e+00,0.000000000000000000e+00,0.000000000000000000e+00,0.000000000000000000e+00
6.053370508980271750e-15,6.053370508980271403e+00,0.000000000000000000e+00,0.000000000000000000e+00,0.000000000000000000e+00,0.000000000000000000e+00
6.101034746988165738e-15,6.101034746988165836e+00,0.000000000000000000e+00,0.000000000000000000e+00,0.000000000000000000e+00,0.000000000000000000e+00
6.148698984996059727e-15,6.148698984996059380e+00,0.000000000000000000e+00,0.000000000000000000e+00,0.000000000000000000e+00,0.000000000000000000e+00
6.196363223003953716e-15,6.196363223003953813e+00,0.000000000000000000e+00,0.000000000000000000e+00,0.000000000000000000e+00,0.000000000000000000e+00
6.244027461011847704e-15,6.244027461011847357e+00,0.000000000000000000e+00,0.000000000000000000e+00,0.000000000000000000e+00,0.000000000000000000e+00
6.291691699019741693e-15,6.291691699019741790e+00,0.000000000000000000e+00,0.000000000000000000e+00,0.000000000000000000e+00,0.000000000000000000e+00
6.339355937027635682e-15,6.339355937027635335e+00,0.000000000000000000e+00,0.000000000000000000e+00,0.000000000000000000e+00,0.000000000000000000e+00
6.387020175035529670e-15,6.387020175035529768e+00,0.000000000000000000e+00,0.000000000000000000e+00,0.000000000000000000e+00,0.000000000000000000e+00
6.434684413043423659e-15,6.434684413043423312e+00,0.000000000000000000e+00,0.000000000000000000e+00,0.000000000000000000e+00,0.000000000000000000e+00
6.482348651051317648e-15,6.482348651051317745e+00,0.000000000000000000e+00,0.000000000000000000e+00,0.000000000000000000e+00,0.000000000000000000e+00
6.530012889059211637e-15,6.530012889059211290e+00,0.000000000000000000e+00,0.000000000000000000e+00,0.000000000000000000e+00,0.000000000000000000e+00
6.577677127067105625e-15,6.577677127067105722e+00,0.000000000000000000e+00,0.000000000000000000e+00,0.000000000000000000e+00,0.000000000000000000e+00
6.625341365074999614e-15,6.625341365074999267e+00,0.000000000000000000e+00,0.000000000000000000e+00,0.000000000000000000e+00,0.000000000000000000e+00
6.673005603082893603e-15,6.673005603082893700e+00,0.000000000000000000e+00,0.000000000000000000e+00,0.000000000000000000e+00,0.000000000000000000e+00
6.720669841090787591e-15,6.720669841090787244e+00,0.000000000000000000e+00,0.000000000000000000e+00,0.000000000000000000e+00,0.000000000000000000e+00
6.768334079098681580e-15,6.768334079098681677e+00,0.000000000000000000e+00,0.000000000000000000e+00,0.000000000000000000e+00,0.000000000000000000e+00
6.815998317106575569e-15,6.815998317106575222e+00,0.000000000000000000e+00,0.000000000000000000e+00,0.000000000000000000e+00,0.000000000000000000e+00
6.863662555114469557e-15,6.863662555114469654e+00,0.000000000000000000e+00,0.000000000000000000e+00,0.000000000000000000e+00,0.000000000000000000e+00
6.911326793122363546e-15,6.911326793122363199e+00,0.000000000000000000e+00,0.000000000000000000e+00,0.000000000000000000e+00,0.000000000000000000e+00
6.958991031130257535e-15,6.958991031130257632e+00,0.000000000000000000e+00,0.000000000000000000e+00,0.000000000000000000e+00,0.000000000000000000e+00
7.006655269138151523e-15,7.006655269138151176e+00,0.000000000000000000e+00,0.000000000000000000e+00,0.000000000000000000e+00,0.000000000000000000e+00
7.054319507146045512e-15,7.054319507146045609e+00,0.000000000000000000e+00,0.000000000000000000e+00,0.000000000000000000e+00,0.000000000000000000e+00
7.101983745153939501e-15,7.101983745153939154e+00,0.000000000000000000e+00,0.000000000000000000e+00,0.000000000000000000e+00,0.000000000000000000e+00
7.149648406678307117e-15,7.149648406678307033e+00,0.000000000000000000e+00,0.000000000000000000e+00,0.000000000000000000e+00,0.000000000000000000e+00
7.197312644686201105e-15,7.197312644686201466e+00,0.000000000000000000e+00,0.000000000000000000e+00,0.000000000000000000e+00,0.000000000000000000e+00
7.244976882694095094e-15,7.244976882694095011e+00,0.000000000000000000e+00,0.000000000000000000e+00,0.000000000000000000e+00,0.000000000000000000e+00
7.292641120701989083e-15,7.292641120701989443e+00,0.000000000000000000e+00,0.000000000000000000e+00,0.000000000000000000e+00,0.000000000000000000e+00
7.340305358709883071e-15,7.340305358709882988e+00,0.000000000000000000e+00,0.000000000000000000e+00,0.000000000000000000e+00,0.000000000000000000e+00
7.387969596717777060e-15,7.387969596717777421e+00,0.000000000000000000e+00,0.000000000000000000e+00,0.000000000000000000e+00,0.000000000000000000e+00
7.435633834725671049e-15,7.435633834725670965e+00,0.000000000000000000e+00,0.000000000000000000e+00,0.000000000000000000e+00,0.000000000000000000e+00
7.483298072733565037e-15,7.483298072733565398e+00,0.000000000000000000e+00,0.000000000000000000e+00,0.000000000000000000e+00,0.000000000000000000e+00
7.530962310741459026e-15,7.530962310741458943e+00,0.000000000000000000e+00,0.000000000000000000e+00,0.000000000000000000e+00,0.000000000000000000e+00
7.578626548749353015e-15,7.578626548749353375e+00,0.000000000000000000e+00,0.000000000000000000e+00,0.000000000000000000e+00,0.000000000000000000e+00
7.626290786757247003e-15,7.626290786757246920e+00,0.000000000000000000e+00,0.000000000000000000e+00,0.000000000000000000e+00,0.000000000000000000e+00
7.673955024765140992e-15,7.673955024765141353e+00,0.000000000000000000e+00,0.000000000000000000e+00,0.000000000000000000e+00,0.000000000000000000e+00
7.721619262773034981e-15,7.721619262773034897e+00,0.000000000000000000e+00,0.000000000000000000e+00,0.000000000000000000e+00,0.000000000000000000e+00
7.769283500780928969e-15,7.769283500780929330e+00,0.000000000000000000e+00,0.000000000000000000e+00,0.000000000000000000e+00,0.000000000000000000e+00
7.816947738788822958e-15,7.816947738788822875e+00,0.000000000000000000e+00,0.000000000000000000e+00,0.000000000000000000e+00,0.000000000000000000e+00
7.864611976796716947e-15,7.864611976796717308e+00,0.000000000000000000e+00,0.000000000000000000e+00,0.000000000000000000e+00,0.000000000000000000e+00
7.912276214804610935e-15,7.912276214804610852e+00,0.000000000000000000e+00,0.000000000000000000e+00,0.000000000000000000e+00,0.000000000000000000e+00
7.959940452812504924e-15,7.959940452812505285e+00,0.000000000000000000e+00,0.000000000000000000e+00,0.000000000000000000e+00,0.000000000000000000e+00
8.007604690820398913e-15,8.007604690820398829e+00,0.000000000000000000e+00,0.000000000000000000e+00,0.000000000000000000e+00,0.000000000000000000e+00
8.055268928828292901e-15,8.055268928828292374e+00,0.000000000000000000e+00,0.000000000000000000e+00,0.000000000000000000e+00,0.000000000000000000e+00
8.102933166836186890e-15,8.102933166836187695e+00,0.000000000000000000e+00,0.000000000000000000e+00,0.000000000000000000e+00,0.000000000000000000e+00
8.150597404844080879e-15,8.150597404844081240e+00,0.000000000000000000e+00,0.000000000000000000e+00,0.000000000000000000e+00,0.000000000000000000e+00
8.198261642851974867e-15,8.198261642851974784e+00,0.000000000000000000e+00,0.000000000000000000e+00,0.000000000000000000e+00,0.000000000000000000e+00
8.245925880859868856e-15,8.245925880859868329e+00,0.000000000000000000e+00,0.000000000000000000e+00,0.000000000000000000e+00,0.000000000000000000e+00
8.293590118867762845e-15,8.293590118867763650e+00,0.000000000000000000e+00,0.000000000000000000e+00,0.000000000000000000e+00,0.000000000000000000e+00
8.341254356875656834e-15,8.341254356875657194e+00,0.000000000000000000e+00,0.000000000000000000e+00,0.000000000000000000e+00,0.000000000000000000e+00
8.388918594883550822e-15,8.388918594883550739e+00,0.000000000000000000e+00,0.000000000000000000e+00,0.000000000000000000e+00,0.000000000000000000e+00
8.436582832891444811e-15,8.436582832891444284e+00,0.000000000000000000e+00,0.000000000000000000e+00,0.000000000000000000e+00,0.000000000000000000e+00
8.484247070899338800e-15,8.484247070899339604e+00,0.000000000000000000e+00,0.000000000000000000e+00,0.000000000000000000e+00,0.000000000000000000e+00
8.531911308907232788e-15,8.531911308907233149e+00,0.000000000000000000e+00,0.000000000000000000e+00,0.000000000000000000e+00,0.000000000000000000e+00
8.579575546915126777e-15,8.579575546915126694e+00,0.000000000000000000e+00,0.000000000000000000e+00,0.000000000000000000e+00,0.000000000000000000e+00
8.627239784923020766e-15,8.627239784923020238e+00,0.000000000000000000e+00,0.000000000000000000e+00,0.000000000000000000e+00,0.000000000000000000e+00
8.674904022930914754e-15,8.674904022930915559e+00,0.000000000000000000e+00,0.000000000000000000e+00,0.000000000000000000e+00,0.000000000000000000e+00
8.722568260938808743e-15,8.722568260938809104e+00,0.000000000000000000e+00,0.000000000000000000e+00,0.000000000000000000e+00,0.000000000000000000e+00
8.770232498946702732e-15,8.770232498946702648e+00,0.000000000000000000e+00,0.000000000000000000e+00,0.000000000000000000e+00,0.000000000000000000e+00
8.817896736954596720e-15,8.817896736954596193e+00,0.000000000000000000e+00,0.000000000000000000e+00,0.000000000000000000e+00,0.000000000000000000e+00
8.865560974962490709e-15,8.865560974962491514e+00,0.000000000000000000e+00,0.000000000000000000e+00,0.000000000000000000e+00,0.000000000000000000e+00
8.913225212970384698e-15,8.913225212970385058e+00,0.000000000000000000e+00,0.000000000000000000e+00,0.000000000000000000e+00,0.000000000000000000e+00
8.960889450978278686e-15,8.960889450978278603e+00,0.000000000000000000e+00,0.000000000000000000e+00,0.000000000000000000e+00,0.000000000000000000e+00
9.008553688986172675e-15,9.008553688986172148e+00,0.000000000000000000e+00,0.000000000000000000e+00,0.000000000000000000e+00,0.000000000000000000e+00
9.056217926994066664e-15,9.056217926994067469e+00,0.000000000000000000e+00,0.000000000000000000e+00,0.000000000000000000e+00,0.000000000000000000e+00
9.103882165001960652e-15,9.103882165001961013e+00,0.000000000000000000e+00,0.000000000000000000e+00,0.000000000000000000e+00,0.000000000000000000e+00
9.151546403009854641e-15,9.151546403009854558e+00,0.000000000000000000e+00,0.000000000000000000e+00,0.000000000000000000e+00,0.000000000000000000e+00
9.199210641017748630e-15,9.199210641017748102e+00,0.000000000000000000e+00,0.000000000000000000e+00,0.000000000000000000e+00,0.000000000000000000e+00
9.246874879025642618e-15,9.246874879025643423e+00,0.000000000000000000e+00,0.000000000000000000e+00,0.000000000000000000e+00,0.000000000000000000e+00
9.294539117033536607e-15,9.294539117033536968e+00,0.000000000000000000e+00,0.000000000000000000e+00,0.000000000000000000e+00,0.000000000000000000e+00
9.342203355041430596e-15,9.342203355041430513e+00,0.000000000000000000e+00,0.000000000000000000e+00,0.000000000000000000e+00,0.000000000000000000e+00
9.389867593049324584e-15,9.389867593049324057e+00,0.000000000000000000e+00,0.000000000000000000e+00,0.000000000000000000e+00,0.000000000000000000e+00
9.437531831057218573e-15,9.437531831057219378e+00,0.000000000000000000e+00,0.000000000000000000e+00,0.000000000000000000e+00,0.000000000000000000e+00
9.485196069065112562e-15,9.485196069065112923e+00,0.000000000000000000e+00,0.000000000000000000e+00,0.000000000000000000e+00,0.000000000000000000e+00
9.532860307073006551e-15,9.532860307073006467e+00,0.000000000000000000e+00,0.000000000000000000e+00,0.000000000000000000e+00,0.000000000000000000e+00
9.580524545080900539e-15,9.580524545080900012e+00,0.000000000000000000e+00,0.000000000000000000e+00,0.000000000000000000e+00,0.000000000000000000e+00
9.628188783088794528e-15,9.628188783088795333e+00,0.000000000000000000e+00,0.000000000000000000e+00,0.000000000000000000e+00,0.000000000000000000e+00
9.675853021096688517e-15,9.675853021096688877e+00,0.000000000000000000e+00,0.000000000000000000e+00,0.000000000000000000e+00,0.000000000000000000e+00
9.723517259104582505e-15,9.723517259104582422e+00,0.000000000000000000e+00,0.000000000000000000e+00,0.000000000000000000e+00,0.000000000000000000e+00
9.771181497112476494e-15,9.771181497112475967e+00,0.000000000000000000e+00,0.000000000000000000e+00,0.000000000000000000e+00,0.000000000000000000e+00
9.818845735120370483e-15,9.818845735120371288e+00,0.000000000000000000e+00,0.000000000000000000e+00,0.000000000000000000e+00,0.000000000000000000e+00
9.866509973128264471e-15,9.866509973128264832e+00,0.000000000000000000e+00,0.000000000000000000e+00,0.000000000000000000e+00,0.000000000000000000e+00
9.914174211136158460e-15,9.914174211136158377e+00,0.000000000000000000e+00,0.000000000000000000e+00,0.000000000000000000e+00,0.000000000000000000e+00
9.961838449144052449e-15,9.961838449144051921e+00,0.000000000000000000e+00,0.000000000000000000e+00,0.000000000000000000e+00,0.000000000000000000e+00
1.000950268715194644e-14,1.000950268715194724e+01,0.000000000000000000e+00,0.000000000000000000e+00,0.000000000000000000e+00,0.000000000000000000e+00
1.005716692515984043e-14,1.005716692515984079e+01,0.000000000000000000e+00,0.000000000000000000e+00,0.000000000000000000e+00,0.000000000000000000e+00
1.010483116316773441e-14,1.010483116316773433e+01,0.000000000000000000e+00,0.000000000000000000e+00,0.000000000000000000e+00,0.000000000000000000e+00
1.015249540117562840e-14,1.015249540117562788e+01,0.000000000000000000e+00,0.000000000000000000e+00,0.000000000000000000e+00,0.000000000000000000e+00
1.020015963918352239e-14,1.020015963918352320e+01,0.000000000000000000e+00,0.000000000000000000e+00,0.000000000000000000e+00,0.000000000000000000e+00
1.024782387719141638e-14,1.024782387719141674e+01,0.000000000000000000e+00,0.000000000000000000e+00,0.000000000000000000e+00,0.000000000000000000e+00
1.029548811519931037e-14,1.029548811519931029e+01,0.000000000000000000e+00,0.000000000000000000e+00,0.000000000000000000e+00,0.000000000000000000e+00
1.034315235320720436e-14,1.034315235320720383e+01,0.000000000000000000e+00,0.000000000000000000e+00,0.000000000000000000e+00,0.000000000000000000e+00
1.039081659121509835e-14,1.039081659121509915e+01,0.000000000000000000e+00,0.000000000000000000e+00,0.000000000000000000e+00,0.000000000000000000e+00
1.043848082922299234e-14,1.043848082922299270e+01,0.000000000000000000e+00,0.000000000000000000e+00,0.000000000000000000e+00,0.000000000000000000e+00
1.048614506723088632e-14,1.048614506723088624e+01,0.000000000000000000e+00,0.000000000000000000e+00,0.000000000000000000e+00,0.000000000000000000e+00
1.053380930523878031e-14,1.053380930523877979e+01,0.000000000000000000e+00,0.000000000000000000e+00,0.000000000000000000e+00,0.000000000000000000e+00
1.058147354324667430e-14,1.058147354324667511e+01,0.000000000000000000e+00,0.000000000000000000e+00,0.000000000000000000e+00,0.000000000000000000e+00
1.062913778125456829e-14,1.062913778125456865e+01,0.000000000000000000e+00,0.000000000000000000e+00,0.000000000000000000e+00,0.000000000000000000e+00
1.067680201926246228e-14,1.067680201926246220e+01,0.000000000000000000e+00,0.000000000000000000e+00,0.000000000000000000e+00,0.000000000000000000e+00
1.072446625727035627e-14,1.072446625727035574e+01,0.000000000000000000e+00,0.000000000000000000e+00,0.000000000000000000e+00,0.000000000000000000e+00
1.077213049527825026e-14,1.077213049527825106e+01,0.000000000000000000e+00,0.000000000000000000e+00,0.000000000000000000e+00,0.000000000000000000e+00
1.081979473328614424e-14,1.081979473328614461e+01,0.000000000000000000e+00,0.000000000000000000e+00,0.000000000000000000e+00,0.000000000000000000e+00
1.086745897129403823e-14,1.086745897129403815e+01,0.000000000000000000e+00,0.000000000000000000e+00,0.000000000000000000e+00,0.000000000000000000e+00
1.091512320930193222e-14,1.091512320930193169e+01,0.000000000000000000e+00,0.000000000000000000e+00,0.000000000000000000e+00,0.000000000000000000e+00
1.096278744730982621e-14,1.096278744730982702e+01,0.000000000000000000e+00,0.000000000000000000e+00,0.000000000000000000e+00,0.000000000000000000e+00
1.101045168531772020e-14,1.101045168531772056e+01,0.000000000000000000e+00,0.000000000000000000e+00,0.000000000000000000e+00,0.000000000000000000e+00
1.105811592332561419e-14,1.105811592332561411e+01,0.000000000000000000e+00,0.000000000000000000e+00,0.000000000000000000e+00,0.000000000000000000e+00
1.110578016133350818e-14,1.110578016133350765e+01,0.000000000000000000e+00,0.000000000000000000e+00,0.000000000000000000e+00,0.000000000000000000e+00
1.115344439934140217e-14,1.115344439934140297e+01,0.000000000000000000e+00,0.000000000000000000e+00,0.000000000000000000e+00,0.000000000000000000e+00
1.120110863734929615e-14,1.120110863734929652e+01,0.000000000000000000e+00,0.000000000000000000e+00,0.000000000000000000e+00,0.000000000000000000e+00
1.124877287535719014e-14,1.124877287535719006e+01,0.000000000000000000e+00,0.000000000000000000e+00,0.000000000000000000e+00,0.000000000000000000e+00
1.129643711336508413e-14,1.129643711336508360e+01,0.000000000000000000e+00,0.000000000000000000e+00,0.000000000000000000e+00,0.000000000000000000e+00
1.134410135137297812e-14,1.134410135137297893e+01,0.000000000000000000e+00,0.000000000000000000e+00,0.000000000000000000e+00,0.000000000000000000e+00
1.139176558938087211e-14,1.139176558938087247e+01,0.000000000000000000e+00,0.000000000000000000e+00,0.000000000000000000e+00,0.000000000000000000e+00
1.143942982738876610e-14,1.143942982738876601e+01,0.000000000000000000e+00,0.000000000000000000e+00,0.000000000000000000e+00,0.000000000000000000e+00
1.148709406539666009e-14,1.148709406539665956e+01,0.000000000000000000e+00,0.000000000000000000e+00,0.000000000000000000e+00,0.000000000000000000e+00
1.153475830340455408e-14,1.153475830340455488e+01,0.000000000000000000e+00,0.000000000000000000e+00,0.000000000000000000e+00,0.000000000000000000e+00
1.158242254141244806e-14,1.158242254141244842e+01,0.000000000000000000e+00,0.000000000000000000e+00,0.000000000000000000e+00,0.000000000000000000e+00
1.163008677942034205e-14,1.163008677942034197e+01,0.000000000000000000e+00,0.000000000000000000e+00,0.000000000000000000e+00,0.000000000000000000e+00
1.167775101742823604e-14,1.167775101742823551e+01,0.000000000000000000e+00,0.000000000000000000e+00,0.000000000000000000e+00,0.000000000000000000e+00
1.172541525543613003e-14,1.172541525543613083e+01,0.000000000000000000e+00,0.000000000000000000e+00,0.000000000000000000e+00,0.000000000000000000e+00
1.177307949344402402e-14,1.177307949344402438e+01,0.000000000000000000e+00,0.000000000000000000e+00,0.000000000000000000e+00,0.000000000000000000e+00
1.182074373145191801e-14,1.182074373145191792e+01,0.000000000000000000e+00,0.000000000000000000e+00,0.000000000000000000e+00,0.000000000000000000e+00
1.186840796945981200e-14,1.186840796945981147e+01,0.000000000000000000e+00,0.000000000000000000e+00,0.000000000000000000e+00,0.000000000000000000e+00
1.191607220746770598e-14,1.191607220746770679e+01,0.000000000000000000e+00,0.000000000000000000e+00,0.000000000000000000e+00,0.000000000000000000e+00
1.196373644547559997e-14,1.196373644547560033e+01,0.000000000000000000e+00,0.000000000000000000e+00,0.000000000000000000e+00,0.000000000000000000e+00
1.201140068348349396e-14,1.201140068348349388e+01,0.000000000000000000e+00,0.000000000000000000e+00,0.000000000000000000e+00,0.000000000000000000e+00
1.205906492149138795e-14,1.205906492149138742e+01,0.000000000000000000e+00,0.000000000000000000e+00,0.000000000000000000e+00,0.000000000000000000e+00
1.210672915949928194e-14,1.210672915949928274e+01,0.000000000000000000e+00,0.000000000000000000e+00,0.000000000000000000e+00,0.000000000000000000e+00
1.215439339750717593e-14,1.215439339750717629e+01,0.000000000000000000e+00,0.000000000000000000e+00,0.000000000000000000e+00,0.000000000000000000e+00
1.220205763551506992e-14,1.220205763551506983e+01,0.000000000000000000e+00,0.000000000000000000e+00,0.000000000000000000e+00,0.000000000000000000e+00
1.224972187352296391e-14,1.224972187352296338e+01,0.000000000000000000e+00,0.000000000000000000e+00,0.000000000000000000e+00,0.000000000000000000e+00
1.229738611153085789e-14,1.229738611153085870e+01,0.000000000000000000e+00,0.000000000000000000e+00,0.000000000000000000e+00,0.000000000000000000e+00
1.234505034953875188e-14,1.234505034953875224e+01,0.000000000000000000e+00,0.000000000000000000e+00,0.000000000000000000e+00,0.000000000000000000e+00
1.239271458754664587e-14,1.239271458754664579e+01,0.000000000000000000e+00,0.000000000000000000e+00,0.000000000000000000e+00,0.000000000000000000e+00
1.244037882555453986e-14,1.244037882555453933e+01,0.000000000000000000e+00,0.000000000000000000e+00,0.000000000000000000e+00,0.000000000000000000e+00
1.248804306356243385e-14,1.248804306356243465e+01,0.000000000000000000e+00,0.000000000000000000e+00,0.000000000000000000e+00,0.000000000000000000e+00
1.253570730157032784e-14,1.253570730157032820e+01,0.000000000000000000e+00,0.000000000000000000e+00,0.000000000000000000e+00,0.000000000000000000e+00
1.258337153957822183e-14,1.258337153957822174e+01,0.000000000000000000e+00,0.000000000000000000e+00,0.000000000000000000e+00,0.000000000000000000e+00
1.263103577758611581e-14,1.263103577758611529e+01,0.000000000000000000e+00,0.000000000000000000e+00,0.000000000000000000e+00,0.000000000000000000e+00
1.267870001559400980e-14,1.267870001559401061e+01,0.000000000000000000e+00,0.000000000000000000e+00,0.000000000000000000e+00,0.000000000000000000e+00
1.272636425360190379e-14,1.272636425360190415e+01,0.000000000000000000e+00,0.000000000000000000e+00,0.000000000000000000e+00,0.000000000000000000e+00
1.277402849160979778e-14,1.277402849160979770e+01,0.000000000000000000e+00,0.000000000000000000e+00,0.000000000000000000e+00,0.000000000000000000e+00
1.282169272961769177e-14,1.282169272961769124e+01,0.000000000000000000e+00,0.000000000000000000e+00,0.000000000000000000e+00,0.000000000000000000e+00
1.286935696762558576e-14,1.286935696762558656e+01,0.000000000000000000e+00,0.000000000000000000e+00,0.000000000000000000e+00,0.000000000000000000e+00
1.291702120563347975e-14,1.291702120563348011e+01,0.000000000000000000e+00,0.000000000000000000e+00,0.000000000000000000e+00,0.000000000000000000e+00
1.296468544364137374e-14,1.296468544364137365e+01,0.000000000000000000e+00,0.000000000000000000e+00,0.000000000000000000e+00,0.000000000000000000e+00
1.301234968164926772e-14,1.301234968164926720e+01,0.000000000000000000e+00,0.000000000000000000e+00,0.000000000000000000e+00,0.000000000000000000e+00
1.306001391965716171e-14,1.306001391965716252e+01,0.000000000000000000e+00,0.000000000000000000e+00,0.000000000000000000e+00,0.000000000000000000e+00
1.310767815766505570e-14,1.310767815766505606e+01,0.000000000000000000e+00,0.000000000000000000e+00,0.000000000000000000e+00,0.000000000000000000e+00
1.315534239567294969e-14,1.315534239567294961e+01,0.000000000000000000e+00,0.000000000000000000e+00,0.000000000000000000e+00,0.000000000000000000e+00
1.320300663368084368e-14,1.320300663368084315e+01,0.000000000000000000e+00,0.000000000000000000e+00,0.000000000000000000e+00,0.000000000000000000e+00
1.325067087168873767e-14,1.325067087168873847e+01,0.000000000000000000e+00,0.000000000000000000e+00,0.000000000000000000e+00,0.000000000000000000e+00
1.329833510969663166e-14,1.329833510969663202e+01,0.000000000000000000e+00,0.000000000000000000e+00,0.000000000000000000e+00,0.000000000000000000e+00
1.334599934770452564e-14,1.334599934770452556e+01,0.000000000000000000e+00,0.000000000000000000e+00,0.000000000000000000e+00,0.000000000000000000e+00
1.339366358571241963e-14,1.339366358571241911e+01,0.000000000000000000e+00,0.000000000000000000e+00,0.000000000000000000e+00,0.000000000000000000e+00
1.344132782372031362e-14,1.344132782372031443e+01,0.000000000000000000e+00,0.000000000000000000e+00,0.000000000000000000e+00,0.000000000000000000e+00
1.348899206172820761e-14,1.348899206172820797e+01,0.000000000000000000e+00,0.000000000000000000e+00,0.000000000000000000e+00,0.000000000000000000e+00
1.353665629973610160e-14,1.353665629973610152e+01,0.000000000000000000e+00,0.000000000000000000e+00,0.000000000000000000e+00,0.000000000000000000e+00
1.358432053774399559e-14,1.358432053774399506e+01,0.000000000000000000e+00,0.000000000000000000e+00,0.000000000000000000e+00,0.000000000000000000e+00
1.363198477575188958e-14,1.363198477575189038e+01,0.000000000000000000e+00,0.000000000000000000e+00,0.000000000000000000e+00,0.000000000000000000e+00
1.367964901375978357e-14,1.367964901375978393e+01,0.000000000000000000e+00,0.000000000000000000e+00,0.000000000000000000e+00,0.000000000000000000e+00
1.372731325176767755e-14,1.372731325176767747e+01,0.000000000000000000e+00,0.000000000000000000e+00,0.000000000000000000e+00,0.000000000000000000e+00
1.377497748977557154e-14,1.377497748977557102e+01,0.000000000000000000e+00,0.000000000000000000e+00,0.000000000000000000e+00,0.000000000000000000e+00
1.382264172778346553e-14,1.382264172778346634e+01,0.000000000000000000e+00,0.000000000000000000e+00,0.000000000000000000e+00,0.000000000000000000e+00
1.387030596579135952e-14,1.387030596579135988e+01,0.000000000000000000e+00,0.000000000000000000e+00,0.000000000000000000e+00,0.000000000000000000e+00
1.391797020379925351e-14,1.391797020379925343e+01,0.000000000000000000e+00,0.000000000000000000e+00,0.000000000000000000e+00,0.000000000000000000e+00
1.396563444180714750e-14,1.396563444180714697e+01,0.000000000000000000e+00,0.000000000000000000e+00,0.000000000000000000e+00,0.000000000000000000e+00
1.401329867981504149e-14,1.401329867981504229e+01,0.000000000000000000e+00,0.000000000000000000e+00,0.000000000000000000e+00,0.000000000000000000e+00
1.406096291782293548e-14,1.406096291782293584e+01,0.000000000000000000e+00,0.000000000000000000e+00,0.000000000000000000e+00,0.000000000000000000e+00
1.410862715583082946e-14,1.410862715583082938e+01,0.000000000000000000e+00,0.000000000000000000e+00,0.000000000000000000e+00,0.000000000000000000e+00
1.415629139383872345e-14,1.415629139383872293e+01,0.000000000000000000e+00,0.000000000000000000e+00,0.000000000000000000e+00,0.000000000000000000e+00
1.420395563184661744e-14,1.420395563184661825e+01,0.000000000000000000e+00,0.000000000000000000e+00,0.000000000000000000e+00,0.000000000000000000e+00
1.425162071688745868e-14,1.425162071688745868e+01,0.000000000000000000e+00,0.000000000000000000e+00,0.000000000000000000e+00,0.000000000000000000e+00
1.429928495489535267e-14,1.429928495489535223e+01,0.000000000000000000e+00,0.000000000000000000e+00,0.000000000000000000e+00,0.000000000000000000e+00
1.434694919290324666e-14,1.434694919290324577e+01,0.000000000000000000e+00,0.000000000000000000e+00,0.000000000000000000e+00,0.000000000000000000e+00
1.439461343091114065e-14,1.439461343091114109e+01,0.000000000000000000e+00,0.000000000000000000e+00,0.000000000000000000e+00,0.000000000000000000e+00
1.444227766891903464e-14,1.444227766891903464e+01,0.000000000000000000e+00,0.000000000000000000e+00,0.000000000000000000e+00,0.000000000000000000e+00
1.448994190692692863e-14,1.448994190692692818e+01,0.000000000000000000e+00,0.000000000000000000e+00,0.000000000000000000e+00,0.000000000000000000e+00
1.453760614493482262e-14,1.453760614493482350e+01,0.000000000000000000e+00,0.000000000000000000e+00,0.000000000000000000e+00,0.000000000000000000e+00
1.458527038294271660e-14,1.458527038294271705e+01,0.000000000000000000e+00,0.000000000000000000e+00,0.000000000000000000e+00,0.000000000000000000e+00
1.463293462095061059e-14,1.463293462095061059e+01,0.000000000000000000e+00,0.000000000000000000e+00,0.000000000000000000e+00,0.000000000000000000e+00
1.468059885895850458e-14,1.468059885895850414e+01,0.000000000000000000e+00,0.000000000000000000e+00,0.000000000000000000e+00,0.000000000000000000e+00
1.472826309696639857e-14,1.472826309696639768e+01,0.000000000000000000e+00,0.000000000000000000e+00,0.000000000000000000e+00,0.000000000000000000e+00
1.477592733497429256e-14,1.477592733497429300e+01,0.000000000000000000e+00,0.000000000000000000e+00,0.000000000000000000e+00,0.000000000000000000e+00
1.482359157298218655e-14,1.482359157298218655e+01,0.000000000000000000e+00,0.000000000000000000e+00,0.000000000000000000e+00,0.000000000000000000e+00
1.487125581099008054e-14,1.487125581099008009e+01,0.000000000000000000e+00,0.000000000000000000e+00,0.000000000000000000e+00,0.000000000000000000e+00
1.491892004899797453e-14,1.491892004899797541e+01,0.000000000000000000e+00,0.000000000000000000e+00,0.000000000000000000e+00,0.000000000000000000e+00
1.496658428700586851e-14,1.496658428700586896e+01,0.000000000000000000e+00,0.000000000000000000e+00,0.000000000000000000e+00,0.000000000000000000e+00
1.501424852501376250e-14,1.501424852501376250e+01,0.000000000000000000e+00,0.000000000000000000e+00,0.000000000000000000e+00,0.000000000000000000e+00
1.506191276302165649e-14,1.506191276302165605e+01,0.000000000000000000e+00,0.000000000000000000e+00,0.000000000000000000e+00,0.000000000000000000e+00
1.510957700102955048e-14,1.510957700102954959e+01,0.000000000000000000e+00,0.000000000000000000e+00,0.000000000000000000e+00,0.000000000000000000e+00
1.515724123903744447e-14,1.515724123903744491e+01,0.000000000000000000e+00,0.000000000000000000e+00,0.000000000000000000e+00,0.000000000000000000e+00
1.520490547704533846e-14,1.520490547704533846e+01,0.000000000000000000e+00,0.000000000000000000e+00,0.000000000000000000e+00,0.000000000000000000e+00
1.525256971505323245e-14,1.525256971505323200e+01,0.000000000000000000e+00,0.000000000000000000e+00,0.000000000000000000e+00,0.000000000000000000e+00
1.530023395306112644e-14,1.530023395306112732e+01,0.000000000000000000e+00,0.000000000000000000e+00,0.000000000000000000e+00,0.000000000000000000e+00
1.534789819106902042e-14,1.534789819106902087e+01,0.000000000000000000e+00,0.000000000000000000e+00,0.000000000000000000e+00,0.000000000000000000e+00
1.539556242907691441e-14,1.539556242907691441e+01,0.000000000000000000e+00,0.000000000000000000e+00,0.000000000000000000e+00,0.000000000000000000e+00
1.544322666708480840e-14,1.544322666708480796e+01,0.000000000000000000e+00,0.000000000000000000e+00,0.000000000000000000e+00,0.000000000000000000e+00
1.549089090509270239e-14,1.549089090509270150e+01,0.000000000000000000e+00,0.000000000000000000e+00,0.000000000000000000e+00,0.000000000000000000e+00
1.553855514310059638e-14,1.553855514310059682e+01,0.000000000000000000e+00,0.000000000000000000e+00,0.000000000000000000e+00,0.000000000000000000e+00
1.558621938110849037e-14,1.558621938110849037e+01,0.000000000000000000e+00,0.000000000000000000e+00,0.000000000000000000e+00,0.000000000000000000e+00
1.563388361911638436e-14,1.563388361911638391e+01,0.000000000000000000e+00,0.000000000000000000e+00,0.000000000000000000e+00,0.000000000000000000e+00
1.568154785712427834e-14,1.568154785712427923e+01,0.000000000000000000e+00,0.000000000000000000e+00,0.000000000000000000e+00,0.000000000000000000e+00
1.572921209513217233e-14,1.572921209513217278e+01,0.000000000000000000e+00,0.000000000000000000e+00,0.000000000000000000e+00,0.000000000000000000e+00
1.577687633314006632e-14,1.577687633314006632e+01,0.000000000000000000e+00,0.000000000000000000e+00,0.000000000000000000e+00,0.000000000000000000e+00
1.582454057114796031e-14,1.582454057114795987e+01,0.000000000000000000e+00,0.000000000000000000e+00,0.000000000000000000e+00,0.000000000000000000e+00
1.587220480915585430e-14,1.587220480915585341e+01,0.000000000000000000e+00,0.000000000000000000e+00,0.000000000000000000e+00,0.000000000000000000e+00
1.591986904716374829e-14,1.591986904716374873e+01,0.000000000000000000e+00,0.000000000000000000e+00,0.000000000000000000e+00,0.000000000000000000e+00
1.596753328517164228e-14,1.596753328517164228e+01,0.000000000000000000e+00,0.000000000000000000e+00,0.000000000000000000e+00,0.000000000000000000e+00
1.601519752317953627e-14,1.601519752317953760e+01,0.000000000000000000e+00,0.000000000000000000e+00,0.000000000000000000e+00,0.000000000000000000e+00
1.606286176118743025e-14,1.606286176118743114e+01,0.000000000000000000e+00,0.000000000000000000e+00,0.000000000000000000e+00,0.000000000000000000e+00
1.611052599919532424e-14,1.611052599919532469e+01,0.000000000000000000e+00,0.000000000000000000e+00,0.000000000000000000e+00,0.000000000000000000e+00
1.615819023720321823e-14,1.615819023720321823e+01,0.000000000000000000e+00,0.000000000000000000e+00,0.000000000000000000e+00,0.000000000000000000e+00
1.620585447521111222e-14,1.620585447521111178e+01,0.000000000000000000e+00,0.000000000000000000e+00,0.000000000000000000e+00,0.000000000000000000e+00
1.625351871321900621e-14,1.625351871321900532e+01,0.000000000000000000e+00,0.000000000000000000e+00,0.000000000000000000e+00,0.000000000000000000e+00
1.630118295122690020e-14,1.630118295122689887e+01,0.000000000000000000e+00,0.000000000000000000e+00,0.000000000000000000e+00,0.000000000000000000e+00
1.634884718923479419e-14,1.634884718923479596e+01,0.000000000000000000e+00,0.000000000000000000e+00,0.000000000000000000e+00,0.000000000000000000e+00
1.639651142724268817e-14,1.639651142724268951e+01,0.000000000000000000e+00,0.000000000000000000e+00,0.000000000000000000e+00,0.000000000000000000e+00
1.644417566525058216e-14,1.644417566525058305e+01,0.000000000000000000e+00,0.000000000000000000e+00,0.000000000000000000e+00,0.000000000000000000e+00
1.649183990325847615e-14,1.649183990325847660e+01,0.000000000000000000e+00,0.000000000000000000e+00,0.000000000000000000e+00,0.000000000000000000e+00
1.653950414126637014e-14,1.653950414126637014e+01,0.000000000000000000e+00,0.000000000000000000e+00,0.000000000000000000e+00,0.000000000000000000e+00
1.658716837927426413e-14,1.658716837927426369e+01,0.000000000000000000e+00,0.000000000000000000e+00,0.000000000000000000e+00,0.000000000000000000e+00
1.663483261728215812e-14,1.663483261728215723e+01,0.000000000000000000e+00,0.000000000000000000e+00,0.000000000000000000e+00,0.000000000000000000e+00
1.668249685529005211e-14,1.668249685529005077e+01,0.000000000000000000e+00,0.000000000000000000e+00,0.000000000000000000e+00,0.000000000000000000e+00
1.673016109329794610e-14,1.673016109329794432e+01,0.000000000000000000e+00,0.000000000000000000e+00,0.000000000000000000e+00,0.000000000000000000e+00
1.677782533130584008e-14,1.677782533130584142e+01,0.000000000000000000e+00,0.000000000000000000e+00,0.000000000000000000e+00,0.000000000000000000e+00
1.682548956931373407e-14,1.682548956931373496e+01,0.000000000000000000e+00,0.000000000000000000e+00,0.000000000000000000e+00,0.000000000000000000e+00
1.687315380732162806e-14,1.687315380732162851e+01,0.000000000000000000e+00,0.000000000000000000e+00,0.000000000000000000e+00,0.000000000000000000e+00
1.692081804532952205e-14,1.692081804532952205e+01,0.000000000000000000e+00,0.000000000000000000e+00,0.000000000000000000e+00,0.000000000000000000e+00
1.696848228333741604e-14,1.696848228333741559e+01,0.000000000000000000e+00,0.000000000000000000e+00,0.000000000000000000e+00,0.000000000000000000e+00
1.701614652134531003e-14,1.701614652134530914e+01,0.000000000000000000e+00,0.000000000000000000e+00,0.000000000000000000e+00,0.000000000000000000e+00
1.706381075935320402e-14,1.706381075935320268e+01,0.000000000000000000e+00,0.000000000000000000e+00,0.000000000000000000e+00,0.000000000000000000e+00
1.711147499736109800e-14,1.711147499736109978e+01,0.000000000000000000e+00,0.000000000000000000e+00,0.000000000000000000e+00,0.000000000000000000e+00
1.715913923536899199e-14,1.715913923536899333e+01,0.000000000000000000e+00,0.000000000000000000e+00,0.000000000000000000e+00,0.000000000000000000e+00
1.720680347337688598e-14,1.720680347337688687e+01,0.000000000000000000e+00,0.000000000000000000e+00,0.000000000000000000e+00,0.000000000000000000e+00
1.725446771138477997e-14,1.725446771138478042e+01,0.000000000000000000e+00,0.000000000000000000e+00,0.000000000000000000e+00,0.000000000000000000e+00
1.730213194939267396e-14,1.730213194939267396e+01,0.000000000000000000e+00,0.000000000000000000e+00,0.000000000000000000e+00,0.000000000000000000e+00
1.734979618740056795e-14,1.734979618740056750e+01,0.000000000000000000e+00,0.000000000000000000e+00,0.000000000000000000e+00,0.000000000000000000e+00
1.739746042540846194e-14,1.739746042540846105e+01,0.000000000000000000e+00,0.000000000000000000e+00,0.000000000000000000e+00,0.000000000000000000e+00
1.744512466341635593e-14,1.744512466341635459e+01,0.000000000000000000e+00,0.000000000000000000e+00,0.000000000000000000e+00,0.000000000000000000e+00
1.749278890142424991e-14,1.749278890142424814e+01,0.000000000000000000e+00,0.000000000000000000e+00,0.000000000000000000e+00,0.000000000000000000e+00
1.754045313943214390e-14,1.754045313943214524e+01,0.000000000000000000e+00,0.000000000000000000e+00,0.000000000000000000e+00,0.000000000000000000e+00
1.758811737744003789e-14,1.758811737744003878e+01,0.000000000000000000e+00,0.000000000000000000e+00,0.000000000000000000e+00,0.000000000000000000e+00
1.763578161544793188e-14,1.763578161544793232e+01,0.000000000000000000e+00,0.000000000000000000e+00,0.000000000000000000e+00,0.000000000000000000e+00
1.768344585345582587e-14,1.768344585345582587e+01,0.000000000000000000e+00,0.000000000000000000e+00,0.000000000000000000e+00,0.000000000000000000e+00
1.773111009146371986e-14,1.773111009146371941e+01,0.000000000000000000e+00,0.000000000000000000e+00,0.000000000000000000e+00,0.000000000000000000e+00
1.777877432947161385e-14,1.777877432947161296e+01,0.000000000000000000e+00,0.000000000000000000e+00,0.000000000000000000e+00,0.000000000000000000e+00
1.782643856747950784e-14,1.782643856747950650e+01,0.000000000000000000e+00,0.000000000000000000e+00,0.000000000000000000e+00,0.000000000000000000e+00
1.787410280548740182e-14,1.787410280548740360e+01,0.000000000000000000e+00,0.000000000000000000e+00,0.000000000000000000e+00,0.000000000000000000e+00
1.792176704349529581e-14,1.792176704349529714e+01,0.000000000000000000e+00,0.000000000000000000e+00,0.000000000000000000e+00,0.000000000000000000e+00
1.796943128150318980e-14,1.796943128150319069e+01,0.000000000000000000e+00,0.000000000000000000e+00,0.000000000000000000e+00,0.000000000000000000e+00
1.801709551951108379e-14,1.801709551951108423e+01,0.000000000000000000e+00,0.000000000000000000e+00,0.000000000000000000e+00,0.000000000000000000e+00
1.806475975751897778e-14,1.806475975751897778e+01,0.000000000000000000e+00,0.000000000000000000e+00,0.000000000000000000e+00,0.000000000000000000e+00
1.811242399552687177e-14,1.811242399552687132e+01,0.000000000000000000e+00,0.000000000000000000e+00,0.000000000000000000e+00,0.000000000000000000e+00
1.816008823353476576e-14,1.816008823353476487e+01,0.000000000000000000e+00,0.000000000000000000e+00,0.000000000000000000e+00,0.000000000000000000e+00
1.820775247154265974e-14,1.820775247154265841e+01,0.000000000000000000e+00,0.000000000000000000e+00,0.000000000000000000e+00,0.000000000000000000e+00
1.825541670955055373e-14,1.825541670955055196e+01,0.000000000000000000e+00,0.000000000000000000e+00,0.000000000000000000e+00,0.000000000000000000e+00
1.830308094755844772e-14,1.830308094755844905e+01,0.000000000000000000e+00,0.000000000000000000e+00,0.000000000000000000e+00,0.000000000000000000e+00
1.835074518556634171e-14,1.835074518556634260e+01,0.000000000000000000e+00,0.000000000000000000e+00,0.000000000000000000e+00,0.000000000000000000e+00
1.839840942357423570e-14,1.839840942357423614e+01,0.000000000000000000e+00,0.000000000000000000e+00,0.000000000000000000e+00,0.000000000000000000e+00
1.844607366158212969e-14,1.844607366158212969e+01,0.000000000000000000e+00,0.000000000000000000e+00,0.000000000000000000e+00,0.000000000000000000e+00
1.849373789959002368e-14,1.849373789959002323e+01,0.000000000000000000e+00,0.000000000000000000e+00,0.000000000000000000e+00,0.000000000000000000e+00
1.854140213759791767e-14,1.854140213759791678e+01,0.000000000000000000e+00,0.000000000000000000e+00,0.000000000000000000e+00,0.000000000000000000e+00
1.858906637560581165e-14,1.858906637560581032e+01,0.000000000000000000e+00,0.000000000000000000e+00,0.000000000000000000e+00,0.000000000000000000e+00
1.863673061361370564e-14,1.863673061361370742e+01,0.000000000000000000e+00,0.000000000000000000e+00,0.000000000000000000e+00,0.000000000000000000e+00
1.868439485162159963e-14,1.868439485162160096e+01,2.468016878450611009e-33,1.937995178773036198e-12,1.176364739508073556e-49,2.586355354915336186e-14
1.873205908962949362e-14,1.873205908962949451e+01,1.912952339817363946e-32,1.502134140231666379e-11,1.029433188377388122e-48,2.263311666754657074e-13
1.877972332763738761e-14,1.877972332763738805e+01,4.745875064326257537e-32,3.726669405720401988e-11,3.291524721271960216e-48,7.236745800675638979e-13
1.882738756564528160e-14,1.882738756564528160e+01,9.956660495391431427e-32,7.818406837177830798e-11,8.037304392513320318e-48,1.767081633486746774e-12
1.887505180365317559e-14,1.887505180365317514e+01,1.893201830671641724e-31,1.486625173564164669e-10,1.706113197578493812e-47,3.751060242161040885e-12
1.892271604166106957e-14,1.892271604166106869e+01,3.452640143040297574e-31,2.711164583060303574e-10,3.351792430142135923e-47,7.369250377130421986e-12
1.897038027966896356e-14,1.897038027966896223e+01,6.077290747423535891e-31,4.772155438378815898e-10,6.248494883609890416e-47,1.373793999397123701e-11
1.901804451767685755e-14,1.901804451767685578e+01,1.046062078446466417e-30,8.214138575904890394e-10,1.123448406044840084e-46,2.470013511421836858e-11
1.906570875568475154e-14,1.906570875568475287e+01,1.757600469903157203e-30,1.380145033294878780e-09,1.961197627693151987e-46,4.311888835220078037e-11
1.911337299369264553e-14,1.911337299369264642e+01,2.896282287318709429e-30,2.274287975175095718e-09,3.341692383710559639e-46,7.347044416431426244e-11
1.916103723170053952e-14,1.916103723170053996e+01,4.673922020677396595e-30,3.670168717695496774e-09,5.569487950403335856e-46,1.224507544376566707e-10
1.920870146970843351e-14,1.920870146970843351e+01,7.398046107352077084e-30,5.809270517383889091e-09,9.095720148380623835e-46,1.999784907052978608e-10
1.925636570771632750e-14,1.925636570771632705e+01,1.146468480074495190e-29,9.002573711710072716e-09,1.456029013042922671e-45,3.201225188346279731e-10
1.930402994572422148e-14,1.930402994572422060e+01,1.739164242199775803e-29,1.365668098102139999e-08,2.284990722584179868e-45,5.023780289231371827e-10
1.935169418373211547e-14,1.935169418373211414e+01,2.579412719918961693e-29,2.025468082862962350e-08,3.514451590070707925e-45,7.726872783836709139e-10
1.939935842174000946e-14,1.939935842174001124e+01,3.735704044562939407e-29,2.933438782732695811e-08,5.295051452912966920e-45,1.164169939802900091e-09
1.944702265974790345e-14,1.944702265974790478e+01,5.275695683688201825e-29,4.142707810847759317e-08,7.809678655366248316e-45,1.717035842040033539e-09
1.949468689775579744e-14,1.949468689775579833e+01,7.250365498289910029e-29,5.693305221173913327e-08,1.126551981885479582e-44,2.476837032839335611e-09
1.954235113576369143e-14,1.954235113576369187e+01,9.674311435493411644e-29,7.596693962524808860e-08,1.587671958458683925e-44,3.490655350079331777e-09
1.959001537377158542e-14,1.959001537377158542e+01,1.249683940804378890e-28,9.813066812530877747e-08,2.183325957557209349e-44,4.800260150788876538e-09
1.963767961177947940e-14,1.963767961177947896e+01,1.556922368895749085e-28,1.222563780251812053e-07,2.925423223144038921e-44,6.431835097111341041e-09
1.968534384978737339e-14,1.968534384978737251e+01,1.861692717763387037e-28,1.461882835115511814e-07,3.812787360763176972e-44,8.382793768357143826e-09
1.973300808779526738e-14,1.973300808779526605e+01,2.122727484635799823e-28,1.666858791361186701e-07,4.824572080030522165e-44,1.060730351334737917e-08
1.978067232580316137e-14,1.978067232580315959e+01,2.287380531888811681e-28,1.796151590990235564e-07,5.914837639818940630e-44,1.300436122354168382e-08
1.982833656381105536e-14,1.982833656381105669e+01,2.300193984550063009e-28,1.806213276425924744e-07,7.011210651316325561e-44,1.541484677622553568e-08
1.987600080181894935e-14,1.987600080181895024e+01,2.120419257597451720e-28,1.665046270178332907e-07,8.021895168667549674e-44,1.763693761743390774e-08
1.992366503982684334e-14,1.992366503982684378e+01,1.751891118291495850e-28,1.375661799815427751e-07,8.856923063739833305e-44,1.947282983299538801e-08
1.997132927783473733e-14,1.997132927783473733e+01,1.319022715109666445e-28,1.035754530244315022e-07,9.485626953981994132e-44,2.085509811983973208e-08
2.001899351584263131e-14,2.001899351584263087e+01,1.024982323815317405e-28,8.048611090247936551e-08,9.974178339056938529e-44,2.192922712804876676e-08
2.006665775385052530e-14,2.006665775385052441e+01,1.041802192243380281e-28,8.180688079695620131e-08,1.047074680874532435e-43,2.302098249738917399e-08
2.011432199185841929e-14,2.011432199185841796e+01,2.069704225854388736e-28,1.625222601277381217e-07,1.145725832483934938e-43,2.518992658134938238e-08
2.016198622986631328e-14,2.016198622986631506e+01,4.911577803584271200e-28,3.856786469584696689e-07,1.379833102735436640e-43,3.033700870396368082e-08
2.020965046787420727e-14,2.020965046787420860e+01,1.044436431073064532e-27,8.201373279202317103e-07,1.877657165812075785e-43,4.128216787187955594e-08
2.025731470588210126e-14,2.025731470588210215e+01,1.949296867216497308e-27,1.530673458373819441e-06,2.806777270884698863e-43,6.170980122749141798e-08
2.030497894388999525e-14,2.030497894388999569e+01,3.259273200487885249e-27,2.559324372536331205e-06,4.360289365131222455e-43,9.586531600057476475e-08
2.035264318189788924e-14,2.035264318189788924e+01,4.968420470334893834e-27,3.901421826446788503e-06,6.728455767632204958e-43,1.479318192774435865e-07
2.040030741990578322e-14,2.040030741990578278e+01,6.980001526766885472e-27,5.481003563960576045e-06,1.005542964268765333e-42,2.210786623306565779e-07
2.044797165791367721e-14,2.044797165791367632e+01,9.083776464450705213e-27,7.132979983592819787e-06,1.438515462457738506e-42,3.162719898432104211e-07
2.049563589592157120e-14,2.049563589592156987e+01,1.095764544095324306e-26,8.604424151508770538e-06,1.960804748131549683e-42,4.311025050269832107e-07
2.054330013392946519e-14,2.054330013392946341e+01,1.220575512662107982e-26,9.584494658531683627e-06,2.542584397833174759e-42,5.590125708298556811e-07
2.059096437193735918e-14,2.059096437193736051e+01,1.244525530041332117e-26,9.772560707097792618e-06,3.135779672849814393e-42,6.894324758578941115e-07
2.063862860994525317e-14,2.063862860994525406e+01,1.144052075958583287e-26,8.983599045987589255e-06,3.681084907214167252e-42,8.093232772050494970e-07
2.068629284795314716e-14,2.068629284795314760e+01,9.271052351498964518e-27,7.280037229987268588e-06,4.122983792901023848e-42,9.064791601504409113e-07
2.073395708596104114e-14,2.073395708596104114e+01,6.590415943524480100e-27,5.175083864368711460e-06,4.437111828343030386e-42,9.755433457136883852e-07
2.078162132396893513e-14,2.078162132396893469e+01,4.901390019364451600e-27,3.848786574254651246e-06,4.670733504260288877e-42,1.026907404176165735e-06
2.082928556197682912e-14,2.082928556197682823e+01,4.071648169585909694e-27,3.197236854908105006e-06,4.864806056202899678e-42,1.069576192784089641e-06
2.087694979998472311e-14,2.087694979998472178e+01,6.569929441520044195e-27,5.158996963804462939e-06,5.177957615397749387e-42,1.138425690293032100e-06
2.092461403799261710e-14,2.092461403799261888e+01,1.444077217517917888e-26,1.133952814408076379e-05,5.866267948543229247e-42,1.289757590696542320e-06
2.097227827600051109e-14,2.097227827600051242e+01,2.843409381675084900e-26,2.232769848974356833e-05,7.221561166265832588e-42,1.587732338953881973e-06
2.101994251400840508e-14,2.101994251400840596e+01,4.789890077089701417e-26,3.761231925642363700e-05,9.504632178464622187e-42,2.089688300378020634e-06
2.106760675201629907e-14,2.106760675201629951e+01,7.045081318852454538e-26,5.532107073178293993e-05,1.286262592754623340e-41,2.827976759988029567e-06
2.111527099002419305e-14,2.111527099002419305e+01,9.203556981039947205e-26,7.227036902606529120e-05,1.724944354013308659e-41,3.792462420115472776e-06
2.116293522803208704e-14,2.116293522803208660e+01,1.076363604059621933e-25,8.452079454917959405e-05,2.237986303507783078e-41,4.920436379897808629e-06
2.121059946603998103e-14,2.121059946603998014e+01,1.125599124863826977e-25,8.838698374650919747e-05,2.774496054665649568e-41,6.100006645198095919e-06
2.125826370404787502e-14,2.125826370404787369e+01,1.041601831973475844e-25,8.179114762914511808e-05,3.270969023890170867e-41,7.191552047231752562e-06
2.130592794205576901e-14,2.130592794205576723e+01,8.351809686828430069e-26,6.558207542431659627e-05,3.669052785490488449e-41,8.066778950879313880e-06
2.135359218006366300e-14,2.135359218006366433e+01,5.669863184268575678e-26,4.452225433042201628e-05,3.939303252010626336e-41,8.660951589499047462e-06
2.140125641807155699e-14,2.140125641807155787e+01,3.930032922993962956e-26,3.086034347529693694e-05,4.126625802195870955e-41,9.072798922640468598e-06
2.144892065607945097e-14,2.144892065607945142e+01,2.902872853894029684e-26,2.279463177322161706e-05,4.264989413012823351e-41,9.377005138402676890e-06
2.149658489408734496e-14,2.149658489408734496e+01,3.725757391586981949e-26,2.925628234239026053e-05,4.442575298332051518e-41,9.767445441505297348e-06
2.154424913209523895e-14,2.154424913209523851e+01,7.745581174522562167e-26,6.082170306081360016e-05,4.811763558763481407e-41,1.057914270024666400e-05
2.159191337010313294e-14,2.159191337010313205e+01,1.448796423809007040e-25,1.137658542322509406e-04,5.502323271938642083e-41,1.209740719090646547e-05
2.163957760811102693e-14,2.163957760811102560e+01,2.253453898878520284e-25,1.769510909648046521e-04,6.576417915250755721e-41,1.445891152635420319e-05
2.168724184611892092e-14,2.168724184611892269e+01,2.976336943177175478e-25,2.337150404701687821e-04,7.995070220030339550e-41,1.757796028903983293e-05
2.173490608412681491e-14,2.173490608412681624e+01,3.394438399844002248e-25,2.665462019720697033e-04,9.613007957358743611e-41,2.113515797639044293e-05
2.178257032213470890e-14,2.178257032213470978e+01,3.351889954325742568e-25,2.632051112769995217e-04,1.121066524544646709e-40,2.464776707082244858e-05
2.183023456014260288e-14,2.183023456014260333e+01,2.832151165592174874e-25,2.223929403562183702e-04,1.256059230520421364e-40,2.761571651923041163e-05
2.187789879815049687e-14,2.187789879815049687e+01,1.992799834430074412e-25,1.564833897655402224e-04,1.351044782628669429e-40,2.970406873758650034e-05
2.192556303615839086e-14,2.192556303615839042e+01,1.206783512329482999e-25,9.476193818356541817e-05,1.408565360567963430e-40,3.096871608525631668e-05
2.197322727416628485e-14,2.197322727416628396e+01,8.640455124643962696e-26,6.784864609385154739e-05,1.449749547072854708e-40,3.187419155325870151e-05
2.202089151217417884e-14,2.202089151217417751e+01,6.803791570955888572e-26,5.342635772477761537e-05,1.482179392139633203e-40,3.258719408241144945e-05
2.206855575018207283e-14,2.206855575018207105e+01,1.192287207119915381e-25,9.362362467155242165e-05,1.539009012798586713e-40,3.383665004426352000e-05
2.211621998818996682e-14,2.211621998818996815e+01,2.252736775011867808e-25,1.768947792512061553e-04,1.646384295871235329e-40,3.619740287060738414e-05
2.216388422619786081e-14,2.216388422619786169e+01,3.449140233683323140e-25,2.708416300615729198e-04,1.810785398146958375e-40,3.981192527972522352e-05
2.221154846420575479e-14,2.221154846420575524e+01,4.305100907945335565e-25,3.380554191739269885e-04,2.015985328194050660e-40,4.432345066025884166e-05
2.225921270221364878e-14,2.225921270221364878e+01,4.462788286442226667e-25,3.504377242524961303e-04,2.228701328068253204e-40,4.900022434170118638e-05
2.230687694022154277e-14,2.230687694022154233e+01,3.834665432750015346e-25,3.011147608335072029e-04,2.411478246746763602e-40,5.301875742504379298e-05
2.235454117822943676e-14,2.235454117822943587e+01,2.662653306748960817e-25,2.090832245224789681e-04,2.538391943769793743e-40,5.580908179369904547e-05
2.240220541623733075e-14,2.240220541623732942e+01,1.501130812116049812e-25,1.178753801074044875e-04,2.609942400826271706e-40,5.738219004439387114e-05
2.244986965424522474e-14,2.244986965424522651e+01,1.038566073343055797e-25,8.155276653697989442e-05,2.659445000220855834e-40,5.847055412677831099e-05
2.249753389225311873e-14,2.249753389225312006e+01,7.305648238822776777e-26,5.736715655501783880e-05,2.694266913565288368e-40,5.923614866580225716e-05
2.254519813026101271e-14,2.254519813026101360e+01,1.181752216249721650e-25,9.279637094840646977e-05,2.750594390503145666e-40,6.047456449649111338e-05
2.259286236826890670e-14,2.259286236826890715e+01,2.118736917346500638e-25,1.663725222772269178e-04,2.851582654547156203e-40,6.269489233123270143e-05
2.264052660627680069e-14,2.264052660627680069e+01,2.955543309272648251e-25,2.320822330688902422e-04,2.992456769528899836e-40,6.579215042997810844e-05
2.268819084428469468e-14,2.268819084428469424e+01,3.225054432793979474e-25,2.532454294218238161e-04,3.146176962889764215e-40,6.917184239034533753e-05
2.273585508229258867e-14,2.273585508229258778e+01,2.781370216970835292e-25,2.184053973835195571e-04,3.278749226853229178e-40,7.208657600399088344e-05
2.278351932030048266e-14,2.278351932030048133e+01,1.859819332965672518e-25,1.460411771146031689e-04,3.367396346905735707e-40,7.403557146386414989e-05
2.283118355830837665e-14,2.283118355830837487e+01,1.101683573926887596e-25,8.650902971717588528e-05,3.419907402311338641e-40,7.519007945598000695e-05
2.287884779631627064e-14,2.287884779631627197e+01,8.230084135069752520e-26,6.462623296431728524e-05,3.459135581276462828e-40,7.605255014489621472e-05
2.292651203432416462e-14,2.292651203432416551e+01,6.781666487754768007e-26,5.325262186037525079e-05,3.491459968524197525e-40,7.676323407858413580e-05
2.297417627233205861e-14,2.297417627233205906e+01,1.123435427312225470e-25,8.821708071788975526e-05,3.545007812355555686e-40,7.794053689960644125e-05
2.302184051033995260e-14,2.302184051033995260e+01,1.732697109798668163e-25,1.360589821886419050e-04,3.627595731506834205e-40,7.975631477677697751e-05
2.306950474834784659e-14,2.306950474834784615e+01,2.003221919583208386e-25,1.573017776362186466e-04,3.723078045756109151e-40,8.185558880688425295e-05
2.311716898635574058e-14,2.311716898635573969e+01,1.769638603173553060e-25,1.389597903914670067e-04,3.807426757980175160e-40,8.371007947813774485e-05
2.316483322436363457e-14,2.316483322436363324e+01,1.213396755165080334e-25,9.528123903775928387e-05,3.865262551984381124e-40,8.498165716577831593e-05
2.321249746237152856e-14,2.321249746237153033e+01,8.761251299648676741e-26,6.879719067965812409e-05,3.907022505868270907e-40,8.589979145458555656e-05
2.326016170037942254e-14,2.326016170037942388e+01,7.505069194174737542e-26,5.893309742597751605e-05,3.942794946667533391e-40,8.668628428892751229e-05
2.330782593838731653e-14,2.330782593838731742e+01,8.012309221422176948e-26,6.291616875692956500e-05,3.980985115188720610e-40,8.752593328164720847e-05
2.335549017639521052e-14,2.335549017639521097e+01,1.198310036871761365e-25,9.409656369897820348e-05,4.038101810243882591e-40,8.878170086078051974e-05
2.340315441440310451e-14,2.340315441440310451e+01,1.532185677504755790e-25,1.203139444432586505e-04,4.111132477948530403e-40,9.038735302075553209e-05
2.345081865241099850e-14,2.345081865241099806e+01,1.495151862752056746e-25,1.174058867606320378e-04,4.182397952139919090e-40,9.195419563856942560e-05
2.349848289041889249e-14,2.349848289041889160e+01,1.061319903337540797e-25,8.333949713890416292e-05,4.232985098545829449e-40,9.306640457005716286e-05
2.354614712842678648e-14,2.354614712842678514e+01,6.753361788696888781e-26,5.303036093991821798e-05,4.265174573223781035e-40,9.377412231617089124e-05
2.359381136643468047e-14,2.359381136643467869e+01,5.874055515501959156e-26,4.612566213904751298e-05,4.293172889793995373e-40,9.438969326587709908e-05
2.364147560444257445e-14,2.364147560444257579e+01,5.765400402866662246e-26,4.527245450390183644e-05,4.320653308596219921e-40,9.499387771596672385e-05
2.368913984245046844e-14,2.368913984245046933e+01,9.261817440378429947e-26,7.272785572438140653e-05,4.364799179541242920e-40,9.596446877400716547e-05
2.373680408045836243e-14,2.373680408045836288e+01,1.286713364436804731e-25,1.010383809978981109e-04,4.426129563664365526e-40,9.731287851520855703e-05
2.378446831846625642e-14,2.378446831846625642e+01,1.340042950079590385e-25,1.052260541359588842e-04,4.490001868982214074e-40,9.871717493231033341e-05
2.383213255647415041e-14,2.383213255647414996e+01,9.946963474383091429e-26,7.810792310661941263e-05,4.537413445453218416e-40,9.975956578756529534e-05
2.387979679448204440e-14,2.387979679448204351e+01,6.358427820961722279e-26,4.992916608145779307e-05,4.567720492186149669e-40,1.004258964754620084e-04
2.392746103248993839e-14,2.392746103248993705e+01,5.600683164368603962e-26,4.397902244978051952e-05,4.594415796619626085e-40,1.010128194021172991e-04
2.397512527049783237e-14,2.397512527049783415e+01,5.565122177577855835e-26,4.369978197312645880e-05,4.620941601843725041e-40,1.015960157193877269e-04
2.402278950850572636e-14,2.402278950850572770e+01,8.914549776543660879e-26,7.000095760576698805e-05,4.663432243286578164e-40,1.025302149038640278e-04
2.407045374651362035e-14,2.407045374651362124e+01,1.257388692880378025e-25,9.873567907589441621e-05,4.723364885363532426e-40,1.038478938903557075e-04
2.411811798452151434e-14,2.411811798452151479e+01,1.320434579685157729e-25,1.036863188278331629e-04,4.786302570025719411e-40,1.052316417390041636e-04
2.416578222252940833e-14,2.416578222252940833e+01,1.002401546330055376e-25,7.871296914313866654e-05,4.834081409961016276e-40,1.062821072482812701e-04
2.421344646053730232e-14,2.421344646053730187e+01,6.485039996249694674e-26,5.092338045423833794e-05,4.864991945672899106e-40,1.069617062440413925e-04
2.426111069854519631e-14,2.426111069854519542e+01,5.201566384943019486e-26,4.084498231801371925e-05,4.889784885052223218e-40,1.075068037752256413e-04
2.430877493655309030e-14,2.430877493655308896e+01,4.267043238019321156e-26,3.350669638892023752e-05,4.910123478564248407e-40,1.079539680642816921e-04
2.435643917456098428e-14,2.435643917456098251e+01,5.820684761180682280e-26,4.570657155070822960e-05,4.937867406787070896e-40,1.085639460321311022e-04
2.440410341256887827e-14,2.440410341256887961e+01,7.587694362128069877e-26,5.958190651045750332e-05,4.974033675258359747e-40,1.093590975611299996e-04
2.445176765057677226e-14,2.445176765057677315e+01,6.839793210517912498e-26,5.370905840040236302e-05,5.006635119878265148e-40,1.100758728778224096e-04
2.449943188858466625e-14,2.449943188858466669e+01,4.607015171075960272e-26,3.617630522723395048e-05,5.028594168250068830e-40,1.105586644852026956e-04
2.454709612659256024e-14,2.454709612659256024e+01,3.856140999929251205e-26,3.028011166286468273e-05,5.046974222059651967e-40,1.109627683230474631e-04
2.459476036460045423e-14,2.459476036460045378e+01,3.437295302302154987e-26,2.699115140599346867e-05,5.063357874165968099e-40,1.113229792757827540e-04
2.464242460260834822e-14,2.464242460260834733e+01,4.201418947019874931e-26,3.299138565228068197e-05,5.083383673617866427e-40,1.117632664750619264e-04
2.469008884061624221e-14,2.469008884061624087e+01,5.875048370906889664e-26,4.613345847546958484e-05,5.111386722570991747e-40,1.123789414709323154e-04
2.473775307862413619e-14,2.473775307862413797e+01,5.925396185587456335e-26,4.652881161492603565e-05,5.139629751219632008e-40,1.129998926600591183e-04
2.478541731663203018e-14,2.478541731663203151e+01,4.397469370894762482e-26,3.453085963069393546e-05,5.160590012699832298e-40,1.134607249402107000e-04
2.483308155463992417e-14,2.483308155463992506e+01,4.232509311149315855e-26,3.323552083755939728e-05,5.180764002419066043e-40,1.139042702505042252e-04
2.488074579264781816e-14,2.488074579264781860e+01,4.785502654601991742e-26,3.757786728932947470e-05,5.203573800167410877e-40,1.144057664325101359e-04
2.492841003065571215e-14,2.492841003065571215e+01,7.073575221268070366e-26,5.554481736004976232e-05,5.237289552053928378e-40,1.151470409072377350e-04
2.497607426866360614e-14,2.497607426866360569e+01,1.018948951522955845e-25,8.001234402849914857e-05,5.285857113661644143e-40,1.162148472501227164e-04
2.502373850667150013e-14,2.502373850667149924e+01,1.132641187557121797e-25,8.893995741809894028e-05,5.339843744271448285e-40,1.174017972366540359e-04
2.507140274467939411e-14,2.507140274467939278e+01,9.569365957635321069e-26,7.514286167060016711e-05,5.385455525901880643e-40,1.184046178050130398e-04
2.511906698268728810e-14,2.511906698268728633e+01,6.743950308319052787e-26,5.295645786511909558e-05,5.417600141349898577e-40,1.191113492761589852e-04
2.516673122069518209e-14,2.516673122069518342e+01,6.126374524929646394e-26,4.810698174854155539e-05,5.446801120626313109e-40,1.197533619664739688e-04
2.521439545870307608e-14,2.521439545870307697e+01,5.811219662913194546e-26,4.563224744470568229e-05,5.474499934052899594e-40,1.203623480404752212e-04
2.526205969671097007e-14,2.526205969671097051e+01,7.627120151056818758e-26,5.989149510983209963e-05,5.510854123070145486e-40,1.211616311903397555e-04
2.530972393471886406e-14,2.530972393471886406e+01,9.227015115911374840e-26,7.245457259728387250e-05,5.554834110922094288e-40,1.221285751429234063e-04
2.535738817272675805e-14,2.535738817272675760e+01,8.740241098773763058e-26,6.863220936062355349e-05,5.596493921003504694e-40,1.230445076702267083e-04
2.540505241073465204e-14,2.540505241073465115e+01,7.530687452071789900e-26,5.913426323131114478e-05,5.632388469619535616e-40,1.238336851668606444e-04
2.545271664874254602e-14,2.545271664874254469e+01,7.067791268459086620e-26,5.549939922391003899e-05,5.666076652658372406e-40,1.245743535129409428e-04
2.550038088675044001e-14,2.550038088675044179e+01,6.228497499491164003e-26,4.890889616845601958e-05,5.695764394677039204e-40,1.252270681682393898e-04
2.554804512475833400e-14,2.554804512475833533e+01,7.080415508132951624e-26,5.559853029484090181e-05,5.729512750361148683e-40,1.259690594700161237e-04
2.559570936276622799e-14,2.559570936276622888e+01,7.466099465456819559e-26,5.862709001155160405e-05,5.765099444396796335e-40,1.267514684762680391e-04
2.564337360077412198e-14,2.564337360077412242e+01,7.792774161879826994e-26,6.119228311141558367e-05,5.802243212849222875e-40,1.275681113185113435e-04
2.569103783878201597e-14,2.569103783878201597e+01,9.481663730199792878e-26,7.445418528665091989e-05,5.847436967322579112e-40,1.285617411423683066e-04
2.573870207678990996e-14,2.573870207678990951e+01,1.293981978121317710e-25,1.016091444476923826e-04,5.909113805350382418e-40,1.299177680186427519e-04
2.578636631479780394e-14,2.578636631479780306e+01,1.893448226836211370e-25,1.486818654647366963e-04,5.999363825501480876e-40,1.319020048378848791e-04
2.583403055280569793e-14,2.583403055280569660e+01,2.659551111239179188e-25,2.088396265149425703e-04,6.126129658324528523e-40,1.346890782644421657e-04
2.588169479081359192e-14,2.588169479081359015e+01,3.215573310789354439e-25,2.525009301076271595e-04,6.279397939961668199e-40,1.380588344942714938e-04
2.592935902882148591e-14,2.592935902882148724e+01,3.353697924912895974e-25,2.633470810630192372e-04,6.439249844552598374e-40,1.415733382493317908e-04
2.597702326682937990e-14,2.597702326682938079e+01,3.186569113975673769e-25,2.502233932690466609e-04,6.591135659370840856e-40,1.449126995655772309e-04
2.602468750483727389e-14,2.602468750483727433e+01,3.097679774137304395e-25,2.432434121532276458e-04,6.738784619651457667e-40,1.481589094037703196e-04
2.607235174284516788e-14,2.607235174284516788e+01,3.214260843458292980e-25,2.523978694121309548e-04,6.891990343357835221e-40,1.515272902350197346e-04
2.612001598085306187e-14,2.612001598085306142e+01,3.389718546440451781e-25,2.661755783665156554e-04,7.053559148243498622e-40,1.550795417576048929e-04
2.616768021886095585e-14,2.616768021886095497e+01,3.623656973516973003e-25,2.845454504594757987e-04,7.226278481281204724e-40,1.588769487768452169e-04
2.621534445686884984e-14,2.621534445686884851e+01,3.623341922192950362e-25,2.845207112466951863e-04,7.398982797595486465e-40,1.626740256384249172e-04
2.626300869487674383e-14,2.626300869487674561e+01,3.297814771868006617e-25,2.589588906044669068e-04,7.556171066805777237e-40,1.661299667096603414e-04
2.631067293288463782e-14,2.631067293288463915e+01,2.788407595802505362e-25,2.189580032577362030e-04,7.689078763009938266e-40,1.690520751360896992e-04
2.635833717089253181e-14,2.635833717089253270e+01,2.362644820631785278e-25,1.855252413999693736e-04,7.801692744026042109e-40,1.715280059682322035e-04
2.640600140890042580e-14,2.640600140890042624e+01,2.217953432510344582e-25,1.741634385274797297e-04,7.907410100931399249e-40,1.738523076321362652e-04
2.645366564690831979e-14,2.645366564690831979e+01,2.323972886905588227e-25,1.824885514255373306e-04,8.018180808522540022e-40,1.762877122572860432e-04
2.650132988491621377e-14,2.650132988491621333e+01,2.958088864806183304e-25,2.322821212622962347e-04,8.159176255809512951e-40,1.793876379679277893e-04
2.654899412292410776e-14,2.654899412292410688e+01,4.272463760144079254e-25,3.354926070781099560e-04,8.362820556711329389e-40,1.838649612882072926e-04
2.659665836093200175e-14,2.659665836093200042e+01,6.290180629082174410e-25,4.939325917586808888e-04,8.662638064516799974e-40,1.904567486035455340e-04
2.664432259893989574e-14,2.664432259893989396e+01,8.834951246016531973e-25,6.937591500680455108e-04,9.083750464996468558e-40,1.997153252628331549e-04
2.669198683694778973e-14,2.669198683694779106e+01,1.161751214991618523e-24,9.122580454153604839e-04,9.637491882784001875e-40,2.118898833147184787e-04
2.673965107495568372e-14,2.673965107495568461e+01,1.441418774756250544e-24,1.131865288467658309e-03,1.032453508588911300e-39,2.269952142357401143e-04
2.678731531296357771e-14,2.678731531296357815e+01,1.700248475101856385e-24,1.335109729692046708e-03,1.113494783953601602e-39,2.448129479257422003e-04
2.683497955097147170e-14,2.683497955097147170e+01,1.897553237119851922e-24,1.490042088898555417e-03,1.203940466840849575e-39,2.646983345246494150e-04
2.688264378897936568e-14,2.688264378897936524e+01,2.017731265649615439e-24,1.584411151735493723e-03,1.300114359954713285e-39,2.858431253454039585e-04
2.693030802698725967e-14,2.693030802698725878e+01,2.028730944896790922e-24,1.593048582676589607e-03,1.396812545869216089e-39,3.071031871741151053e-04
2.697797226499515366e-14,2.697797226499515233e+01,1.904085991491213426e-24,1.495171894365588967e-03,1.487569608389295573e-39,3.270570336948253141e-04
2.702563650300304765e-14,2.702563650300304943e+01,1.666985760602759812e-24,1.308990386305456050e-03,1.567025437365076856e-39,3.445261911635100986e-04
2.707330074101094164e-14,2.707330074101094297e+01,1.412705519705176698e-24,1.109318380323822762e-03,1.634361158413017556e-39,3.593306218694367407e-04
2.712096497901883563e-14,2.712096497901883652e+01,1.281503653063015304e-24,1.006292915944438995e-03,1.695443224916570786e-39,3.727601241730184138e-04
2.716862921702672962e-14,2.716862921702673006e+01,1.227337209259306597e-24,9.637590468046259434e-04,1.753943481906923449e-39,3.856219898724436699e-04
2.721629345503462361e-14,2.721629345503462361e+01,1.392710755378605475e-24,1.093617613767507808e-03,1.820326165075183420e-39,4.002168856832168760e-04
2.726395769304251759e-14,2.726395769304251715e+01,1.830027138063385922e-24,1.437017632074363404e-03,1.907553258874968332e-39,4.193946333295052844e-04
2.731162193105041158e-14,2.731162193105041069e+01,2.539153532858731348e-24,1.993854802133281871e-03,2.028580416765701529e-39,4.460036626031792391e-04
2.735928616905830557e-14,2.735928616905830424e+01,3.463169582540806496e-24,2.719432761112626842e-03,2.193650219140613757e-39,4.822959070889925042e-04
2.740695040706619956e-14,2.740695040706619778e+01,4.507398173417248580e-24,3.539406883787980882e-03,2.408492521250795719e-39,5.295311326838509627e-04
2.745461464507409355e-14,2.745461464507409488e+01,5.531020928588412614e-24,4.343200399839409163e-03,2.672125158883213844e-39,5.874934007773498050e-04
2.750227888308198754e-14,2.750227888308198843e+01,6.363374102096974464e-24,4.996800645194582682e-03,2.975431387595276860e-39,6.541783040613993738e-04
2.754994312108988153e-14,2.754994312108988197e+01,6.905968409926090804e-24,5.422869511167115013e-03,3.304600033098779296e-39,7.265493179464486279e-04
2.759760735909777551e-14,2.759760735909777551e+01,7.061131827956727279e-24,5.544710637413422828e-03,3.641164445439474672e-39,8.005463650268720803e-04
2.764527159710566950e-14,2.764527159710566906e+01,6.851049491426414404e-24,5.379744765868525389e-03,3.967715415196144342e-39,8.723418567581305884e-04
2.769293583511356349e-14,2.769293583511356260e+01,6.343747637205528301e-24,4.981389083520070329e-03,4.270086160789713600e-39,9.388210847365804392e-04
2.774060007312145748e-14,2.774060007312145615e+01,5.709776415281041279e-24,4.483567053898527936e-03,4.542239066390104992e-39,9.986566188286416512e-04
2.778826431112935147e-14,2.778826431112935325e+01,5.194802888756880836e-24,4.079187237733691851e-03,4.789846082386878362e-39,1.053095493969158098e-03
2.783592854913724546e-14,2.783592854913724679e+01,5.047975363911714793e-24,3.963891820694344717e-03,5.030454656658021569e-39,1.105995691807878370e-03
2.788359278714513945e-14,2.788359278714514033e+01,5.114386013648198282e-24,4.016040377753358342e-03,5.274228652825584193e-39,1.159591839261323596e-03
2.793125702515303344e-14,2.793125702515303388e+01,5.716737718339164098e-24,4.489033374604198268e-03,5.546713364562720814e-39,1.219500324246058053e-03
2.797892126316092742e-14,2.797892126316092742e+01,6.836935980971105282e-24,5.368662217991007797e-03,5.872591622710516563e-39,1.291147913612217431e-03
2.802658550116882141e-14,2.802658550116882097e+01,8.293592097149765432e-24,6.512492535738565423e-03,6.267900479474684024e-39,1.378060513437762320e-03
2.807424973917671540e-14,2.807424973917671451e+01,9.933753825961842569e-24,7.800419514925739477e-03,6.741386614591841775e-39,1.482161168609603345e-03
2.812191397718460939e-14,2.812191397718460806e+01,1.142427337421892509e-23,8.970840885869777598e-03,7.285917427540292402e-39,1.601881705674881688e-03
2.816957821519250338e-14,2.816957821519250160e+01,1.251437580445577946e-23,9.826837160698362328e-03,7.882407287956348214e-39,1.733025958203642317e-03
2.821724245320039737e-14,2.821724245320039870e+01,1.305751521517040351e-23,1.025333406538216606e-02,8.504785547150413862e-39,1.869862033732614054e-03
2.826490669120829136e-14,2.826490669120829224e+01,1.294810809622530139e-23,1.016742279350619366e-02,9.121948984756267550e-39,2.005551578658735026e-03
2.831257092921618534e-14,2.831257092921618579e+01,1.235664069987412248e-23,9.702976633296125919e-03,9.710920500511367318e-39,2.135042848033470459e-03
2.836023516722407933e-14,2.836023516722407933e+01,1.133098347242839346e-23,8.897585560317968628e-03,1.025100470890144661e-38,2.253785754681541555e-03
2.840789940523197332e-14,2.840789940523197288e+01,1.013364250187488953e-23,7.957380876735389158e-03,1.073401841217359566e-38,2.359981140857245283e-03
2.845556364323986731e-14,2.845556364323986642e+01,9.150984504650947417e-24,7.185754686642915195e-03,1.117019433937447490e-38,2.455878774228413899e-03
2.850322788124776130e-14,2.850322788124775997e+01,8.610010517121155035e-24,6.760958167288259706e-03,1.158058508133299520e-38,2.546107277125903966e-03
2.855089211925565529e-14,2.855089211925565706e+01,8.538635171277663108e-24,6.704911112936352141e-03,1.198757376227428462e-38,2.635587802934813689e-03
2.859855635726354928e-14,2.859855635726355061e+01,8.761430001295612588e-24,6.879859392342532048e-03,1.240518181881491628e-38,2.727403104517323821e-03
2.864622059527144327e-14,2.864622059527144415e+01,9.260817608484868890e-24,7.272000460550849879e-03,1.284659287190610314e-38,2.824451732594923051e-03
2.869388483327933725e-14,2.869388483327933770e+01,9.801645656747195385e-24,7.696682381987147471e-03,1.331378215413615127e-38,2.927167961777380877e-03
2.874154907128723124e-14,2.874154907128723124e+01,1.020179929522507973e-23,8.010900582401350722e-03,1.380004450814303265e-38,3.034077596259059963e-03
2.878921330929512523e-14,2.878921330929512479e+01,1.033747706003585199e-23,8.117440718478155515e-03,1.429277385756847185e-38,3.142409064264752028e-03
2.883687754730301922e-14,2.883687754730301833e+01,1.020425817466665362e-23,8.012831402463628169e-03,1.477915341251911749e-38,3.249344466544319167e-03
2.888454178531091321e-14,2.888454178531091188e+01,9.948737449995610467e-24,7.812185314175953618e-03,1.525335373266220856e-38,3.353602142426165278e-03
2.893220602331880720e-14,2.893220602331880542e+01,9.701306493907608788e-24,7.617891667254549255e-03,1.571576041173476182e-38,3.455266868544021666e-03
2.897987026132670119e-14,2.897987026132670252e+01,9.781730074333985721e-24,7.681043792544644741e-03,1.618200043024128483e-38,3.557774392617246966e-03
2.902753449933459517e-14,2.902753449933459606e+01,1.088943987997537307e-23,8.550866151361054615e-03,1.670103874070202686e-38,3.671890148435269421e-03
2.907519873734248916e-14,2.907519873734248961e+01,1.237789103493896610e-23,9.719663329105447669e-03,1.729102314032722321e-38,3.801604110443790058e-03
2.912286297535038315e-14,2.912286297535038315e+01,1.397586211595710786e-23,1.097446035981946254e-02,1.795717382758507947e-38,3.948063991406421287e-03
2.917052721335827714e-14,2.917052721335827670e+01,1.650519314725447978e-23,1.296060210259905067e-02,1.874388348936784777e-38,4.121029966854338790e-03
2.921819145136617113e-14,2.921819145136617024e+01,1.978603883079789036e-23,1.553686613568665796e-02,1.968697259942694631e-38,4.328377525655164801e-03
2.926585568937406512e-14,2.926585568937406379e+01,2.357714025822178713e-23,1.851380537493510503e-02,2.081076217722027752e-38,4.575453886813291363e-03
2.931351992738195911e-14,2.931351992738196088e+01,2.741015228781826581e-23,2.152365465854310517e-02,2.211724986526958229e-38,4.862698251986146726e-03
2.936118416538985310e-14,2.936118416538985443e+01,3.053323367892652625e-23,2.397603524464480412e-02,2.357259726571355807e-38,5.182670911484120284e-03
2.940884840339774708e-14,2.940884840339774797e+01,3.231144922159590133e-23,2.537236813790929094e-02,2.511270219281410696e-38,5.521278359630152170e-03
2.945651264140564107e-14,2.945651264140564152e+01,3.260371272064942356e-23,2.560186626535023574e-02,2.666673767597906938e-38,5.862948579641413631e-03
2.950417687941353506e-14,2.950417687941353506e+01,3.175856501211908212e-23,2.493821918952021655e-02,2.818048972459089305e-38,6.195762084284408069e-03
2.955184111742142905e-14,2.955184111742142861e+01,3.026538069172416301e-23,2.376570532253178408e-02,2.962307008068164797e-38,6.512927781586013744e-03
2.959950535542932304e-14,2.959950535542932215e+01,2.946798746695228074e-23,2.313955716338129270e-02,3.102764318968529296e-38,6.821737206064409052e-03
2.964716959343721703e-14,2.964716959343721570e+01,3.020281140016565324e-23,2.371657316851841224e-02,3.246724121980380417e-38,7.138247209218667039e-03
2.969483383144511102e-14,2.969483383144510924e+01,3.250019208177908062e-23,2.552057731599743570e-02,3.401634245675507027e-38,7.478832585925070976e-03
2.974249806945300501e-14,2.974249806945300634e+01,3.715531392602982631e-23,2.917598330998830147e-02,3.578732715177766596e-38,7.868201256679363542e-03
2.979016230746089899e-14,2.979016230746089988e+01,4.580470990156595080e-23,3.596786866792441723e-02,3.797057987188975829e-38,8.348211169774572352e-03
2.983782654546879298e-14,2.983782654546879343e+01,5.621279553464541990e-23,4.414075433709694490e-02,4.064992745470075347e-38,8.937292492577611838e-03
2.988549078347668697e-14,2.988549078347668697e+01,6.629612291026350285e-23,5.205862556827178106e-02,4.380989050190193175e-38,9.632041924788663223e-03
2.993315502148458096e-14,2.993315502148458052e+01,7.701773973240125265e-23,6.047770968855514101e-02,4.748089267894883142e-38,1.043914841307744604e-02
2.998081925949247495e-14,2.998081925949247406e+01,8.712456254122043822e-23,6.841403056513738201e-02,5.163363021544815907e-38,1.135216923088726466e-02
3.002848349750036894e-14,3.002848349750036760e+01,9.671353287564185926e-23,7.594371094932211852e-02,5.624341999855464589e-38,1.236567754936654731e-02
3.007614773550826293e-14,3.007614773550826470e+01,1.060039729999786824e-22,8.323897230950678960e-02,6.129603277335971898e-38,1.347654492472628342e-02
3.012381197351615691e-14,3.012381197351615825e+01,1.181361740948474696e-22,9.276570911388443141e-02,6.692691929115411211e-38,1.471455155728721743e-02
3.017147621152405090e-14,3.017147621152405179e+01,1.353892058025296581e-22,1.063135468781452875e-01,7.338016072587573103e-38,1.613336113060316601e-02
3.021914044953194489e-14,3.021914044953194534e+01,1.570456085960576004e-22,1.233191048910922266e-01,8.086564099386186693e-38,1.777911871964098223e-02
3.026680468753983888e-14,3.026680468753983888e+01,1.847480180720421466e-22,1.450722527214906021e-01,8.967153920515726479e-38,1.971518337958201583e-02
3.031446892554773287e-14,3.031446892554773243e+01,2.193485176040923415e-22,1.722420836338094119e-01,1.001266484884783069e-37,2.201384356319565846e-02
3.036213316355562686e-14,3.036213316355562597e+01,2.592987057638914158e-22,2.036127248643392340e-01,1.124859583912620522e-37,2.473116126888361480e-02
3.040979740156352085e-14,3.040979740156351951e+01,2.984673031605719952e-22,2.343696267222079854e-01,1.267122148808280283e-37,2.785894582553178483e-02
3.045746163957141484e-14,3.045746163957141306e+01,3.296312973975387589e-22,2.588409628422704833e-01,1.424238835765542378e-37,3.131331308945029673e-02
3.050512587757930882e-14,3.050512587757931016e+01,3.458825388644626801e-22,2.716021509390662558e-01,1.589101574867683916e-37,3.493798504520052167e-02
3.055279011558720281e-14,3.055279011558720370e+01,3.441228363095170318e-22,2.702203552563315903e-01,1.753125562802548181e-37,3.854421621893754785e-02
3.060045435359509680e-14,3.060045435359509725e+01,3.167487570531727124e-22,2.487250267254137448e-01,1.904101867840738491e-37,4.186358105440637217e-02
3.064811859160299079e-14,3.064811859160299079e+01,2.640082179898353398e-22,2.073108405733297688e-01,2.029939726283009194e-37,4.463025203750082409e-02
3.069578282961088478e-14,3.069578282961088433e+01,2.033949985536860719e-22,1.597146802460493731e-01,2.126886674490697784e-37,4.676172750780867998e-02
3.074344706761877877e-14,3.074344706761877788e+01,1.556538307673070319e-22,1.222262198522609256e-01,2.201078095012492761e-37,4.839289997762923762e-02
3.079111130562667276e-14,3.079111130562667142e+01,1.375206448595644143e-22,1.079872463785211262e-01,2.266626446395228722e-37,4.983404594121452341e-02
3.083877554363456674e-14,3.083877554363456852e+01,1.561707176759568059e-22,1.226321021400526567e-01,2.341064237814628759e-37,5.147063512125186341e-02
3.088643978164246073e-14,3.088643978164246207e+01,2.036147057821209863e-22,1.598872040051720345e-01,2.438115908092414050e-37,5.360441301084921395e-02
3.093410401965035472e-14,3.093410401965035561e+01,3.054553990904797403e-22,2.398569863667930624e-01,2.583709305009532164e-37,5.680542923575212372e-02
3.098176825765824871e-14,3.098176825765824915e+01,4.517843512217716206e-22,3.547609022279296642e-01,2.799049477631232208e-37,6.153989797562125358e-02
3.102943249566614270e-14,3.102943249566614270e+01,6.169506201939191519e-22,4.844567060770920142e-01,3.093115114682055704e-37,6.800522466843791913e-02
3.107709673367403669e-14,3.107709673367403624e+01,7.724042317525938492e-22,6.065257050187444765e-01,3.461276739026780747e-37,7.609962563625759235e-02
3.112476097168193068e-14,3.112476097168192979e+01,8.886970209276698254e-22,6.978439073840596585e-01,3.884868590708722357e-37,8.541271550627721476e-02
3.117242520968982467e-14,3.117242520968982333e+01,9.412278365861887607e-22,7.390934095135329729e-01,4.333498925643288595e-37,9.527630143474266622e-02
3.122008944769771865e-14,3.122008944769771688e+01,9.162240003601077022e-22,7.194592998443168907e-01,4.770211339130225064e-37,1.048778599586088767e-01
3.126775368570561264e-14,3.126775368570561398e+01,8.150196338123364252e-22,6.399891891846645198e-01,5.158685327130466645e-37,1.134188485258953716e-01
3.131541792371350663e-14,3.131541792371350752e+01,6.550316245269023849e-22,5.143595821248797550e-01,5.470902035648231643e-37,1.202832446510855857e-01
3.136308216172140062e-14,3.136308216172140106e+01,4.677089916521595594e-22,3.672656288557153981e-01,5.693832588082655327e-37,1.251845954711051923e-01
3.141074639972929461e-14,3.141074639972929461e+01,2.953515171551152187e-22,2.319229747931277896e-01,5.834610033154105244e-37,1.282797281853355065e-01
3.145841063773718860e-14,3.145841063773718815e+01,1.837814804474163959e-22,1.443132849555151254e-01,5.922208321180667213e-37,1.302056640257250597e-01
3.150607487574508259e-14,3.150607487574508170e+01,1.610075204975671924e-22,1.264301720117795569e-01,5.998951544277206925e-37,1.318929404234535363e-01
3.155373911375297658e-14,3.155373911375297524e+01,1.797431815667324429e-22,1.411422354260146450e-01,6.084625002513377392e-37,1.337765569587119618e-01
3.160140335176087056e-14,3.160140335176087234e+01,2.616641272763019659e-22,2.054701576585977463e-01,6.209345564844067329e-37,1.365186630710298332e-01
3.164906758976876455e-14,3.164906758976876588e+01,4.623937604687507337e-22,3.630918760352009889e-01,6.429742645728482134e-37,1.413643129890262140e-01
3.169673182777665854e-14,3.169673182777665943e+01,7.086552839073038175e-22,5.564672331117023196e-01,6.767518734592988146e-37,1.487906576154589544e-01
3.174439606578455253e-14,3.174439606578455297e+01,9.510424274503906329e-22,7.468002570406025997e-01,7.220827132601658285e-37,1.587570954322545524e-01
3.179206030379244652e-14,3.179206030379244652e+01,1.146062272789075234e-21,8.999383993813083737e-01,7.767090514655968879e-37,1.707672414007671835e-01
3.183972454180034051e-14,3.183972454180034006e+01,1.259806069363652109e-21,9.892550208767242337e-01,8.367569162738811997e-37,1.839693641338136509e-01
3.188738877980823450e-14,3.188738877980823361e+01,1.273489688490939231e-21,9.999999992147561301e-01,8.974570021909736044e-37,1.973148841908958784e-01
3.193505301781612848e-14,3.193505301781612715e+01,1.187666569738490693e-21,9.326079194353311674e-01,9.540663830721110201e-37,2.097610218948870175e-01
3.198271725582402247e-14,3.198271725582402070e+01,1.025098518287328053e-21,8.049523500242060647e-01,1.002927059916113302e-36,2.205035296355660202e-01
3.203038149383191646e-14,3.203038149383191779e+01,8.175846813099785836e-22,6.420033770644796300e-01,1.041896720093591340e-36,2.290713985876224046e-01
3.207804573183981045e-14,3.207804573183980779e+01,5.942874668022609125e-22,4.666606033063522840e-01,1.070223058830652180e-36,2.352992270337877778e-01
3.212570996984770444e-14,3.212570996984770488e+01,4.161917549717665143e-22,3.268120334277175854e-01,1.090060577354031490e-36,2.396607035842180100e-01
3.217337420785559843e-14,3.217337420785560198e+01,3.663925185034255139e-22,2.877074871724215610e-01,1.107524446558101702e-36,2.435003096278653134e-01
3.222103844586349242e-14,3.222103844586349197e+01,3.683089582539077147e-22,2.892123597805761337e-01,1.125079661658852750e-36,2.473599989791038511e-01
3.226870268387138641e-14,3.226870268387138907e+01,3.663668710576749684e-22,2.876873476723045275e-01,1.142542308393534588e-36,2.511993362506482197e-01
3.231636692187928039e-14,3.231636692187927906e+01,4.914075344482512394e-22,3.858747648319673096e-01,1.165964939790465268e-36,2.563490356682788796e-01
3.236403115988717438e-14,3.236403115988717616e+01,6.897121208656292321e-22,5.415922300410085377e-01,1.198839634711798690e-36,2.635768656427266432e-01
3.241169539789506837e-14,3.241169539789506615e+01,8.996613039860280420e-22,7.064535436840920779e-01,1.241721425543530154e-36,2.730048555867627402e-01
3.245935963590296236e-14,3.245935963590296325e+01,1.066466636592607583e-21,8.374364122405369981e-01,1.292553887756548254e-36,2.841808800316257266e-01
3.250702387391085635e-14,3.250702387391085324e+01,1.147053940366697705e-21,9.007171002893769041e-01,1.347227493174039893e-36,2.962014181687335768e-01
3.255468811191875034e-14,3.255468811191875034e+01,1.132050184602628567e-21,8.889354927209114354e-01,1.401185953999322630e-36,3.080647246256083549e-01
3.260235234992664433e-14,3.260235234992664743e+01,1.020105041379053532e-21,8.010312527829158702e-01,1.449808619903702421e-36,3.187549032843668417e-01
3.265001658793453831e-14,3.265001658793453743e+01,8.458059088261088849e-22,6.641639235918813666e-01,1.490123427160419700e-36,3.276185162548128083e-01
3.269768082594243230e-14,3.269768082594243452e+01,6.641896306824707046e-22,5.215508505200162626e-01,1.521781608621976688e-36,3.345788835966815866e-01
3.274534506395032629e-14,3.274534506395032452e+01,5.441723578056949356e-22,4.273080200776660509e-01,1.547719242174120917e-36,3.402815313536580732e-01
3.279300930195822028e-14,3.279300930195822161e+01,5.500504191568736070e-22,4.319237318495676714e-01,1.573937049827608198e-36,3.460457781847126602e-01
3.284067353996611427e-14,3.284067353996611160e+01,5.333865971256318548e-22,4.188385673847474511e-01,1.599360586873217847e-36,3.516353966908145612e-01
3.288833777797400826e-14,3.288833777797400870e+01,5.445755982568949497e-22,4.276246621789155378e-01,1.625317440628128184e-36,3.573422702013075991e-01
3.293600201598190225e-14,3.293600201598189869e+01,6.510435981739863565e-22,5.112280087907365989e-01,1.656349024709317245e-36,3.641648738517239692e-01
3.298366625398979624e-14,3.298366625398979579e+01,7.698689211556349020e-22,6.045348678585532598e-01,1.693044343157024224e-36,3.722327060622710460e-01
3.303133049199769022e-14,3.303133049199769289e+01,8.470164379732758737e-22,6.651144842105942701e-01,1.733416849525012244e-36,3.811090047585294904e-01
3.307899473000558421e-14,3.307899473000558288e+01,8.508285672769893418e-22,6.681079354612575738e-01,1.773971058641246792e-36,3.900252526185249424e-01
3.312665896801347820e-14,3.312665896801347998e+01,7.813066722184195281e-22,6.135162920170453837e-01,1.811211550307460180e-36,3.982129466054144529e-01
3.317432320602137219e-14,3.317432320602136997e+01,6.447107490446169091e-22,5.062551776939250292e-01,1.841941283113584660e-36,4.049691852386357316e-01
3.322198744402926618e-14,3.322198744402926707e+01,4.905459216349071250e-22,3.851981886331536931e-01,1.865322846277085566e-36,4.101098553950278669e-01
3.326965168203716017e-14,3.326965168203715706e+01,4.017346987476772623e-22,3.154597183336956823e-01,1.884471278298358686e-36,4.143198293965575374e-01
3.331731592004505416e-14,3.331731592004505416e+01,4.402108403526420793e-22,3.456728735107471584e-01,1.905453651436145497e-36,4.189330136668069082e-01
3.336498015805294814e-14,3.336498015805295125e+01,5.243783861896341427e-22,4.117649247708063398e-01,1.930447817767005254e-36,4.244282307334538151e-01
3.341264439606084213e-14,3.341264439606084125e+01,5.888049213762983311e-22,4.623554679988539085e-01,1.958512834420810797e-36,4.305986049099793100e-01
3.346030863406873612e-14,3.346030863406873834e+01,7.080057169052831111e-22,5.559571645910216242e-01,1.992259482104208486e-36,4.380181424067335905e-01
3.350797287207663011e-14,3.350797287207662833e+01,8.221976369611234558e-22,6.456256723128918074e-01,2.031449015914654856e-36,4.466343527727182905e-01
3.355563711008452410e-14,3.355563711008452543e+01,8.612579900198332288e-22,6.762975759655421859e-01,2.072500336913519736e-36,4.556598956444097293e-01
3.360330134809241809e-14,3.360330134809241542e+01,8.000649010203613413e-22,6.282460766055960599e-01,2.110634927770500445e-36,4.640441662671165868e-01
3.365096558610031208e-14,3.365096558610031252e+01,6.642114915958761892e-22,5.215680166687379771e-01,2.142294151218760733e-36,4.710047627001676118e-01
3.369862982410820607e-14,3.369862982410820962e+01,5.069281771209701518e-22,3.980622546882244817e-01,2.166456564297660569e-36,4.763171105082480983e-01
3.374629406211610005e-14,3.374629406211609961e+01,3.412662005777562203e-22,2.679771994967410365e-01,2.182722803343707649e-36,4.798934056017808980e-01
3.379395830012399404e-14,3.379395830012399671e+01,2.469588007481215571e-22,1.939228898247618293e-01,2.194493939426604710e-36,4.824814074194967994e-01
3.384162253813188803e-14,3.384162253813188670e+01,2.882848633008219443e-22,2.263739280182629765e-01,2.208234856317492892e-36,4.855024852186372586e-01
3.388928677613978202e-14,3.388928677613978380e+01,3.850987960815930922e-22,3.023964773798296646e-01,2.226590348489888132e-36,4.895381234758697797e-01
3.393695101414767601e-14,3.393695101414767379e+01,4.885862144414953621e-22,3.836593405297229475e-01,2.249878503441224213e-36,4.946582569040166577e-01
3.398461525215557000e-14,3.398461525215557089e+01,6.741359928722806946e-22,5.293611706756398139e-01,2.282010772007639781e-36,5.017228570302563195e-01
3.403227949016346399e-14,3.403227949016346088e+01,8.128036541098109436e-22,6.382491046588044670e-01,2.320752547527358229e-36,5.102406232645837481e-01
3.407994372817135798e-14,3.407994372817135798e+01,8.439068366373160299e-22,6.626726887554595935e-01,2.360976836701311284e-36,5.190843349305948040e-01
3.412760796617925196e-14,3.412760796617925507e+01,7.600038936805968192e-22,5.967884152908990991e-01,2.397201944812239692e-36,5.270487867029478579e-01
3.417527220418714595e-14,3.417527220418714506e+01,6.215385847315866224e-22,4.880593772062956637e-01,2.426827190964567421e-36,5.335621929156161292e-01
3.422293644219503994e-14,3.422293644219504216e+01,4.591550636233732818e-22,3.605487091198315563e-01,2.448712528602623165e-36,5.383739029485082872e-01
3.427060068020293393e-14,3.427060068020293215e+01,2.980758262031906367e-22,2.340622218326263160e-01,2.462920125588965653e-36,5.414975850270337121e-01
3.431826491821082792e-14,3.431826491821082925e+01,2.464058155644488696e-22,1.934886615870022031e-01,2.474664903980502578e-36,5.440797918430887448e-01
3.436592915621872191e-14,3.436592915621871924e+01,2.925067963784668653e-22,2.296891751792608516e-01,2.488607056659057524e-36,5.471451133397451372e-01
3.441359339422661590e-14,3.441359339422661634e+01,3.769891040275293542e-22,2.960283912296343689e-01,2.506576005454705109e-36,5.510957661754682935e-01
3.446125763223450988e-14,3.446125763223450633e+01,4.926746596322024044e-22,3.868697671428675822e-01,2.530059033577442383e-36,5.562587444164063255e-01
3.450892187024240387e-14,3.450892187024240343e+01,6.117577697359026930e-22,4.803790519736715336e-01,2.559218083327912740e-36,5.626696526945572652e-01
3.455658610825029786e-14,3.455658610825030053e+01,6.495540773236352838e-22,5.100583716412231405e-01,2.590178670333578808e-36,5.694766469289229693e-01
3.460425034625819185e-14,3.460425034625819052e+01,5.899884399260705525e-22,4.632848187109474547e-01,2.618300098655499892e-36,5.756594237740265685e-01
3.465191458426608584e-14,3.465191458426608762e+01,4.657010187931227542e-22,3.656888804331667742e-01,2.640497445134148831e-36,5.805397320663315819e-01
3.469957882227397983e-14,3.469957882227397761e+01,3.522722617096549416e-22,2.766196417738341906e-01,2.657288281169360916e-36,5.842313650467060304e-01
3.474724306028187382e-14,3.474724306028187470e+01,2.804635030630601071e-22,2.202322526656432522e-01,2.670656397838377545e-36,5.871704789941797342e-01
3.479490729828976781e-14,3.479490729828976470e+01,2.457783871548722856e-22,1.929959772608123569e-01,2.682371270248961061e-36,5.897461106816725973e-01
3.484257153629766179e-14,3.484257153629766179e+01,2.663243640946621646e-22,2.091295801547649880e-01,2.695065453742128588e-36,5.925370536903487029e-01
3.489023577430555578e-14,3.489023577430555889e+01,3.616129554290979641e-22,2.839543644626192354e-01,2.712301508075077673e-36,5.963265723595563284e-01
3.493790001231344977e-14,3.493790001231344888e+01,4.779589832489454960e-22,3.753143721485513451e-01,2.735083122728303309e-36,6.013353378447091613e-01
3.498556425032134376e-14,3.498556425032134598e+01,5.470047344868983905e-22,4.295321265659844956e-01,2.761155759735483289e-36,6.070676674594579492e-01
3.503322848832923775e-14,3.503322848832923597e+01,5.220182153354087437e-22,4.099116150238159006e-01,2.786037430005381167e-36,6.125381511436849280e-01
3.508089272633713174e-14,3.508089272633713307e+01,4.071927074440438494e-22,3.197455863241529528e-01,2.805446014582108699e-36,6.168053222824881887e-01
3.512855696434502573e-14,3.512855696434502306e+01,2.575802764115069308e-22,2.022633387118126236e-01,2.817723416629434492e-36,6.195046317281986958e-01
3.517622120235291971e-14,3.517622120235292016e+01,2.101705942883890017e-22,1.650351754103340507e-01,2.827741065964050446e-36,6.217071119734908224e-01
3.522388544036081370e-14,3.522388544036081726e+01,1.967265616843483643e-22,1.544783309262497684e-01,2.837117913930965912e-36,6.237687056388705464e-01
3.527154967836870769e-14,3.527154967836870725e+01,1.822852826783635325e-22,1.431384047963746575e-01,2.845806427406964169e-36,6.256789620925193862e-01
3.531921391637660168e-14,3.531921391637660435e+01,2.794986946215386008e-22,2.194746427301382530e-01,2.859128557087767716e-36,6.286079653413952917e-01
3.536687815438449567e-14,3.536687815438449434e+01,4.279767058070442538e-22,3.360660940868098745e-01,2.879527797888677101e-36,6.330929421440579796e-01
3.541454239239238966e-14,3.541454239239239143e+01,5.442082036452281783e-22,4.273361678042075784e-01,2.905467140010242373e-36,6.387959655470839548e-01
3.546220663040028365e-14,3.546220663040028143e+01,5.637058159964155415e-22,4.426465488085337685e-01,2.932335823574923256e-36,6.447033139470451646e-01
3.550987086840817764e-14,3.550987086840817852e+01,4.812228226690941520e-22,3.778772821171851315e-01,2.955273007083564909e-36,6.497462827986156819e-01
3.555753510641607162e-14,3.555753510641606852e+01,3.332499096548706501e-22,2.616824560142947953e-01,2.971157154659101180e-36,6.532385712666832767e-01
3.560519934442396561e-14,3.560519934442396561e+01,2.304507314140066415e-22,1.809600292139988131e-01,2.982141443988576023e-36,6.556535769679853187e-01
3.565286358243185960e-14,3.565286358243186271e+01,2.230870872061157606e-22,1.751777725780346850e-01,2.992774749843177097e-36,6.579914154473162080e-01
3.570052782043975359e-14,3.570052782043975270e+01,1.894806407670654254e-22,1.487885157851633888e-01,3.001806225541905325e-36,6.599770755705498537e-01
3.574819205844764758e-14,3.574819205844764980e+01,2.454327019953171965e-22,1.927245301007703415e-01,3.013504621086539538e-36,6.625490846545211143e-01
3.579585629645554157e-14,3.579585629645553979e+01,3.793971366505963225e-22,2.979192841382605206e-01,3.031588347244290480e-36,6.665249724395018172e-01
3.584352053446343556e-14,3.584352053446343689e+01,4.965499987825294217e-22,3.899128535394886241e-01,3.055256090972901332e-36,6.717285622510134058e-01
3.589118477247132954e-14,3.589118477247132688e+01,5.310855466630873393e-22,4.170316815642078900e-01,3.080569949893875337e-36,6.772940669261373614e-01
3.593884901047922353e-14,3.593884901047922398e+01,4.716828311305560931e-22,3.703860620332977138e-01,3.103052415699444381e-36,6.822370615497479474e-01
3.598651324848711752e-14,3.598651324848711397e+01,3.463749142870654269e-22,2.719887857321595104e-01,3.119562158374836231e-36,6.858668933478881957e-01
3.603417748649501151e-14,3.603417748649501107e+01,2.420477187836755601e-22,1.900664927098318080e-01,3.131099210821342897e-36,6.884034295405183634e-01
3.608184172450290550e-14,3.608184172450290816e+01,2.187043779650995556e-22,1.717362769167952719e-01,3.141523617593459894e-36,6.906953394704398175e-01
3.612950596251079949e-14,3.612950596251079816e+01,1.779103232068802187e-22,1.397029945943241425e-01,3.150003601374869292e-36,6.925597485882968307e-01
3.617717020051869348e-14,3.617717020051869525e+01,1.965027776227552676e-22,1.543026058587915750e-01,3.159369782815083331e-36,6.946189971112622930e-01
3.622483443852658747e-14,3.622483443852658525e+01,3.042069541327642088e-22,2.388766525894426007e-01,3.173869616162235877e-36,6.978069302720666389e-01
3.627249867653448145e-14,3.627249867653448234e+01,4.003446122367074877e-22,3.143681613918208884e-01,3.192951790583302440e-36,7.020023368785237583e-01
3.632016291454237544e-14,3.632016291454237233e+01,4.354830265536970278e-22,3.419603866033463224e-01,3.213708815446666479e-36,7.065659760802498468e-01
3.636782715255026943e-14,3.636782715255026943e+01,3.907775343701277601e-22,3.068556719342863115e-01,3.232334981111851297e-36,7.106611246078939903e-01
3.641549139055816342e-14,3.641549139055816653e+01,2.871439306181571740e-22,2.254780175981944412e-01,3.246021516163224514e-36,7.136702460165447182e-01
3.646315562856605741e-14,3.646315562856605652e+01,2.049699057084182669e-22,1.609513664695254032e-01,3.255791277944069678e-36,7.158182257076652899e-01
3.651081986657395140e-14,3.651081986657395362e+01,1.673087268383064146e-22,1.313781558020983009e-01,3.263765943295148404e-36,7.175715355223614145e-01
3.655848410458184539e-14,3.655848410458184361e+01,1.229204577128318620e-22,9.652253860175946665e-02,3.269624869685811313e-36,7.188596789982431012e-01
3.660614834258973938e-14,3.660614834258974071e+01,1.550822789533690627e-22,1.217774122814933579e-01,3.277016769079864167e-36,7.204848618976216201e-01
3.665381258059763336e-14,3.665381258059763070e+01,2.507756505954918677e-22,1.969200478534978427e-01,3.288969832912754914e-36,7.231128623479555761e-01
3.670147681860552735e-14,3.670147681860552780e+01,3.400632949823772873e-22,2.670326252255038613e-01,3.305178736219337803e-36,7.266765516065962771e-01
3.674914105661342134e-14,3.674914105661342489e+01,3.787791998154313578e-22,2.974340530129013782e-01,3.323233008806067058e-36,7.306459637298561294e-01
3.679680529462131533e-14,3.679680529462131489e+01,3.391079023846204991e-22,2.662824090238016805e-01,3.339396373924714653e-36,7.341996409631220688e-01
3.684446953262920932e-14,3.684446953262921198e+01,2.406997132688338952e-22,1.890079796131293732e-01,3.350869174535255992e-36,7.367220507479782521e-01
3.689213377063710331e-14,3.689213377063710197e+01,1.647041731865307878e-22,1.293329459560596251e-01,3.358719695472864140e-36,7.384480661736316787e-01
3.693979800864499730e-14,3.693979800864499907e+01,1.164868994448582793e-22,9.147062626900606674e-02,3.364271970350643077e-36,7.396687892520972252e-01
3.698746224665289128e-14,3.698746224665288906e+01,1.120193971228616782e-22,8.796254735885608578e-02,3.369611304537004459e-36,7.408426951930686677e-01
3.703512648466078527e-14,3.703512648466078616e+01,1.617215090365518675e-22,1.269908271508644326e-01,3.377319658661797685e-36,7.425374538252067502e-01
3.708279072266867926e-14,3.708279072266867615e+01,2.647700935412105512e-22,2.079090986963929855e-01,3.389939758825523606e-36,7.453121088740881639e-01
3.713045496067657325e-14,3.713045496067657325e+01,3.572261819766980604e-22,2.805096774042156182e-01,3.406966720357905665e-36,7.490556564030312892e-01
3.717811919868446724e-14,3.717811919868447035e+01,3.742238499430293448e-22,2.938569923503820402e-01,3.424803865054918961e-36,7.529773307914366942e-01
3.722578343669236123e-14,3.722578343669236034e+01,3.004730041002017639e-22,2.359445911339194957e-01,3.439125722019667259e-36,7.561261340672471576e-01
3.727344767470025522e-14,3.727344767470025744e+01,1.921133914630372720e-22,1.508558671879252355e-01,3.448282686126262022e-36,7.581393840701129427e-01
3.732111191270814921e-14,3.732111191270814743e+01,1.131657193032309184e-22,8.886268984907716439e-02,3.453676659039160676e-36,7.593253028807512850e-01
3.736877615071604319e-14,3.736877615071604453e+01,1.049877686927602167e-22,8.244100408439718197e-02,3.458680835074104524e-36,7.604255209551495920e-01
3.741644038872393718e-14,3.741644038872393452e+01,1.201653641567910991e-22,9.435911821541768940e-02,3.464408441661339012e-36,7.616847924608508569e-01
3.746410462673183117e-14,3.746410462673183162e+01,1.990832363070418238e-22,1.563288952787852681e-01,3.473897619043536419e-36,7.637710828699335597e-01
3.751176886473972516e-14,3.751176886473972161e+01,3.112270841263111688e-22,2.443891667868313133e-01,3.488732062476352338e-36,7.670325833995819131e-01
3.755943310274761915e-14,3.755943310274761870e+01,3.578215258355374954e-22,2.809771675329165164e-01,3.505787400699734305e-36,7.707823698274191004e-01
3.760709734075551314e-14,3.760709734075551580e+01,3.069404265891146741e-22,2.410230951393176058e-01,3.520417523294183046e-36,7.739989483803467740e-01
3.765476157876340713e-14,3.765476157876340579e+01,1.899228446360961158e-22,1.491357536722698329e-01,3.529470076362508686e-36,7.759892425737711097e-01
3.770242581677130111e-14,3.770242581677130289e+01,1.109022691068728572e-22,8.708532940789225074e-02,3.534756163343836507e-36,7.771514415849741786e-01
3.775009005477919510e-14,3.775009005477919288e+01,1.017031664535861437e-22,7.986179023894622586e-02,3.539603780876640262e-36,7.782172387092395338e-01
3.779775429278708909e-14,3.779775429278708998e+01,8.704061511913043902e-23,6.834811136470510251e-02,3.543752517112006495e-36,7.791293798010371363e-01
3.784541853079498308e-14,3.784541853079497997e+01,1.460279228098595422e-22,1.146675344252157114e-01,3.550712846308983609e-36,7.806596776828066409e-01
3.789308276880287707e-14,3.789308276880287707e+01,2.594070005889601563e-22,2.036977627142428637e-01,3.563077318016566663e-36,7.833781302628269883e-01
3.794074700681077106e-14,3.794074700681077417e+01,3.121521087346605690e-22,2.451155367103437510e-01,3.577955852166182343e-36,7.866493245768660936e-01
3.798841124481866505e-14,3.798841124481866416e+01,2.707258545361098715e-22,2.125858236389247535e-01,3.590859829935953788e-36,7.894863929523184831e-01
3.803607548282655904e-14,3.803607548282656126e+01,1.627462204197722365e-22,1.277954755054419855e-01,3.598617026285040879e-36,7.911918900352199469e-01
3.808373972083445302e-14,3.808373972083445125e+01,9.741186410337970775e-23,7.649207128038769399e-02,3.603260101587382562e-36,7.922127165075016908e-01
3.813140395884234701e-14,3.813140395884234835e+01,1.000720040499808278e-22,7.858092992490837980e-02,3.608029970789014989e-36,7.932614198847421916e-01
3.817906819685024100e-14,3.817906819685023834e+01,7.187648708847348975e-23,5.644057245348030327e-02,3.611455918388841717e-36,7.940146486770448542e-01
3.822673243485813499e-14,3.822673243485813543e+01,1.326545468993777403e-22,1.041661726781664410e-01,3.617778814025025540e-36,7.954048004248822634e-01
3.827439667286602898e-14,3.827439667286603253e+01,2.414387938954918402e-22,1.895883381607932905e-01,3.629286842449301097e-36,7.979349553963828168e-01
3.832206091087392297e-14,3.832206091087392252e+01,2.886419585445101502e-22,2.266543348771759558e-01,3.643044780060630876e-36,8.009597753708861401e-01
3.836972514888181696e-14,3.836972514888181962e+01,2.460269098944531132e-22,1.931911282240527106e-01,3.654771498151459307e-36,8.035380114494751203e-01
3.841738938688971094e-14,3.841738938688970961e+01,1.489068990824562127e-22,1.169282329580381558e-01,3.661869051943718959e-36,8.050984795288811391e-01
3.846505362489760493e-14,3.846505362489760671e+01,8.630810412609117453e-23,6.777291158171190599e-02,3.665982873502810739e-36,8.060029442804319544e-01
3.851271786290549892e-14,3.851271786290549670e+01,1.025954312462635257e-22,8.056243571730423159e-02,3.670873020276381640e-36,8.070780918829889572e-01
3.856038210091339291e-14,3.856038210091339380e+01,8.013565881774574678e-23,6.292603660558800105e-02,3.674692636107761778e-36,8.079178725672808703e-01
3.860804633892128690e-14,3.860804633892128379e+01,1.282835759086312240e-22,1.007338944062522446e-01,3.680807192157786090e-36,8.092622187765631248e-01
3.865571057692918089e-14,3.865571057692918089e+01,2.235499781635249668e-22,1.755412548749304136e-01,3.691462561419055719e-36,8.116049081161814671e-01
3.870337481493707488e-14,3.870337481493707799e+01,2.605067862868085986e-22,2.045613627158165415e-01,3.703879453720973591e-36,8.143348858873531437e-01
3.875103905294496887e-14,3.875103905294496798e+01,2.153830842275018429e-22,1.691282512963244999e-01,3.714145553113729568e-36,8.165919903590199702e-01
3.879870329095286285e-14,3.879870329095286507e+01,1.297605380933711782e-22,1.018936699403049373e-01,3.720330507638370623e-36,8.179518143759657578e-01
3.884636752896075684e-14,3.884636752896075507e+01,8.197954229760933977e-23,6.437393484542429378e-02,3.724238011017377729e-36,8.188109180152732813e-01
3.889403176696865083e-14,3.889403176696865216e+01,1.011324161223278790e-22,7.941361202755731208e-02,3.729058424094221827e-36,8.198707339682245188e-01
3.894169600497654482e-14,3.894169600497654216e+01,8.509280394816940905e-23,6.681860454024102225e-02,3.733114319133859973e-36,8.207624629960028617e-01
3.898936024298443881e-14,3.898936024298443925e+01,1.244848256858703043e-22,9.775094899718542174e-02,3.739047810141125689e-36,8.220670002474680382e-01
3.903702448099233280e-14,3.903702448099232925e+01,2.002649373212884159e-22,1.572568187822091512e-01,3.748593312559749534e-36,8.241656742782867973e-01
3.908468871900022679e-14,3.908468871900022634e+01,2.232804023041056009e-22,1.753295720779325662e-01,3.759235832657044366e-36,8.265055386008899330e-01
3.913235295700812078e-14,3.913235295700812344e+01,1.752167986667701454e-22,1.375879209016688254e-01,3.767587431283487358e-36,8.283417209603372022e-01
3.918001719501601476e-14,3.918001719501601343e+01,1.005403728575158887e-22,7.894871367015589281e-02,3.772379624990073183e-36,8.293953326029305240e-01
3.922768143302390875e-14,3.922768143302391053e+01,8.676227343733225722e-23,6.812954525922729210e-02,3.776515094244047745e-36,8.303045568163812673e-01
3.927534567103180274e-14,3.927534567103180052e+01,9.607857557758584597e-23,7.544511460944139380e-02,3.781094619186461993e-36,8.313114111074011436e-01
3.932300990903969673e-14,3.932300990903969762e+01,8.322736878837517801e-23,6.535378297538020631e-02,3.785061599431189578e-36,8.321835913295901888e-01
3.937067414704759072e-14,3.937067414704758761e+01,1.285656725683382578e-22,1.009554090851969843e-01,3.791189601441268135e-36,8.335308937674654750e-01
3.941833838505548471e-14,3.941833838505548471e+01,1.876427210756453033e-22,1.473453005737745958e-01,3.800133473852599347e-36,8.354972934331337253e-01
3.946600262306337870e-14,3.946600262306338180e+01,1.958570728837265233e-22,1.537955701565340560e-01,3.809468878182099817e-36,8.375497753009598645e-01
3.951366686107127268e-14,3.951366686107127180e+01,1.431379655934621952e-22,1.123982131733470974e-01,3.816291459384006842e-36,8.390497879104228396e-01
3.956133109907916667e-14,3.956133109907916889e+01,8.958100598031900953e-23,7.034293777135160186e-02,3.820561281753741619e-36,8.399885509980616893e-01
3.960899533708706066e-14,3.960899533708705889e+01,9.155024261346584218e-23,7.188926880912702155e-02,3.824924966550398741e-36,8.409479506775962010e-01
3.965665957509495465e-14,3.965665957509495598e+01,8.088846562415453746e-23,6.351717355205964421e-02,3.828780464445247202e-36,8.417956203918699476e-01
3.970432381310284864e-14,3.970432381310284597e+01,8.628009009762496596e-23,6.775091373697285368e-02,3.832892950733272729e-36,8.426997915707424847e-01
3.975198805111074263e-14,3.975198805111074307e+01,1.288313735429911781e-22,1.011640491526003827e-01,3.839033617213378474e-36,8.440498784188242842e-01
3.979965228911863662e-14,3.979965228911864017e+01,1.749855172711338283e-22,1.374063085984480737e-01,3.847374191957403826e-36,8.458836370676344751e-01
3.984731652712653061e-14,3.984731652712653016e+01,1.662207803649235292e-22,1.305238524792203814e-01,3.855297001023343434e-36,8.476255457601912235e-01
3.989498076513442459e-14,3.989498076513442726e+01,1.159925424036616174e-22,9.108243542201595322e-02,3.860825712683339729e-36,8.488410882299183280e-01
3.994264500314231858e-14,3.994264500314231725e+01,9.773346691722020984e-23,7.674460792555601318e-02,3.865484116981752440e-36,8.498652849350659677e-01
3.999030924115021257e-14,3.999030924115021435e+01,9.110277546447551721e-23,7.153789796358120401e-02,3.869826473537879512e-36,8.508199953879299615e-01
4.003797347915810656e-14,4.003797347915810434e+01,8.247954127200014236e-23,6.476655598599330432e-02,3.873757809053870907e-36,8.516843387605480542e-01
4.008563771716600055e-14,4.008563771716600144e+01,1.003174218330387055e-22,7.877364274000465960e-02,3.878539375939945921e-36,8.527356139905296617e-01
4.013330195517389454e-14,4.013330195517389143e+01,1.453105011482153452e-22,1.141041834475325090e-01,3.885465509684149513e-36,8.542583936605213646e-01
4.018096619318178853e-14,4.018096619318178853e+01,1.742790008226434066e-22,1.368515208727831556e-01,3.893772408765535293e-36,8.560847483786054868e-01
4.022863043118968251e-14,4.022863043118968562e+01,1.494028464672378002e-22,1.173176726126142627e-01,3.900893601578305887e-36,8.576504137327367605e-01
4.027629466919757650e-14,4.027629466919757562e+01,1.080772887855167544e-22,8.486703086596580903e-02,3.906045037647443705e-36,8.587830083962328942e-01
4.032395890720547049e-14,4.032395890720547271e+01,8.795660253694962732e-23,6.906738488955424526e-02,3.910237433847600588e-36,8.597047485672903999e-01
4.037162314521336448e-14,4.037162314521336270e+01,7.414446850187114046e-23,5.822149100516818554e-02,3.913771483356610971e-36,8.604817446438632889e-01
4.041928738322125847e-14,4.041928738322125980e+01,7.445991820065091866e-23,5.846919595431926409e-02,3.917320568577328425e-36,8.612620464718059310e-01
4.046695162122915246e-14,4.046695162122914979e+01,9.919906319403773972e-23,7.789545844983736256e-02,3.922048829601497354e-36,8.623016018757200252e-01
4.051461585923704645e-14,4.051461585923704689e+01,1.441752482640681662e-22,1.132127330545568272e-01,3.928920852230214094e-36,8.638124846766032094e-01
4.056228009724494044e-14,4.056228009724493688e+01,1.503938324690381605e-22,1.180958383174316173e-01,3.936089279768162021e-36,8.653885350567639412e-01
4.060994433525283442e-14,4.060994433525283398e+01,1.189753706367088237e-22,9.342468307243827208e-02,3.941760166061889708e-36,8.666353360395128158e-01
4.065760857326072841e-14,4.065760857326073108e+01,8.347825179978442684e-23,6.555078732765694249e-02,3.945739104487735788e-36,8.675101453872385848e-01
4.070527281126862240e-14,4.070527281126862107e+01,6.702206426968408675e-23,5.262866658659425684e-02,3.948933669073752307e-36,8.682125023132988284e-01
4.075293704927651639e-14,4.075293704927651817e+01,6.546124301527551810e-23,5.140304123030849798e-02,3.952053838095282025e-36,8.688985026315716453e-01
4.080060128728441038e-14,4.080060128728440816e+01,7.141748994849245448e-23,5.608014775293599513e-02,3.955457907884801708e-36,8.696469213688003963e-01
4.084826552529230437e-14,4.084826552529230526e+01,1.125639004740814294e-22,8.839011528949038132e-02,3.960823195481308526e-36,8.708265334261703350e-01
4.089592976330019836e-14,4.089592976330019525e+01,1.418805591758633530e-22,1.114108424643612538e-01,3.967585843196300815e-36,8.723133690600223256e-01
4.094359400130809234e-14,4.094359400130809234e+01,1.288945329025067932e-22,1.012136446538728501e-01,3.973729520127597544e-36,8.736641177858617269e-01
4.099125823931598633e-14,4.099125823931598944e+01,8.728471392675478715e-23,6.853978846239870693e-02,3.977889891179271639e-36,8.745788169082131525e-01
4.103892247732388032e-14,4.103892247732387943e+01,6.200743957826240068e-23,4.869096317776162169e-02,3.980845436829868616e-36,8.752286231344108547e-01
4.108658671533177431e-14,4.108658671533177653e+01,6.043676071798219026e-23,4.745759719667694276e-02,3.983726117059387329e-36,8.758619694501573738e-01
4.113425095333966830e-14,4.113425095333966652e+01,5.519143523255042972e-23,4.333873739850416934e-02,3.986356782145080470e-36,8.764403474398118066e-01
4.118191519134756229e-14,4.118191519134756362e+01,8.470411009206167034e-23,6.651338506393485173e-02,3.990394150336268294e-36,8.773280031549440805e-01
4.122957942935545628e-14,4.122957942935545361e+01,1.271171598632841941e-22,9.981797333129380223e-02,3.996453109898305737e-36,8.786601259211401782e-01
4.127724366736335027e-14,4.127724366736335071e+01,1.326174262606216604e-22,1.041370239233218586e-01,4.002774236202565561e-36,8.800498886636850537e-01
4.132490790537124425e-14,4.132490790537124781e+01,9.631041864218668046e-23,7.562716795978575990e-02,4.007364811798995493e-36,8.810591725513452488e-01
4.137257214337913824e-14,4.137257214337913780e+01,5.546073972381839962e-23,4.355020710531869177e-02,4.010008313114071194e-36,8.816403727142156921e-01
4.142023638138703223e-14,4.142023638138703490e+01,4.949568279201195498e-23,3.886618258511162494e-02,4.012367493738109288e-36,8.821590621338547544e-01
4.146790061939492622e-14,4.146790061939492489e+01,4.815887594658080749e-23,3.781646317516059591e-02,4.014662956303724961e-36,8.826637425020431582e-01
4.151556485740282021e-14,4.151556485740282199e+01,5.668269157689298867e-23,4.450973733407385946e-02,4.017364701186171962e-36,8.832577480948369253e-01
4.156322909541071420e-14,4.156322909541071198e+01,1.013462984018386415e-22,7.958156178111697177e-02,4.022195308827494924e-36,8.843198054245946516e-01
4.161089333341860819e-14,4.161089333341860907e+01,1.216760138576276114e-22,9.554534666571662394e-02,4.027994919583636889e-36,8.855949077658842317e-01
4.165855757142650218e-14,4.165855757142649907e+01,9.776805057930509900e-23,7.677176453496580011e-02,4.032654972290574949e-36,8.866194668901076215e-01
4.170622180943439616e-14,4.170622180943439616e+01,5.481880889536023259e-23,4.304613484328509432e-02,4.035267876376013222e-36,8.871939399464897624e-01
4.175388604744229015e-14,4.175388604744229326e+01,5.009672222658708564e-23,3.933814512986955753e-02,4.037655705167090420e-36,8.877189279517411213e-01
4.180155028545018414e-14,4.180155028545018325e+01,4.596472875846822260e-23,3.609352249788690126e-02,4.039846585085482747e-36,8.882006147805455720e-01
4.184921452345807813e-14,4.184921452345808035e+01,4.675174372917101724e-23,3.671152119642163286e-02,4.042074977578002557e-36,8.886905491233831889e-01
4.189687876146597212e-14,4.189687876146597034e+01,8.888847445795634592e-23,6.979913162350638578e-02,4.046311790867814837e-36,8.896220548351629898e-01
4.194454299947386611e-14,4.194454299947386744e+01,1.171269496289183994e-22,9.197322176651336056e-02,4.051894573335497766e-36,8.908494853119263146e-01
4.199220723748176010e-14,4.199220723748175743e+01,1.037096057670231993e-22,8.143733445417980499e-02,4.056837826537607102e-36,8.919363088931333561e-01
4.203987147548965408e-14,4.203987147548965453e+01,6.574350375805083789e-23,5.162468475448037802e-02,4.059971449340107535e-36,8.926252671595057420e-01
4.208753571349754807e-14,4.208753571349754452e+01,4.604730356258313724e-23,3.615836385843841649e-02,4.062166265134659847e-36,8.931078193299888390e-01
4.213519995150544206e-14,4.213519995150544162e+01,4.193488015580099706e-23,3.292910849758345221e-02,4.064165064851205975e-36,8.935472754082501856e-01
4.218286418951333605e-14,4.218286418951333872e+01,3.874951977394734818e-23,3.042782371440868119e-02,4.066012036366390620e-36,8.939533505402429414e-01
4.223052842752123004e-14,4.223052842752122871e+01,7.116299710958091430e-23,5.588030880566248471e-02,4.069403975914631470e-36,8.946991023227904849e-01
4.227819266552912403e-14,4.227819266552912580e+01,1.001838771481156509e-22,7.866877759188049823e-02,4.074179177477201545e-36,8.957489780728336015e-01
4.232585690353701802e-14,4.232585690353701580e+01,9.707416852707269702e-23,7.622689789178961617e-02,4.078806156732059549e-36,8.967662656683363931e-01
4.237352114154491201e-14,4.237352114154491289e+01,6.773743489297470910e-23,5.319040699893837210e-02,4.082034819009395383e-36,8.974761193123425018e-01
4.242118537955280599e-14,4.242118537955280289e+01,4.892864326245184993e-23,3.842091825809004768e-02,4.084366972050506296e-36,8.979888664479699356e-01
4.246884961756069998e-14,4.246884961756069998e+01,4.245834616440031430e-23,3.334015698342440714e-02,4.086390722445479061e-36,8.984338081820479882e-01
4.251651385556859397e-14,4.251651385556859708e+01,3.675335142949627019e-23,2.886034471483466674e-02,4.088142547850641578e-36,8.988189644915964838e-01
4.256417809357648796e-14,4.256417809357648707e+01,6.387284949450766464e-23,5.015576492027980227e-02,4.091187007092931249e-36,8.994883192588440934e-01
4.261184233158438195e-14,4.261184233158438417e+01,9.317202703862989063e-23,7.316276512287600564e-02,4.095627993225309046e-36,9.004647144089896749e-01
4.265950656959227594e-14,4.265950656959227416e+01,9.827615273291433182e-23,7.717074864752060392e-02,4.100312264302178090e-36,9.014945981836939293e-01
4.270717080760016993e-14,4.270717080760017126e+01,7.833229754486154672e-23,6.150995818126635262e-02,4.104045924051469696e-36,9.023154805649569177e-01
4.275483504560806391e-14,4.275483504560806125e+01,5.194554082027374129e-23,4.078991863769096393e-02,4.106521875619272558e-36,9.028598432426904186e-01
4.280249928361595790e-14,4.280249928361595835e+01,4.238982570617281722e-23,3.328635171213486371e-02,4.108542360029652384e-36,9.033040669174405846e-01
4.285016352162385189e-14,4.285016352162385544e+01,3.676570183582841035e-23,2.887004279596878248e-02,4.110294774109173579e-36,9.036893526529254927e-01
4.289782775963174588e-14,4.289782775963174544e+01,5.542978482189752711e-23,4.352589995766267816e-02,4.112936799978297167e-36,9.042702284242691846e-01
4.294549199763963987e-14,4.294549199763964253e+01,8.193181936828708944e-23,6.433646070667306538e-02,4.116842028673860730e-36,9.051288319517060144e-01
4.299315623564753386e-14,4.299315623564753253e+01,9.413497376841507532e-23,7.391891316061167949e-02,4.121328913057131072e-36,9.061153182906632741e-01
4.304082047365542785e-14,4.304082047365542962e+01,8.136883142833619950e-23,6.389437786564437782e-02,4.125207307286240132e-36,9.069680219926735676e-01
4.308848471166332184e-14,4.308848471166331962e+01,5.175301142774550115e-23,4.063873610820759041e-02,4.127674082061507938e-36,9.075103670609261375e-01
4.313614894967121582e-14,4.313614894967121671e+01,4.097117296410317931e-23,3.217236331177589920e-02,4.129626947280221689e-36,9.079397239811242137e-01
4.318381318767910981e-14,4.318381318767910670e+01,4.043505362658411704e-23,3.175137887668921799e-02,4.131554258707536388e-36,9.083634626450958205e-01
4.323147742568700380e-14,4.323147742568700380e+01,4.975109070957355153e-23,3.906674009230565181e-02,4.133925613189502167e-36,9.088848286089719064e-01
4.327914166369489779e-14,4.327914166369490090e+01,7.473444179566783077e-23,5.868476393047354633e-02,4.137487783404903719e-36,9.096680073036662595e-01
4.332680590170279178e-14,4.332680590170279089e+01,9.143163579864405261e-23,7.179613353225705596e-02,4.141845814882248294e-36,9.106261640444942573e-01
4.337447013971068577e-14,4.337447013971068799e+01,8.239291172283239173e-23,6.469853066165606736e-02,4.145773021255204543e-36,9.114895995837811737e-01
4.342213437771857976e-14,4.342213437771857798e+01,5.122215537018607346e-23,4.022188463156027571e-02,4.148214493110004932e-36,9.120263815522868800e-01
4.346979861572647375e-14,4.346979861572647508e+01,4.038856763116125325e-23,3.171487603272708788e-02,4.150139588811552912e-36,9.124496330668218080e-01
4.351746285373436773e-14,4.351746285373436507e+01,4.229480267697351502e-23,3.321173545887152329e-02,4.152155544008945091e-36,9.128928609488666801e-01
4.356512709174226172e-14,4.356512709174226217e+01,4.503134537996710055e-23,3.536058890116949849e-02,4.154301934795010476e-36,9.133647663976480757e-01
4.361279132975015571e-14,4.361279132975015216e+01,7.334258823627036108e-23,5.759181942461433917e-02,4.157797763184951433e-36,9.141333591795066660e-01
4.366045556775804970e-14,4.366045556775804926e+01,9.345020463735978646e-23,7.338120238312668964e-02,4.162252008477804431e-36,9.151126694884924584e-01
4.370811980576594369e-14,4.370811980576594635e+01,8.513471455034199096e-23,6.685151458460057705e-02,4.166309901159963705e-36,9.160048377179281776e-01
4.375578404377383768e-14,4.375578404377383634e+01,5.063832256967562351e-23,3.976343349110084135e-02,4.168723544991127615e-36,9.165355014175388115e-01
4.380344828178173167e-14,4.380344828178173344e+01,3.614224612977051941e-23,2.838047801095108097e-02,4.170446242446112996e-36,9.169142536563609225e-01
4.385111251978962565e-14,4.385111251978962343e+01,4.359901378980093030e-23,3.423585926889526759e-02,4.172524362046812787e-36,9.173711490032643301e-01
4.389877675779751964e-14,4.389877675779752053e+01,4.219596156099294312e-23,3.313412107628466163e-02,4.174535606044509745e-36,9.178133410810088710e-01
4.394644099580541363e-14,4.394644099580541052e+01,6.799327826175598765e-23,5.339130644154285038e-02,4.177776462935281973e-36,9.185258758325577366e-01
4.399410523381330762e-14,4.399410523381330762e+01,8.637777632124029430e-23,6.782762124738415943e-02,4.181893605375783131e-36,9.194310707130496363e-01
4.404176947182120161e-14,4.404176947182120472e+01,7.570025997914801994e-23,5.944316675968393943e-02,4.185501810708113116e-36,9.202243706879204010e-01
4.408943370982909560e-14,4.408943370982909471e+01,4.391500938032712144e-23,3.448399287620582815e-02,4.187594992040106939e-36,9.206845775068595028e-01
4.413709794783698959e-14,4.413709794783699181e+01,3.631998595804767603e-23,2.852004712544324930e-02,4.189326161352340370e-36,9.210651923680999165e-01
4.418476218584488358e-14,4.418476218584488180e+01,4.066681464965080854e-23,3.193336780442002087e-02,4.191264519523212852e-36,9.214913597689586844e-01
4.423242642385277756e-14,4.423242642385277890e+01,4.079273578278580732e-23,3.203224660506844707e-02,4.193208879645785059e-36,9.219188467588357305e-01
4.428009066186067155e-14,4.428009066186066889e+01,6.939919878881535842e-23,5.449529694783534356e-02,4.196516748855193525e-36,9.226461148378407584e-01
4.432775489986856554e-14,4.432775489986856599e+01,8.566357952297664082e-23,6.726680257397256446e-02,4.200599849554007858e-36,9.235438253014723875e-01
4.437541913787645953e-14,4.437541913787646308e+01,7.176835003558579346e-23,5.635565849321814980e-02,4.204020642869146614e-36,9.242959208728143139e-01
4.442308337588435352e-14,4.442308337588435307e+01,4.194724633935124164e-23,3.293881896768171419e-02,4.206020032012062503e-36,9.247355065423492615e-01
4.447074761389224751e-14,4.447074761389225017e+01,3.409299691272892997e-23,2.677131758040158030e-02,4.207645053290582740e-36,9.250927836983535713e-01
4.451841185190014150e-14,4.451841185190014016e+01,3.820111313896856343e-23,2.999719075404446919e-02,4.209465885348054657e-36,9.254931118095321985e-01
4.456607608990803548e-14,4.456607608990803726e+01,4.237596384234627360e-23,3.327546676823548571e-02,4.211485709041403592e-36,9.259371902190450809e-01
4.461374032791592947e-14,4.461374032791592725e+01,6.653759007790803368e-23,5.224823618674569875e-02,4.214657181469446130e-36,9.266344701035700293e-01
4.466140456592382346e-14,4.466140456592382435e+01,7.605796737889867731e-23,5.972405431040580387e-02,4.218282436700251490e-36,9.274315186688857349e-01
4.470906880393171745e-14,4.470906880393171434e+01,6.042999544685901486e-23,4.745228480885079619e-02,4.221162794467373136e-36,9.280647940880539792e-01
4.475673304193961144e-14,4.475673304193961144e+01,4.010145381609701380e-23,3.148942166318365737e-02,4.223074205069308269e-36,9.284850367967757423e-01
4.480439727994750543e-14,4.480439727994750854e+01,3.296650038462970423e-23,2.588674306252736895e-02,4.224645532598551744e-36,9.288305088458006509e-01
4.485206151795539942e-14,4.485206151795539853e+01,3.617882718766742817e-23,2.840920306322184535e-02,4.226369973666679132e-36,9.292096444353842299e-01
4.489972575596329341e-14,4.489972575596329563e+01,4.389867049325818385e-23,3.447116286493540765e-02,4.228462376215885932e-36,9.296696800311504694e-01
4.494738999397118739e-14,4.494738999397118562e+01,6.470907360847814600e-23,5.081240479798838916e-02,4.231546693555199640e-36,9.303477979990629754e-01
4.499505423197908138e-14,4.499505423197908272e+01,6.830407683663858276e-23,5.363535912406345446e-02,4.234802364464781082e-36,9.310635897605841205e-01
4.504271846998697537e-14,4.504271846998697271e+01,5.382110810953463100e-23,4.226269639532685002e-02,4.237367713769080022e-36,9.316276074234371984e-01
4.509038270799486936e-14,4.509038270799486980e+01,3.721178058962554634e-23,2.922032341266968952e-02,4.239141389912147240e-36,9.320175678359217120e-01
4.513804694600276335e-14,4.513804694600275980e+01,3.021084200418080314e-23,2.372287915126913144e-02,4.240581370715960430e-36,9.323341619956951876e-01
4.518571118401065734e-14,4.518571118401065689e+01,3.481797270640152336e-23,2.734060039411826890e-02,4.242240947510211438e-36,9.326990365269141048e-01
4.523337542201855133e-14,4.523337542201855399e+01,4.392191033552599485e-23,3.448941180912364068e-02,4.244334457771899114e-36,9.331593156643311904e-01
4.528103966002644531e-14,4.528103966002644398e+01,5.956054451156062449e-23,4.676955377264904734e-02,4.247173373706432566e-36,9.337834796827549910e-01
4.532870389803433930e-14,4.532870389803434108e+01,6.001543326394726874e-23,4.712675238692953100e-02,4.250033971627559013e-36,9.344124107024538439e-01
4.537636813604223329e-14,4.537636813604223107e+01,4.889612326049501894e-23,3.839538212519066213e-02,4.252364574623207382e-36,9.349248170451072149e-01
4.542403237405012728e-14,4.542403237405012817e+01,3.110045306877302169e-23,2.442144080585765750e-02,4.253846958179506518e-36,9.352507338734605824e-01
4.547169661205802127e-14,4.547169661205801816e+01,2.865005230420844333e-23,2.249727857291166852e-02,4.255212544922855073e-36,9.355509717561208971e-01
4.551936085006591526e-14,4.551936085006591526e+01,3.591683385926904662e-23,2.820347440239294803e-02,4.256924498243585264e-36,9.359273617897330144e-01
4.556702508807380925e-14,4.556702508807381236e+01,4.184585878036861632e-23,3.285920500628155411e-02,4.258919054812199830e-36,9.363658849695484232e-01
4.561468932608170324e-14,4.561468932608170235e+01,5.265841548766024435e-23,4.134969911590705843e-02,4.261428985103152309e-36,9.369177182088873623e-01
4.566235356408959722e-14,4.566235356408959944e+01,5.341121598318179327e-23,4.194083110679303755e-02,4.263974797156768142e-36,9.374774404120733706e-01
4.571001780209749121e-14,4.571001780209748944e+01,4.262545214767509168e-23,3.347137593608163347e-02,4.266006512553447245e-36,9.379241333313173001e-01
4.575768204010538520e-14,4.575768204010538653e+01,2.392054087659535622e-23,1.878345861296865094e-02,4.267146670105969964e-36,9.381748083551748607e-01
4.580534627811327919e-14,4.580534627811327653e+01,2.768865489724111270e-23,2.174234713145521344e-02,4.268466432445924656e-36,9.384649712851335090e-01
4.585301051612117318e-14,4.585301051612117362e+01,3.240177695068732807e-23,2.544329743544253633e-02,4.270010842787483095e-36,9.388045253216432684e-01
4.590067475412906717e-14,4.590067475412907072e+01,3.743542265625570318e-23,2.939593697945055289e-02,4.271795178689150319e-36,9.391968293885072372e-01
4.594833899213696116e-14,4.594833899213696071e+01,4.909928018713839655e-23,3.855490986092332401e-02,4.274135465032071823e-36,9.397113647117592006e-01
4.599600323014485515e-14,4.599600323014485781e+01,5.239966911074775248e-23,4.114652010389956843e-02,4.276633062339528516e-36,9.402604864215160507e-01
4.604366746815274913e-14,4.604366746815274780e+01,3.613139140371467829e-23,2.837195440361808124e-02,4.278355242410816350e-36,9.406391249083654316e-01
4.609133170616064312e-14,4.609133170616064490e+01,1.983388008925592385e-23,1.557443319166899355e-02,4.279300611844403571e-36,9.408469738190659015e-01
4.613899594416853711e-14,4.613899594416853489e+01,3.014884384791767338e-23,2.367419547775787350e-02,4.280737637545049669e-36,9.411629182698976193e-01
4.618666018217643110e-14,4.618666018217643199e+01,3.015746767533354948e-23,2.368096728556051342e-02,4.282175074295011553e-36,9.414789530940262940e-01
4.623432442018432509e-14,4.623432442018432198e+01,3.413659883268230574e-23,2.680555572171767001e-02,4.283802173831653353e-36,9.418366871758327985e-01
4.628198865819221908e-14,4.628198865819221908e+01,4.517387676832243297e-23,3.547251080327167710e-02,4.285955358286797723e-36,9.423100862806046418e-01
4.632965289620011307e-14,4.632965289620011617e+01,4.584435805066235886e-23,3.599900213482531974e-02,4.288140500811026620e-36,9.427905116860070267e-01
4.637731713420800705e-14,4.637731713420800617e+01,2.599789720768997031e-23,2.041468998314567226e-02,4.289379674247947665e-36,9.430629563408502447e-01
4.642498137221590104e-14,4.642498137221590326e+01,1.855844662225097108e-23,1.457290685224900927e-02,4.290264250946635176e-36,9.432574393616894870e-01
4.647264561022379503e-14,4.647264561022379326e+01,2.821484405368525288e-23,2.215553395250790397e-02,4.291609093762147675e-36,9.435531164846603369e-01
4.652030984823168902e-14,4.652030984823169035e+01,2.253578548762306519e-23,1.769608790207908774e-02,4.292683247819043866e-36,9.437892799808748068e-01
4.656797408623958301e-14,4.656797408623958034e+01,3.355669140403623554e-23,2.635018695553796239e-02,4.294282706432432529e-36,9.441409369296740461e-01
4.661563832424747700e-14,4.661563832424747744e+01,4.580965448171987610e-23,3.597175136928802697e-02,4.296466194832851040e-36,9.446209986594381602e-01
4.666330256225537099e-14,4.666330256225536743e+01,4.089171889372931900e-23,3.210997248833262485e-02,4.298415272923218887e-36,9.450495229416500109e-01
4.671096680026326498e-14,4.671096680026326453e+01,1.941272460689834051e-23,1.524372342163078133e-02,4.299340568245334853e-36,9.452529583584777795e-01
4.675863103827115896e-14,4.675863103827116163e+01,2.183196063254125758e-23,1.714341373369759891e-02,4.300381174932699807e-36,9.454817461304874104e-01
4.680629527627905295e-14,4.680629527627905162e+01,2.646833125307489982e-23,2.078409544379999571e-02,4.301642771312837963e-36,9.457591206933186889e-01
4.685395951428694694e-14,4.685395951428694872e+01,2.038910721562124947e-23,1.601042190123386569e-02,4.302614605298574773e-36,9.459727881000916661e-01
4.690162375229484093e-14,4.690162375229483871e+01,3.378912453659417534e-23,2.653270365314142065e-02,4.304225142691198183e-36,9.463268808291414036e-01
4.694928799030273492e-14,4.694928799030273581e+01,4.221243297669395785e-23,3.314705515485392301e-02,4.306237171788576468e-36,9.467692455188911893e-01
4.699695222831062891e-14,4.699695222831062580e+01,3.130110141773779649e-23,2.457899869629097747e-02,4.307729119122368436e-36,9.470972650392329717e-01
4.704461646631852290e-14,4.704461646631852290e+01,1.539382854903920349e-23,1.208790984023803451e-02,4.308462856288805403e-36,9.472585844825808232e-01
4.709228070432641688e-14,4.709228070432641999e+01,2.281236958732441458e-23,1.791327387695094628e-02,4.309550193553046680e-36,9.474976464385813646e-01
4.713994494233431087e-14,4.713994494233430999e+01,1.964594028947425955e-23,1.542685461185592036e-02,4.310486604954151941e-36,9.477035258363832870e-01
4.718760918034220486e-14,4.718760918034220708e+01,2.088182500385686212e-23,1.639732553484912411e-02,4.311481924023709604e-36,9.479223566733629980e-01
4.723527341835009885e-14,4.723527341835009707e+01,3.604107945184135598e-23,2.830103749504898208e-02,4.313199799432550835e-36,9.483000487371859855e-01
4.728293765635799284e-14,4.728293765635799417e+01,3.949558970822555142e-23,3.101367057318963824e-02,4.315082331902425753e-36,9.487139423001891281e-01
4.733060189436588683e-14,4.733060189436588416e+01,2.461425253487223047e-23,1.932819145533204441e-02,4.316255554785307758e-36,9.489718870671259854e-01
4.737826613237378082e-14,4.737826613237378126e+01,1.559549768401533427e-23,1.224626929665165176e-02,4.316998904384361938e-36,9.491353198997771745e-01
4.742593037038167481e-14,4.742593037038167836e+01,2.291555101600551249e-23,1.799429646357459181e-02,4.318091159726576681e-36,9.493754631443335201e-01
4.747359460838956879e-14,4.747359460838956835e+01,1.691861148185365544e-23,1.328523632461967377e-02,4.318897574713542919e-36,9.495527615323059445e-01
4.752125884639746278e-14,4.752125884639746545e+01,2.403137267833528750e-23,1.887048860830707955e-02,4.320043014994264431e-36,9.498045980167129088e-01
4.756892308440535677e-14,4.756892308440535544e+01,3.615534122079718821e-23,2.839076085119292270e-02,4.321766336618536571e-36,9.501834874853858359e-01
4.761658732241325076e-14,4.761658732241325254e+01,3.317409070956042393e-23,2.604975209718527959e-02,4.323347558810196351e-36,9.505311349747538330e-01
4.766425156042114475e-14,4.766425156042114253e+01,1.699863195435746443e-23,1.334807191187581919e-02,4.324157787922710596e-36,9.507092719363169353e-01
4.771191579842903874e-14,4.771191579842903963e+01,1.717512380468256140e-23,1.348666105930397541e-02,4.324976429408388376e-36,9.508892584421283489e-01
4.775958003643693273e-14,4.775958003643692962e+01,2.058146936963758276e-23,1.616147310769728770e-02,4.325957432215342623e-36,9.511049417058085043e-01
4.780724427444482671e-14,4.780724427444482671e+01,1.434416707310850429e-23,1.126366957775873021e-02,4.326641137926990846e-36,9.512552612341927949e-01
4.785490851245272070e-14,4.785490851245272381e+01,2.853695804939233819e-23,2.240847200011459109e-02,4.328001334103736682e-36,9.515543139469536671e-01
4.790257275046061469e-14,4.790257275046061380e+01,3.631555887064757571e-23,2.851657078210365764e-02,4.329732292401630575e-36,9.519348824145843491e-01
4.795023698846850868e-14,4.795023698846851090e+01,2.765017426228443175e-23,2.171213044790117411e-02,4.331050220586296256e-36,9.522246420871863792e-01
4.799790122647640267e-14,4.799790122647640089e+01,1.363484227979549578e-23,1.070667661647566569e-02,4.331700116777313351e-36,9.523675282548285104e-01
4.804556546448429666e-14,4.804556546448429799e+01,2.032570804239044719e-23,1.596063808770637263e-02,4.332668928881289105e-36,9.525805312707189554e-01
4.809322970249219065e-14,4.809322970249218798e+01,1.733705643814089938e-23,1.361381767061746635e-02,4.333495288784204028e-36,9.527622147476382253e-01
4.814089394050008464e-14,4.814089394050008508e+01,1.950261057388284348e-23,1.531430582816791820e-02,4.334424868464464672e-36,9.529665921233889669e-01
4.818855817850797862e-14,4.818855817850797507e+01,3.168995620147020028e-23,2.488434454003144933e-02,4.335935350317220949e-36,9.532986866428160289e-01
4.823622241651587261e-14,4.823622241651587217e+01,3.335756397889672686e-23,2.619382336124839381e-02,4.337525317646994441e-36,9.536482568381297042e-01
4.828388665452376660e-14,4.828388665452376927e+01,1.990094273253057250e-23,1.562709372267137228e-02,4.338473883579339937e-36,9.538568085310032973e-01
4.833155089253166059e-14,4.833155089253165926e+01,1.578692109355445455e-23,1.239658335974833797e-02,4.339226357254946412e-36,9.540222473830001215e-01
4.837921513053955458e-14,4.837921513053955636e+01,2.140900339187614944e-23,1.681128914395382118e-02,4.340246803951162759e-36,9.542466027796323580e-01
4.842687936854744857e-14,4.842687936854744635e+01,1.582683429991501687e-23,1.242792496124690664e-02,4.341001180064673705e-36,9.544124599016007293e-01
4.847454360655534256e-14,4.847454360655534344e+01,2.548077995165587177e-23,2.000862681647739075e-02,4.342215705432470706e-36,9.546794854323044088e-01
4.852220784456323655e-14,4.852220784456323344e+01,3.324023511874139533e-23,2.610169159047431506e-02,4.343800080355838094e-36,9.550278260812223863e-01
4.856987208257113053e-14,4.856987208257113053e+01,2.828726464022816265e-23,2.221240177573453531e-02,4.345148375053109008e-36,9.553242621348692065e-01
4.861753632057902452e-14,4.861753632057902763e+01,1.483108515596893206e-23,1.164601902815362751e-02,4.345855289409264936e-36,9.554796843155166641e-01
4.866520055858691851e-14,4.866520055858691762e+01,2.087733322986253368e-23,1.639379839675653150e-02,4.346850394381237152e-36,9.556984680810041155e-01
4.871286479659481250e-14,4.871286479659481472e+01,1.887570123478189495e-23,1.482202909889848361e-02,4.347750092821712238e-36,9.558962757677854638e-01
4.876052903460270649e-14,4.876052903460270471e+01,1.934765462627028013e-23,1.519262761680014069e-02,4.348672286624082525e-36,9.560990292845243932e-01
4.880819327261060048e-14,4.880819327261060181e+01,2.991696291799338829e-23,2.349211239389955436e-02,4.350098259865885804e-36,9.564125437419065401e-01
4.885585751061849447e-14,4.885585751061849180e+01,3.292727822042211553e-23,2.585594409765842872e-02,4.351667717895314003e-36,9.567576047627277536e-01
4.890352174862638845e-14,4.890352174862638890e+01,2.214431641885075897e-23,1.738868920697949141e-02,4.352723212824992059e-36,9.569896658634881037e-01
4.895118598663428244e-14,4.895118598663428600e+01,1.973681233259028879e-23,1.549821132865223348e-02,4.353663955584941059e-36,9.571964975537858855e-01
4.899885022464217643e-14,4.899885022464217599e+01,2.586057387903090702e-23,2.030685767810835873e-02,4.354896583591676296e-36,9.574675031304381578e-01
4.904651446265007042e-14,4.904651446265007309e+01,1.821163496932322633e-23,1.430057512016692269e-02,4.355764629730815599e-36,9.576583517426819903e-01
4.909417870065796441e-14,4.909417870065796308e+01,2.520840994691021302e-23,1.979474993392914273e-02,4.356966172753456422e-36,9.579225229751576753e-01
4.914184293866585840e-14,4.914184293866586017e+01,3.112788965105660848e-23,2.444298521450893880e-02,4.358449864057212016e-36,9.582487273248490034e-01
4.918950717667375239e-14,4.918950717667375017e+01,2.613988901518613155e-23,2.052618818267402598e-02,4.359695805444429386e-36,9.585226599811514925e-01
4.923717141468164638e-14,4.923717141468164726e+01,1.803219277921260277e-23,1.415966923644331604e-02,4.360555298584313848e-36,9.587116281310963384e-01
4.928483565268954036e-14,4.928483565268953726e+01,2.452559245773444095e-23,1.925857167130911457e-02,4.361724295540320976e-36,9.589686437858084833e-01
4.933249989069743435e-14,4.933249989069743435e+01,1.927035099072405230e-23,1.513192540917007549e-02,4.362642804713469458e-36,9.591705872000173549e-01
4.938016412870532834e-14,4.938016412870533145e+01,2.082052893379937906e-23,1.634919317024240148e-02,4.363635202144357583e-36,9.593887756855592475e-01
4.942782836671322233e-14,4.942782836671322144e+01,2.952399659122297258e-23,2.318353798610242600e-02,4.365042444893081357e-36,9.596981720569898178e-01
4.947549260472111632e-14,4.947549260472111854e+01,2.971479995609058915e-23,2.333336516290814358e-02,4.366458782164317105e-36,9.600095679500152412e-01
4.952315684272901031e-14,4.952315684272900853e+01,2.362912934731947269e-23,1.855462948959163416e-02,4.367585049769379259e-36,9.602571891302147389e-01
4.957082108073690430e-14,4.957082108073690563e+01,2.644833678457116805e-23,2.076839490953675746e-02,4.368845693125738380e-36,9.605343541612509917e-01
4.961848531874479828e-14,4.961848531874479562e+01,2.637237421256381594e-23,2.070874576385916752e-02,4.370102715773827140e-36,9.608107231434166451e-01
4.966614955675269227e-14,4.966614955675269272e+01,1.881339700048753944e-23,1.477310507948277792e-02,4.370999444522117576e-36,9.610078779137150029e-01
4.971381379476058626e-14,4.971381379476058271e+01,2.536716189319869988e-23,1.991940893007063812e-02,4.372208554356540281e-36,9.612737127853252517e-01
4.976147803276848025e-14,4.976147803276847981e+01,2.658216703714191271e-23,2.087348429791197058e-02,4.373475576647807423e-36,9.615522802889029386e-01
4.980914227077637424e-14,4.980914227077637690e+01,2.440369135977244844e-23,1.916284957872529254e-02,4.374638763264566006e-36,9.618080184825075207e-01
4.985680650878426823e-14,4.985680650878426690e+01,2.294919277816956776e-23,1.802071345182480744e-02,4.375732622120237805e-36,9.620485142755106356e-01
4.990447074679216222e-14,4.990447074679216399e+01,2.467076968556588464e-23,1.937257120269870320e-02,4.376908538857599911e-36,9.623070513132564452e-01
4.995213498480005621e-14,4.995213498480005399e+01,1.871521063905830098e-23,1.469600483890800939e-02,4.377800587614660098e-36,9.625031771407470682e-01
4.999979922280795019e-14,4.999979922280795108e+01,2.210573954286364105e-23,1.735839695074415517e-02,4.378854243801781067e-36,9.627348339755941176e-01
5.004746346081584418e-14,5.004746346081584107e+01,2.487369626482493771e-23,1.953191805955482169e-02,4.380039832907052353e-36,9.629954975800157913e-01
5.009512769882373817e-14,5.009512769882373817e+01,2.627618998011202841e-23,2.063321768283462795e-02,4.381292270994130244e-36,9.632708586006605289e-01
5.014279193683163216e-14,5.014279193683163527e+01,2.643916548768706857e-23,2.076119320467822299e-02,4.382552477206385041e-36,9.635479275211999983e-01
5.019045617483952615e-14,5.019045617483952526e+01,2.703334183238677643e-23,2.122776655003229609e-02,4.383841004460811555e-36,9.638312231056829216e-01
5.023812041284742014e-14,5.023812041284742236e+01,2.236023080405337078e-23,1.755823465912125306e-02,4.384906790814009782e-36,9.640655468786771820e-01
5.028578465085531413e-14,5.028578465085531235e+01,2.024972338227774889e-23,1.590097159747897934e-02,4.385871981156899793e-36,9.642777536142250749e-01
5.033344888886320811e-14,5.033344888886320945e+01,2.180077222779243965e-23,1.711892322937220642e-02,4.386911101268546864e-36,9.645062145477177884e-01
5.038111312687110210e-14,5.038111312687109944e+01,2.249118644748549007e-23,1.766106677822892185e-02,4.387983129540214739e-36,9.647419106688212009e-01
5.042877736487899609e-14,5.042877736487899654e+01,2.602350994356068612e-23,2.043480222754158471e-02,4.389223523792098839e-36,9.650146237320254006e-01
5.047644160288689008e-14,5.047644160288689363e+01,2.547161338793720361e-23,2.000142882830810084e-02,4.390437612241395576e-36,9.652815532018336198e-01
5.052410584089478407e-14,5.052410584089478363e+01,2.180176934797663901e-23,1.711970621190628608e-02,4.391476779880149399e-36,9.655100245846353069e-01
5.057177007890267806e-14,5.057177007890268072e+01,1.932176105591730563e-23,1.517229484884241586e-02,4.392397739481756941e-36,9.657125067500115234e-01
5.061943431691057205e-14,5.061943431691057071e+01,2.041106594777898155e-23,1.602766486153337985e-02,4.393370620116666369e-36,9.659264042730572042e-01
5.066709855491846604e-14,5.066709855491846781e+01,1.895481293952288934e-23,1.488415108181977316e-02,4.394274089366844911e-36,9.661250410100081787e-01
5.071476279292636002e-14,5.071476279292635780e+01,2.521871089261058900e-23,1.980283868862058733e-02,4.395476123377590445e-36,9.663893201911218922e-01
5.076242703093425401e-14,5.076242703093425490e+01,2.708078077178314720e-23,2.126501768742888876e-02,4.396766911779259666e-36,9.666731129114065624e-01
5.081009126894214800e-14,5.081009126894214489e+01,2.268724204826006813e-23,1.781501824119910773e-02,4.397848284917964126e-36,9.669108635948484576e-01
5.085775550695004199e-14,5.085775550695004199e+01,1.758479031681650593e-23,1.380834918565048905e-02,4.398686452900564449e-36,9.670951431960054245e-01
5.090541974495793598e-14,5.090541974495793909e+01,1.976375035478177590e-23,1.551936424603647668e-02,4.399628479644417533e-36,9.673022571829867911e-01
5.095308398296582997e-14,5.095308398296582908e+01,1.562721304784883983e-23,1.227117359237954453e-02,4.400373340936362988e-36,9.674660223764163236e-01
5.100074822097372396e-14,5.100074822097372618e+01,2.234012431730109764e-23,1.754244616321257166e-02,4.401438168926502351e-36,9.677001354437216873e-01
5.104841245898161795e-14,5.104841245898161617e+01,2.790500473366340652e-23,2.191223451900742650e-02,4.402768243445485922e-36,9.679925656092202013e-01
5.109607669698951193e-14,5.109607669698951327e+01,2.557791555035935584e-23,2.008490195203998033e-02,4.403987398720568202e-36,9.682606090712760905e-01
5.114374093499740592e-14,5.114374093499740326e+01,1.602180285036220038e-23,1.258102282458737828e-02,4.404751067887545204e-36,9.684285093638520525e-01
5.119140517300529991e-14,5.119140517300530036e+01,2.023000343736903404e-23,1.588548663119189464e-02,4.405715318291650901e-36,9.686405094444716646e-01
5.123906941101319390e-14,5.123906941101319035e+01,1.603954117667700005e-23,1.259495173697762309e-02,4.406479832944807312e-36,9.688085956256274889e-01
5.128673364902108789e-14,5.128673364902108744e+01,1.701480991380173694e-23,1.336077555571194529e-02,4.407290833169594595e-36,9.689869021239243541e-01
5.133439788702898188e-14,5.133439788702898454e+01,2.365777288678804763e-23,1.857712165400014423e-02,4.408418466050970108e-36,9.692348234737553359e-01
5.138206212503687587e-14,5.138206212503687453e+01,2.556038075015810319e-23,2.007113285728722926e-02,4.409636785540817492e-36,9.695026831800810374e-01
5.142972636304476985e-14,5.142972636304477163e+01,1.520626424704842439e-23,1.194062611777165460e-02,4.410361582572639357e-36,9.696620370455549809e-01
5.147739060105266384e-14,5.147739060105266162e+01,1.761522141509631168e-23,1.383224501969683440e-02,4.411201201034420882e-36,9.698466355490448221e-01
5.152505483906055783e-14,5.152505483906055872e+01,1.536740801960154136e-23,1.206716328087780593e-02,4.411933678882921042e-36,9.700076781187684238e-01
5.157271907706845182e-14,5.157271907706844871e+01,1.379878019767490557e-23,1.083540786513221589e-02,4.412591389071797813e-36,9.701522822718727790e-01
5.162038331507634581e-14,5.162038331507634581e+01,2.218481969316842660e-23,1.742049415573715052e-02,4.413648814564599403e-36,9.703847678262149667e-01
5.166804755308423980e-14,5.166804755308424291e+01,2.753189876904283501e-23,2.161925533927828644e-02,4.414961105222187294e-36,9.706732880321908841e-01
5.171571179109213379e-14,5.171571179109213290e+01,1.910176352666926986e-23,1.499954313277946510e-02,4.415871578779779152e-36,9.708734647360737213e-01
5.176337602910002778e-14,5.176337602910003000e+01,1.730698821587749530e-23,1.359020678274649833e-02,4.416696505499771131e-36,9.710548331134152278e-01
5.181104026710792176e-14,5.181104026710791999e+01,1.763282090189179245e-23,1.384606490920258642e-02,4.417536962830032794e-36,9.712396160505176734e-01
5.185870450511581575e-14,5.185870450511581708e+01,1.248247584717045218e-23,9.801787914089950607e-03,4.418131932199026673e-36,9.713704260078231956e-01
5.190636874312370974e-14,5.190636874312370708e+01,1.636562156501553660e-23,1.285100437017081682e-02,4.418911989269029384e-36,9.715419293445336502e-01
5.195403298113160373e-14,5.195403298113160417e+01,2.279976674550260370e-23,1.790337757239048380e-02,4.419998725826733312e-36,9.717808592292032088e-01
5.200169721913949772e-14,5.200169721913950127e+01,1.848691429308734017e-23,1.451673652770384126e-02,4.420879892981892484e-36,9.719745926278491321e-01
5.204936145714739171e-14,5.204936145714739126e+01,1.484660520541825025e-23,1.165820605218483193e-02,4.421587547091454660e-36,9.721301774506702076e-01
5.209702569515528570e-14,5.209702569515528836e+01,1.467567482447496141e-23,1.152398401461842206e-02,4.422287053911798623e-36,9.722839710105956046e-01
5.214468993316317968e-14,5.214468993316317835e+01,1.088623868242198620e-23,8.548352430535669996e-03,4.422805939639189187e-36,9.723980532195019011e-01
5.219235417117107367e-14,5.219235417117107545e+01,1.438190617881427750e-23,1.129330397999787211e-02,4.423491444161601491e-36,9.725487682343961771e-01
5.224001840917896766e-14,5.224001840917896544e+01,2.113137799577990832e-23,1.659328549744827283e-02,4.424498658017733896e-36,9.727702142589890189e-01
5.228768264718686165e-14,5.228768264718686254e+01,2.095835871115959424e-23,1.645742316102882796e-02,4.425497625018366747e-36,9.729898471300448826e-01
5.233534688519475564e-14,5.233534688519475253e+01,1.676017665764906743e-23,1.316082634665752781e-02,4.426296488308976353e-36,9.731654852021599522e-01
5.238301112320264963e-14,5.238301112320264963e+01,1.612303263716378150e-23,1.266051289634606385e-02,4.427064982530142508e-36,9.733344463310837913e-01
5.243067536121054362e-14,5.243067536121054673e+01,1.200285630540512921e-23,9.425169598509362465e-03,4.427637091135004108e-36,9.734602301211007225e-01
5.247833959921843761e-14,5.247833959921843672e+01,1.216601719529289631e-23,9.553290690681682726e-03,4.428216976701174682e-36,9.735877237537244877e-01
5.252600383722633159e-14,5.252600383722633381e+01,1.578450560146266782e-23,1.239468660933746268e-02,4.428969335243867784e-36,9.737531372926006012e-01
5.257366807523422558e-14,5.257366807523422381e+01,1.800201727186608863e-23,1.413597410361614945e-02,4.429827390087152866e-36,9.739417892186749137e-01
5.262133231324211957e-14,5.262133231324212090e+01,1.553348375053410009e-23,1.219757323417624759e-02,4.430567783831028869e-36,9.741045721770471566e-01
5.266899655125001356e-14,5.266899655125001090e+01,1.345900202857811137e-23,1.056859913326677232e-02,4.431209298706945587e-36,9.742456156288662461e-01
5.271666078925790755e-14,5.271666078925790799e+01,9.880297455580445925e-24,7.758443226603558250e-03,4.431680236877753097e-36,9.743491560886399228e-01
5.276432502726580154e-14,5.276432502726579798e+01,1.083965250166415935e-23,8.511770916651211633e-03,4.432196902104105927e-36,9.744627500982185886e-01
5.281198926527369553e-14,5.281198926527369508e+01,1.260058489076104729e-23,9.894532319141087842e-03,4.432797501066459096e-36,9.745947977778428584e-01
5.285965350328158951e-14,5.285965350328159218e+01,1.690765104843651470e-23,1.327662971122689321e-02,4.433603393631252259e-36,9.747719813060834460e-01
5.290731774128948350e-14,5.290731774128948217e+01,1.810196594855759083e-23,1.421445819148611615e-02,4.434466212465418235e-36,9.749616806431276039e-01
5.295498197929737749e-14,5.295498197929737927e+01,1.381232809486117123e-23,1.084604626864507128e-02,4.435124568406302465e-36,9.751064267712593603e-01
5.300264621730527148e-14,5.300264621730526926e+01,8.977264711546797081e-24,7.049342280215351031e-03,4.435552464088706574e-36,9.752005039101231398e-01
5.305031045531316547e-14,5.305031045531316636e+01,1.082047450419733133e-23,8.496711511282572377e-03,4.436068215207859112e-36,9.753138969441051964e-01
5.309797469332105946e-14,5.309797469332105635e+01,1.012509203852319898e-23,7.950666677616033060e-03,4.436550821358667739e-36,9.754200027258018713e-01
5.314563893132895345e-14,5.314563893132895345e+01,1.356171645160331843e-23,1.064925500655167223e-02,4.437197232053025712e-36,9.755621225721963219e-01
5.319330316933684744e-14,5.319330316933685054e+01,1.785329648084839216e-23,1.401919201087918794e-02,4.438048198213242962e-36,9.757492159805086773e-01
5.324096740734474142e-14,5.324096740734474054e+01,1.325025681128214811e-23,1.040468322643331618e-02,4.438679763379523116e-36,9.758880718893034878e-01
5.328863164535263541e-14,5.328863164535263763e+01,7.194435121442784296e-24,5.649386234386133930e-03,4.439022681609599030e-36,9.759634658866640500e-01
5.333629588336052940e-14,5.333629588336052763e+01,1.100257752214126536e-23,8.639706793809537669e-03,4.439547112554693030e-36,9.760787672670585557e-01
5.338396012136842339e-14,5.338396012136842472e+01,8.974992003278855346e-24,7.047557649930005080e-03,4.439974899909885307e-36,9.761728205891030408e-01
5.343162435937631738e-14,5.343162435937631471e+01,1.026641331424992236e-23,8.061638346168147409e-03,4.440464242050514871e-36,9.762804073454293130e-01
5.347928859738421137e-14,5.347928859738421181e+01,1.673227149198777935e-23,1.313891398577108661e-02,4.441261775258934900e-36,9.764557529856924267e-01
5.352695283539210536e-14,5.352695283539210891e+01,1.409517732787178590e-23,1.106815190117962228e-02,4.441933613030807332e-36,9.766034632290003792e-01
5.357461707339999935e-14,5.357461707339999890e+01,5.987868422602720634e-24,4.701937104018716167e-03,4.442219021017221860e-36,9.766662130249784690e-01
5.362228131140789333e-14,5.362228131140789600e+01,1.003555474805880370e-23,7.880358067186539819e-03,4.442697359429333224e-36,9.767713805017036455e-01
5.366994554941578732e-14,5.366994554941578599e+01,8.372798465199386343e-24,6.574688852444735866e-03,4.443096443607868596e-36,9.768591231437220301e-01
5.371760978742368131e-14,5.371760978742368309e+01,8.364375008453436379e-24,6.568074384486760273e-03,4.443495126287629542e-36,9.769467775122253617e-01
5.376527402543157530e-14,5.376527402543157308e+01,1.638460629156058547e-23,1.286591201072865946e-02,4.444276088252695937e-36,9.771184797991521176e-01
5.381293826343946929e-14,5.381293826343947018e+01,1.638082133693733506e-23,1.286293989822984152e-02,4.445056869810277831e-36,9.772901424216916544e-01
5.386060250144736328e-14,5.386060250144736017e+01,8.062986755309222714e-24,6.331411099631513439e-03,4.445441187008303503e-36,9.773746383955778105e-01
5.390826673945525727e-14,5.390826673945525727e+01,1.011680032154842093e-23,7.944155657508682536e-03,4.445923397939631553e-36,9.774806572843248720e-01
5.395593097746315125e-14,5.395593097746315436e+01,9.926518393739155449e-24,7.794737935968017867e-03,4.446396539202417845e-36,9.775846821158707955e-01
5.400359521547104524e-14,5.400359521547104436e+01,6.408941074565255769e-24,5.032581831995158045e-03,4.446702017352244605e-36,9.776518445377012645e-01
5.405125945347893923e-14,5.405125945347894145e+01,1.263279487038212642e-23,9.919825008894983878e-03,4.447304151583039824e-36,9.777842297614242062e-01
5.409892369148683322e-14,5.409892369148683144e+01,1.409229640784591876e-23,1.106588967632641737e-02,4.447975852037669583e-36,9.779319098141651123e-01
5.414658792949472721e-14,5.414658792949472854e+01,7.725202826580827227e-24,6.066168332834226580e-03,4.448344068976949375e-36,9.780128659853841722e-01
5.419425216750262120e-14,5.419425216750261853e+01,8.333756161278188027e-24,6.544031121767069151e-03,4.448741292228596357e-36,9.781001994840423652e-01
5.424191640551051519e-14,5.424191640551051563e+01,8.564479832254513897e-24,6.725205475105222250e-03,4.449149512779065873e-36,9.781899508486688877e-01
5.428958064351840918e-14,5.428958064351840562e+01,6.352612067197496810e-24,4.988349823025948170e-03,4.449452306042146189e-36,9.782565229713361399e-01
5.433724488152630316e-14,5.433724488152630272e+01,1.259425428199664867e-23,9.889561247277184677e-03,4.450052603260009211e-36,9.783885043094209255e-01
5.438490911953419715e-14,5.438490911953419982e+01,1.629024117235623760e-23,1.279181237727024419e-02,4.450829067370954748e-36,9.785592176982023105e-01
5.443257335754209114e-14,5.443257335754208981e+01,1.212084859758175161e-23,9.517822325225813729e-03,4.451406800004293086e-36,9.786862379870431283e-01
5.448023759554998513e-14,5.448023759554998691e+01,1.053351293928779953e-23,8.271376695243156871e-03,4.451908873280741103e-36,9.787966238107158601e-01
5.452790183355787912e-14,5.452790183355787690e+01,1.026572700526238008e-23,8.061099426227761808e-03,4.452398182708883528e-36,9.789042033748751592e-01
5.457556607156577311e-14,5.457556607156577400e+01,6.799767221699806868e-24,5.339475676805773528e-03,4.452722289341472931e-36,9.789754614546702927e-01
5.462323030957366710e-14,5.462323030957366399e+01,9.139107414861939863e-24,7.176428274433205648e-03,4.453157899154650407e-36,9.790712346222201212e-01
5.467089454758156108e-14,5.467089454758156108e+01,1.262808142647343088e-23,9.916123805856127266e-03,4.453759808722103220e-36,9.792035704514635563e-01
5.471855878558945507e-14,5.471855878558945818e+01,1.066261633731445988e-23,8.372754349959991155e-03,4.454268035630907799e-36,9.793153092126617443e-01
5.476622302359734906e-14,5.476622302359734817e+01,9.163465073032449045e-24,7.195554976731239998e-03,4.454704806436559728e-36,9.794113376360010781e-01
5.481388726160524305e-14,5.481388726160524527e+01,8.799964278793848573e-24,6.910118198374671540e-03,4.455124251205227435e-36,9.795035567570866686e-01
5.486155149961313704e-14,5.486155149961313526e+01,6.873385299096842132e-24,5.397283822411147979e-03,4.455451866797224035e-36,9.795755863166489830e-01
5.490921573762103103e-14,5.490921573762103236e+01,9.223446111960928677e-24,7.242654721176329004e-03,4.455891496561412379e-36,9.796722433105727879e-01
5.495687997562892502e-14,5.495687997562892235e+01,1.374515658878160207e-23,1.079330025379007796e-02,4.456546650814660989e-36,9.798162855157049878e-01
5.500454421363681901e-14,5.500454421363681945e+01,1.422009502993534356e-23,1.116624276370830997e-02,4.457224442710321425e-36,9.799653048325873694e-01
5.505220845164471299e-14,5.505220845164471655e+01,1.197885442350287471e-23,9.406322267352839467e-03,4.457795407280562077e-36,9.800908370951683102e-01
5.509987268965260698e-14,5.509987268965260654e+01,9.818555679111512994e-24,7.709960873759686209e-03,4.458263402568384104e-36,9.801937305327291794e-01
5.514753692766050097e-14,5.514753692766050364e+01,7.959738273451181026e-24,6.250335859910245533e-03,4.458642798492389038e-36,9.802771445153765084e-01
5.519520116566839496e-14,5.519520116566839363e+01,7.806464966149454095e-24,6.129978931568724407e-03,4.459014888740497722e-36,9.803589522722215843e-01
5.524286540367628895e-14,5.524286540367629073e+01,1.089531216055383828e-23,8.555477323816493285e-03,4.459534206949522957e-36,9.804731295665340962e-01
5.529052964168418294e-14,5.529052964168418072e+01,1.269786721759290246e-23,9.970922672070245060e-03,4.460139442812865216e-36,9.806061967151462611e-01
5.533819387969207693e-14,5.533819387969207781e+01,1.083642527170090019e-23,8.509236754034985376e-03,4.460655954215329987e-36,9.807197569050070118e-01
5.538585811769997092e-14,5.538585811769996781e+01,8.658608293187295467e-24,6.799119274101434428e-03,4.461068661339752105e-36,9.808104946877211905e-01
5.543352235570786490e-14,5.543352235570786490e+01,7.980710140616481624e-24,6.266803890502376309e-03,4.461449056874630143e-36,9.808941284448013942e-01
5.548118659371575889e-14,5.548118659371576200e+01,7.788498659033045551e-24,6.115870998646557623e-03,4.461820290769997492e-36,9.809757479239444855e-01
5.552885083172365288e-14,5.552885083172365199e+01,1.045838655983998169e-23,8.212384164665348721e-03,4.462318783194767914e-36,9.810853464616164921e-01
5.557651506973154687e-14,5.557651506973154909e+01,1.357872429271988345e-23,1.066261030990191955e-02,4.462966004557188058e-36,9.812276445414799264e-01
5.562417930773944086e-14,5.562417930773943908e+01,1.292328658784252225e-23,1.014793185566224484e-02,4.463581984893190929e-36,9.813630739697037919e-01
5.567184354574733485e-14,5.567184354574733618e+01,9.061904753511580322e-24,7.115805356173678445e-03,4.464013914890019404e-36,9.814580380928815684e-01
5.571950778375522884e-14,5.571950778375522617e+01,7.970660841544871155e-24,6.258912739789073906e-03,4.464393831431370280e-36,9.815415665384514821e-01
5.576717202176312282e-14,5.576717202176312327e+01,8.102945715602287846e-24,6.362788629126109145e-03,4.464780053248134102e-36,9.816264812617871982e-01
5.581483625977101681e-14,5.581483625977101326e+01,9.086870623440014903e-24,7.135409653039571747e-03,4.465213173227467204e-36,9.817217070145021207e-01
5.586250049777891080e-14,5.586250049777891036e+01,1.262578268579561685e-23,9.914318733779939677e-03,4.465814973226889195e-36,9.818540187541198172e-01
5.591016473578680479e-14,5.591016473578680746e+01,1.342149011481304181e-23,1.053914313211134525e-02,4.466454700121003303e-36,9.819946691002843231e-01
5.595782897379469878e-14,5.595782897379469745e+01,8.776759935266772510e-24,6.891897129355768412e-03,4.466873038869215906e-36,9.820866450517278246e-01
5.600549321180259277e-14,5.600549321180259454e+01,7.254631519398389265e-24,5.696655088191827226e-03,4.467218826322780224e-36,9.821626698765252295e-01
5.605315744981048676e-14,5.605315744981048454e+01,8.806152892595307410e-24,6.914977769561252499e-03,4.467638566067836991e-36,9.822549538511156086e-01
5.610082168781838075e-14,5.610082168781838163e+01,7.857639161932046352e-24,6.170163156227071420e-03,4.468013095501836933e-36,9.823372978873372574e-01
5.614848592582627473e-14,5.614848592582627163e+01,1.087160452376923121e-23,8.536861046841308365e-03,4.468531283701249294e-36,9.824512267377518704e-01
5.619615016383416872e-14,5.619615016383416872e+01,1.282678838875045676e-23,1.007215723425118267e-02,4.469142664511219200e-36,9.825856449142452709e-01
5.624381440184206271e-14,5.624381440184206582e+01,8.588065984459716929e-24,6.743726357056478368e-03,4.469552009280814978e-36,9.826756434496733972e-01
5.629147863984995670e-14,5.629147863984995581e+01,6.206773379497025305e-24,4.873830884314502704e-03,4.469847851234470816e-36,9.827406872575460417e-01
5.633914287785785069e-14,5.633914287785785291e+01,8.657603284394043898e-24,6.798330097085283387e-03,4.470260510455780306e-36,9.828314145082824860e-01
5.638680711586574468e-14,5.638680711586574290e+01,7.402592637364357902e-24,5.812840652305121918e-03,4.470613350383075081e-36,9.829089898898574207e-01
5.643447135387363867e-14,5.643447135387364000e+01,1.092739907787370293e-23,8.580673379650044508e-03,4.471134197994854846e-36,9.830235034386386461e-01
5.648213559188153265e-14,5.648213559188152999e+01,1.374021831951491854e-23,1.078942250801213053e-02,4.471789116868601608e-36,9.831674938932367658e-01
5.652979982988942664e-14,5.652979982988942709e+01,9.676317747012922797e-24,7.598269406390642869e-03,4.472250332474752939e-36,9.832688967500785582e-01
5.657746406789732063e-14,5.657746406789732418e+01,6.456789432771436240e-24,5.070154463011359615e-03,4.472558091286512124e-36,9.833365605982102853e-01
5.662512830590521462e-14,5.662512830590521418e+01,8.721547560510353894e-24,6.848541949324047848e-03,4.472973798371569176e-36,9.834279579522284820e-01
5.667279254391310861e-14,5.667279254391311127e+01,7.627534746766318976e-24,5.989475069731679813e-03,4.473337360023185783e-36,9.835078906119657516e-01
5.672045678192100260e-14,5.672045678192100127e+01,8.245803692372381758e-24,6.474966982786121983e-03,4.473730391075659955e-36,9.835943024137713264e-01
5.676812101992889659e-14,5.676812101992889836e+01,1.091700899089103699e-23,8.572514627311169852e-03,4.474250743450471685e-36,9.837087070797595478e-01
5.681578525793679058e-14,5.681578525793678835e+01,7.980353575487321727e-24,6.266523899912658686e-03,4.474631121989896431e-36,9.837923371002196271e-01
5.686344949594468456e-14,5.686344949594468545e+01,5.570377199149888893e-24,4.374104670903596753e-03,4.474896630519439383e-36,9.838507118018828823e-01
5.691111373395257855e-14,5.691111373395257544e+01,7.351705586951266093e-24,5.772881906794246135e-03,4.475247044947446222e-36,9.839277539132176287e-01
5.695877797196047254e-14,5.695877797196047254e+01,7.019899646162635434e-24,5.512333318512180509e-03,4.475581644053746307e-36,9.840013188681389078e-01
5.700644220996836653e-14,5.700644220996836964e+01,8.140854426402683568e-24,6.392556212729828304e-03,4.475969672765393858e-36,9.840866308553589681e-01
5.705410644797626052e-14,5.705410644797625963e+01,1.179893181710097156e-23,9.265039139670961515e-03,4.476532061437638405e-36,9.842102776211241189e-01
5.710177068598415451e-14,5.710177068598415673e+01,9.950199209252985002e-24,7.813333151704154877e-03,4.477006331431618127e-36,9.843145506154947766e-01
5.714943492399204850e-14,5.714943492399204672e+01,7.102030321587910636e-24,5.576825929722959742e-03,4.477344845244962490e-36,9.843889762578531544e-01
5.719709916199994248e-14,5.719709916199994382e+01,7.204489153679826091e-24,5.657281101788680898e-03,4.477688242694168289e-36,9.844644756163249966e-01
5.724476340000783647e-14,5.724476340000783381e+01,7.744330336949721100e-24,6.081188093517596836e-03,4.478057371334212639e-36,9.845456322340616628e-01
5.729242763801573046e-14,5.729242763801573091e+01,6.083609709656226564e-24,4.777117364874834335e-03,4.478347342768924347e-36,9.846093853497196458e-01
5.734009187602362445e-14,5.734009187602362090e+01,8.314597885333990534e-24,6.528987202603612691e-03,4.478743652853385058e-36,9.846965180794529093e-01
5.738775611403151844e-14,5.738775611403151800e+01,7.547964713839391178e-24,5.926993187401925767e-03,4.479103421849372996e-36,9.847756168859757020e-01
5.743542035203941243e-14,5.743542035203941509e+01,4.914939888702980309e-24,3.859426526388025185e-03,4.479337689371299569e-36,9.848271229401328597e-01
5.748308459004730642e-14,5.748308459004730508e+01,5.556300370726672548e-24,4.363050927367720204e-03,4.479602526937659197e-36,9.848853501238398200e-01
5.753074882805520041e-14,5.753074882805520218e+01,6.581486253781532018e-24,5.168071880041993048e-03,4.479916229345049883e-36,9.849543207308255610e-01
5.757841306606309439e-14,5.757841306606309217e+01,5.521238264502766847e-24,4.335518622620187189e-03,4.480179395698144699e-36,9.850121804816069915e-01
5.762607730407098838e-14,5.762607730407098927e+01,8.997707253044694381e-24,7.065394661060357510e-03,4.480608265761445821e-36,9.851064718478413917e-01
5.767374154207888237e-14,5.767374154207887926e+01,9.419471736021108343e-24,7.396582645114636693e-03,4.481057238963849492e-36,9.852051830899630769e-01
5.772140578008677636e-14,5.772140578008677636e+01,6.272435400234454054e-24,4.925391585024750316e-03,4.481356210656470537e-36,9.852709150022016527e-01
5.776907001809467035e-14,5.776907001809467346e+01,5.464194549154877652e-24,4.290725393575127791e-03,4.481616658056712087e-36,9.853281769640460652e-01
5.781673425610256434e-14,5.781673425610256345e+01,6.596371664632599900e-24,5.179760557990392873e-03,4.481931069967858965e-36,9.853973035625178678e-01
5.786439849411045833e-14,5.786439849411046055e+01,4.337257836670538585e-24,3.405805223601221770e-03,4.482137802637710984e-36,9.854427558044757118e-01
5.791206273211835232e-14,5.791206273211835054e+01,6.436168608708958991e-24,5.053962086871494758e-03,4.482444578570846512e-36,9.855102035569267560e-01
5.795972697012624630e-14,5.795972697012624764e+01,7.341922922865620326e-24,5.765200129575024160e-03,4.482794526714315703e-36,9.855871431509494185e-01
5.800739120813414029e-14,5.800739120813413763e+01,4.805049986883882923e-24,3.773136152209161792e-03,4.483023556403111779e-36,9.856374976151864864e-01
5.805505544614203428e-14,5.805505544614203473e+01,4.268787865540975644e-24,3.352039596996947337e-03,4.483227025494806593e-36,9.856822323268954467e-01
5.810271968414992827e-14,5.810271968414993182e+01,5.868396227367903617e-24,4.608122292465295124e-03,4.483506738914095004e-36,9.857437301154231557e-01
5.815038392215782226e-14,5.815038392215782181e+01,3.738375542240734779e-24,2.935536559966262036e-03,4.483684926235637881e-36,9.857829063774933287e-01
5.819804816016571625e-14,5.819804816016571891e+01,6.148903332350917100e-24,4.828388783272254646e-03,4.483978009849854028e-36,9.858473437368945325e-01
5.824571239817361024e-14,5.824571239817360890e+01,7.854242326874164675e-24,6.167495812246265308e-03,4.484352377375844260e-36,9.859296521760233523e-01
5.829337663618150422e-14,5.829337663618150600e+01,5.791599434953280287e-24,4.547818080308444269e-03,4.484628430324271347e-36,9.859903451734778335e-01
5.834104087418939821e-14,5.834104087418939599e+01,4.591393716022466254e-24,3.605363870560911871e-03,4.484847276221148682e-36,9.860384606293632892e-01
5.838870511219729220e-14,5.838870511219729309e+01,5.857880711501307530e-24,4.599865047861454240e-03,4.485126488424980177e-36,9.860998482206676519e-01
5.843636935020518619e-14,5.843636935020518308e+01,3.924273375569234485e-24,3.081511698094635803e-03,4.485313536449955360e-36,9.861409725968728335e-01
5.848403358821308018e-14,5.848403358821308018e+01,5.379873601426256311e-24,4.224512884416668952e-03,4.485569964745198927e-36,9.861973509183475928e-01
5.853169782622097417e-14,5.853169782622097728e+01,7.268900435452026926e-24,5.707859667366191846e-03,4.485916432317683163e-36,9.862735252740812975e-01
5.857936206422886816e-14,5.857936206422886727e+01,5.707624402731598359e-24,4.481877199188904516e-03,4.486188482648957426e-36,9.863333382561834117e-01
5.862702630223676215e-14,5.862702630223676437e+01,4.562834979101202574e-24,3.582938296834688695e-03,4.486405967311581560e-36,9.863811544311246182e-01
5.867469054024465613e-14,5.867469054024465436e+01,5.570890353168735162e-24,4.374507621962471678e-03,4.486671500300287956e-36,9.864395345103791346e-01
5.872235477825255012e-14,5.872235477825255145e+01,4.206652841910790039e-24,3.303248449221716197e-03,4.486872007765118878e-36,9.864836180788464359e-01
5.877001901626044411e-14,5.877001901626044145e+01,4.584618584137975594e-24,3.600043739632173036e-03,4.487090530729591468e-36,9.865316625348178325e-01
5.881768325426833810e-14,5.881768325426833854e+01,6.108358248405272756e-24,4.796551003759605067e-03,4.487381681787854009e-36,9.865956750024935662e-01
5.886534749227623209e-14,5.886534749227622854e+01,5.224267632427790848e-24,4.102324247726043746e-03,4.487630693222346306e-36,9.866504226530652399e-01
5.891301173028412608e-14,5.891301173028412563e+01,4.388486069425138481e-24,3.446031880461771207e-03,4.487839867653727361e-36,9.866964117406793466e-01
5.896067596829202007e-14,5.896067596829202273e+01,5.001758370057531374e-24,3.927600208570921660e-03,4.488078273324022523e-36,9.867488276080801368e-01
5.900834020629991405e-14,5.900834020629991272e+01,4.623553208545611242e-24,3.630616915629537606e-03,4.488298652082906841e-36,9.867972800789853727e-01
5.905600444430780804e-14,5.905600444430780982e+01,5.222689516186896214e-24,4.101085041587260518e-03,4.488547588297479880e-36,9.868520111917066240e-01
5.910366868231570203e-14,5.910366868231569981e+01,6.530147974930653791e-24,5.127758810156519617e-03,4.488858843698062837e-36,9.869204437998092549e-01
5.915133292032359602e-14,5.915133292032359691e+01,6.564767530186730504e-24,5.154943604459734374e-03,4.489171749217997144e-36,9.869892392031297534e-01
5.919899715833149001e-14,5.919899715833148690e+01,5.384856835764537442e-24,4.228425938742435414e-03,4.489428415035974447e-36,9.870456697463494411e-01
5.924666139633938400e-14,5.924666139633938400e+01,4.980603092731766890e-24,3.910988156270583938e-03,4.489665812353266910e-36,9.870978639172728331e-01
5.929432563434727799e-14,5.929432563434728110e+01,4.523095322139788883e-24,3.551732973941733838e-03,4.489881402850109159e-36,9.871452636409512316e-01
5.934198987235517198e-14,5.934198987235517109e+01,4.130652404579987320e-24,3.243569570030175372e-03,4.490078287801842585e-36,9.871885507637385704e-01
5.938965411036306596e-14,5.938965411036306818e+01,4.585249672862152403e-24,3.600539298198044639e-03,4.490296840846762521e-36,9.872366018331967252e-01
5.943731834837095995e-14,5.943731834837095818e+01,5.169753399572492827e-24,4.059517279357820196e-03,4.490543253894595220e-36,9.872907782025129864e-01
5.948498258637885394e-14,5.948498258637885527e+01,4.242828425302415199e-24,3.331655105113909537e-03,4.490745485645880699e-36,9.873352408725765139e-01
5.953264682438674793e-14,5.953264682438674527e+01,4.356093862934953295e-24,3.420596098171980234e-03,4.490953116123090121e-36,9.873808905064476171e-01
5.958031106239464192e-14,5.958031106239464236e+01,4.909870274095577477e-24,3.855445642483555386e-03,4.491187142005021225e-36,9.874323434336388372e-01
5.962797530040253591e-14,5.962797530040253946e+01,4.964335597574751795e-24,3.898214205062924213e-03,4.491423763942377769e-36,9.874843671295401304e-01
5.967563953841042990e-14,5.967563953841042945e+01,5.485480382960456213e-24,4.307439964553780309e-03,4.491685225918514519e-36,9.875418521560269669e-01
5.972330377641832388e-14,5.972330377641832655e+01,6.847296880100278051e-24,5.376798050746209659e-03,4.492011598022409523e-36,9.876136083223123752e-01
5.977096801442621787e-14,5.977096801442621654e+01,5.800041035500050334e-24,4.554446795575188382e-03,4.492288053334422813e-36,9.876743897834193708e-01
5.981863225243411186e-14,5.981863225243411364e+01,4.252759000807789906e-24,3.339453028872008122e-03,4.492490758420351100e-36,9.877189565208309707e-01
5.986629649044200585e-14,5.986629649044200363e+01,4.926991316752041707e-24,3.868889836651556984e-03,4.492725600366023548e-36,9.877705888677850155e-01
5.991396072844989984e-14,5.991396072844990073e+01,4.233241004290811632e-24,3.324126641326004186e-03,4.492927375138909789e-36,9.878149510665840127e-01
5.996162496645779383e-14,5.996162496645779072e+01,3.688564498102364431e-24,2.896422741810198397e-03,4.493103188248328236e-36,9.878536053344090240e-01
6.000928920446568782e-14,6.000928920446568782e+01,5.171496387742578653e-24,4.060885950171937847e-03,4.493349684374596449e-36,9.879077999693490764e-01
6.005695344247358181e-14,6.005695344247358491e+01,4.528072640021280857e-24,3.555641382405945027e-03,4.493565512112168361e-36,9.879552518527709992e-01
6.010461768048147579e-14,6.010461768048147491e+01,3.288328423659884492e-24,2.582139809058328801e-03,4.493722248220551118e-36,9.879897118514100463e-01
6.015228191848936978e-14,6.015228191848937200e+01,5.253711865715165114e-24,4.125445152065005706e-03,4.493972663095924435e-36,9.880447680624745432e-01
6.019994615649726377e-14,6.019994615649726200e+01,4.239656021172068900e-24,3.329163994148091974e-03,4.494174743636560087e-36,9.880891974873666772e-01
6.024761039450515776e-14,6.024761039450515909e+01,4.160823178761070137e-24,3.267260986168097400e-03,4.494373066659290169e-36,9.881328007844236705e-01
6.029527463251305175e-14,6.029527463251304908e+01,6.322880294110169486e-24,4.965003129815410976e-03,4.494674442776085249e-36,9.881990613333281326e-01
6.034293887052094574e-14,6.034293887052094618e+01,5.890597928684443774e-24,4.625556042812669494e-03,4.494955214425518833e-36,9.882607917843211354e-01
6.039060310852883973e-14,6.039060310852883617e+01,3.732619618645789667e-24,2.931016756121406202e-03,4.495133127394579101e-36,9.882999077272581756e-01
6.043826734653673372e-14,6.043826734653673327e+01,4.890824410830373978e-24,3.840489994689644335e-03,4.495366245467403990e-36,9.883511610635516975e-01
6.048593158454462770e-14,6.048593158454463037e+01,4.052553597241296709e-24,3.182242958607110414e-03,4.495559407888551796e-36,9.883936297508155722e-01
6.053359582255252169e-14,6.053359582255252036e+01,3.111398558317163554e-24,2.443206713013046892e-03,4.495707710746061504e-36,9.884262356150332884e-01
6.058126006056041568e-14,6.058126006056041746e+01,5.168286118288781745e-24,4.058365105692168101e-03,4.495954053856853423e-36,9.884803966079928061e-01
6.062892429856830967e-14,6.062892429856830745e+01,4.706014811120626659e-24,3.695369385363295959e-03,4.496178363096216548e-36,9.885297132342821813e-01
6.067658853657620366e-14,6.067658853657620455e+01,3.403483972021332132e-24,2.672565000021186188e-03,4.496340588021464136e-36,9.885653800041218631e-01
6.072425277458409765e-14,6.072425277458409454e+01,4.598591677352155376e-24,3.611016025728784433e-03,4.496559777004645657e-36,9.886135708909574715e-01
6.077191701259199164e-14,6.077191701259199164e+01,3.761253691783501953e-24,2.953501487151430176e-03,4.496739054798813168e-36,9.886529869043239049e-01
6.081958125059988562e-14,6.081958125059988873e+01,3.249085354638307428e-24,2.551324428811894626e-03,4.496893920410965947e-36,9.886870356556873851e-01
6.086724548860777961e-14,6.086724548860777873e+01,5.174488142725629340e-24,4.063235207498273882e-03,4.497140559137355980e-36,9.887412616426882739e-01
6.091490972661567360e-14,6.091490972661567582e+01,4.967732827063086082e-24,3.900881858767833461e-03,4.497377343001521794e-36,9.887933209398156453e-01
6.096257396462356759e-14,6.096257396462356581e+01,3.741205186307762549e-24,2.937758520685989933e-03,4.497555665196271156e-36,9.888325268551071412e-01
6.101023820263146158e-14,6.101023820263146291e+01,4.301294062431965267e-24,3.377564889552699297e-03,4.497760683675418566e-36,9.888776022151202216e-01
6.105790244063935557e-14,6.105790244063935290e+01,3.600607690461579446e-24,2.827355195864110233e-03,4.497932304378860370e-36,9.889153347406247629e-01
6.110556667864724956e-14,6.110556667864725000e+01,2.933772523225585073e-24,2.303726953924787550e-03,4.498072140803002878e-36,9.889460791749185020e-01
6.115323091665514355e-14,6.115323091665514710e+01,4.633047149539946119e-24,3.638071974804873206e-03,4.498292972084619278e-36,9.889946311374654409e-01
6.120089515466303753e-14,6.120089515466303709e+01,4.690764552100894058e-24,3.683394212619000956e-03,4.498516554429967485e-36,9.890437879488467310e-01
6.124855939267093152e-14,6.124855939267093419e+01,3.648341269406050260e-24,2.864837697166144111e-03,4.498690450324460297e-36,9.890820206978244711e-01
6.129622363067882551e-14,6.129622363067882418e+01,3.839658971583870927e-24,3.015068754203046892e-03,4.498873465257030545e-36,9.891222583583888506e-01
6.134388786868671950e-14,6.134388786868672128e+01,3.477023163327845295e-24,2.730311200805826417e-03,4.499039195381629913e-36,9.891586957813098824e-01
6.139155210669461349e-14,6.139155210669461127e+01,2.501048198477709289e-24,1.963932821063883380e-03,4.499158406272697136e-36,9.891849054861846513e-01
6.143921634470250748e-14,6.143921634470250837e+01,3.775410984019050842e-24,2.964618414404455657e-03,4.499338358865304295e-36,9.892244698607267628e-01
6.148688058271040147e-14,6.148688058271039836e+01,4.029867929759403462e-24,3.164429176784533046e-03,4.499530439988364957e-36,9.892667008138080753e-01
6.153454482071829545e-14,6.153454482071829545e+01,3.277023258027162172e-24,2.573262496798940733e-03,4.499686637243130161e-36,9.893010423400980802e-01
6.158220905872618944e-14,6.158220905872619255e+01,3.555151552950481693e-24,2.791661041536666870e-03,4.499856091308336181e-36,9.893382985085498182e-01
6.162987329673408343e-14,6.162987329673408254e+01,3.322429302870778390e-24,2.608917316165218232e-03,4.500014452813702330e-36,9.893731158669473169e-01
6.167753753474197742e-14,6.167753753474197964e+01,2.617627246342628245e-24,2.055475806316885406e-03,4.500139220371843956e-36,9.894005472605688079e-01
6.172520177274987141e-14,6.172520177274986963e+01,4.139125559562966208e-24,3.250223063225213260e-03,4.500336509191186421e-36,9.894439231776831489e-01
6.177286601075776540e-14,6.177286601075776673e+01,4.955646294703742350e-24,3.891390983059075329e-03,4.500572716958380815e-36,9.894958558141383476e-01
6.182053024876565939e-14,6.182053024876565672e+01,3.728362136340311866e-24,2.927673594146392669e-03,4.500750426997221861e-36,9.895349271408402370e-01
6.186819448677355338e-14,6.186819448677355382e+01,3.327743858789252347e-24,2.613090538738067382e-03,4.500909041817557170e-36,9.895698001930633980e-01
6.191585872478144736e-14,6.191585872478144381e+01,3.463665776050190512e-24,2.719822394035043521e-03,4.501074135270684097e-36,9.896060976374031481e-01
6.196352296278934135e-14,6.196352296278934091e+01,2.243171935143676193e-24,1.761437060429091230e-03,4.501181054651673165e-36,9.896296049310407961e-01
6.201118720079723534e-14,6.201118720079723801e+01,2.783911630984617934e-24,2.186049603666167206e-03,4.501313748050539434e-36,9.896587788998952862e-01
6.205885143880512933e-14,6.205885143880512800e+01,3.677939725000395233e-24,2.888079703629641091e-03,4.501489054736822726e-36,9.896973218255368243e-01
6.210651567681302332e-14,6.210651567681302510e+01,2.747469609822254378e-24,2.157433729141945006e-03,4.501620011149645037e-36,9.897261139006635622e-01
6.215417991482091731e-14,6.215417991482091509e+01,3.069028050236837789e-24,2.409935530348613318e-03,4.501766294443506827e-36,9.897582757436453882e-01
6.220184415282881130e-14,6.220184415282881218e+01,3.504979210517520121e-24,2.752263516101641477e-03,4.501933357075531734e-36,9.897950061316306281e-01
6.224950839083670528e-14,6.224950839083670218e+01,2.370959710395654200e-24,1.861781630398133937e-03,4.502046367380544569e-36,9.898198525757405664e-01
6.229717262884459927e-14,6.229717262884459927e+01,3.871611388119395400e-24,3.040159194117245892e-03,4.502230905304973908e-36,9.898604250812742533e-01
6.234483686685249326e-14,6.234483686685249637e+01,4.798553322898935280e-24,3.768034686497614364e-03,4.502459625334362231e-36,9.899107114637980542e-01
6.239250110486038725e-14,6.239250110486038636e+01,3.827244273087955254e-24,3.005320188040035059e-03,4.502642048528128118e-36,9.899508190246770756e-01
6.244016534286828124e-14,6.244016534286828346e+01,3.331036958638097460e-24,2.615676425279607475e-03,4.502800820311998743e-36,9.899857265869009826e-01
6.248782958087617523e-14,6.248782958087617345e+01,3.429469839100217482e-24,2.692970243419169629e-03,4.502964283837274216e-36,9.900216656753256794e-01
6.253549381888406922e-14,6.253549381888407055e+01,1.953209148920231052e-24,1.533745553684852077e-03,4.503057382324231495e-36,9.900421343073910752e-01
6.258315805689196321e-14,6.258315805689196054e+01,2.756763377361889423e-24,2.164731603334667850e-03,4.503188781718644641e-36,9.900710237764442923e-01
6.263082229489985719e-14,6.263082229489985764e+01,3.338967771748736903e-24,2.621904047832099380e-03,4.503347931519739387e-36,9.901060144495298365e-01
6.267848653290775118e-14,6.267848653290775474e+01,2.777843712901657911e-24,2.181284808055308777e-03,4.503480335695101417e-36,9.901351248297086682e-01
6.272615077091564517e-14,6.272615077091564473e+01,3.280743723271410769e-24,2.576183969406807550e-03,4.503636710283505325e-36,9.901695053445701555e-01
6.277381500892353916e-14,6.277381500892354182e+01,3.063941277904746399e-24,2.405941173445634140e-03,4.503782751119559768e-36,9.902016138807817613e-01
6.282147924693143315e-14,6.282147924693143182e+01,2.442062307581165963e-24,1.917614510532353149e-03,4.503899150485196862e-36,9.902272054437140092e-01
6.286914348493932714e-14,6.286914348493932891e+01,3.606171526426103242e-24,2.831724164070478431e-03,4.504071036385384012e-36,9.902649962753713453e-01
6.291680772294722113e-14,6.291680772294721891e+01,4.200063092339026317e-24,3.298073888621702587e-03,4.504271229753941589e-36,9.903090107866362457e-01
6.296447196095511512e-14,6.296447196095511600e+01,3.998504397889626475e-24,3.139801154957113337e-03,4.504461815953959538e-36,9.903509130659577941e-01
6.301213619896300910e-14,6.301213619896300600e+01,3.734394555682536943e-24,2.932410514587921197e-03,4.504639813524279050e-36,9.903900476093265848e-01
6.305980043697090309e-14,6.305980043697090309e+01,2.942113741222165746e-24,2.310276844407147933e-03,4.504780047527337302e-36,9.904208794553153172e-01
6.310746467497879708e-14,6.310746467497880019e+01,2.266878585852151734e-24,1.780052563094018095e-03,4.504888096870938676e-36,9.904446351825173522e-01
6.315512891298669107e-14,6.315512891298669018e+01,3.018093273738980109e-24,2.369939308221194387e-03,4.505031952390679053e-36,9.904762632551141754e-01
6.320279315099458506e-14,6.320279315099458728e+01,3.345457730415990167e-24,2.627000248233884831e-03,4.505191411531576357e-36,9.905113219396445290e-01
6.325045738900247905e-14,6.325045738900247727e+01,3.529752598385080776e-24,2.771716667604944007e-03,4.505359654971569736e-36,9.905483119400535497e-01
6.329812162701037304e-14,6.329812162701037437e+01,3.441838783663630337e-24,2.702682881586155727e-03,4.505523708054817227e-36,9.905843806486859249e-01
6.334578586501826702e-14,6.334578586501826436e+01,2.896455063673652499e-24,2.274423646752469965e-03,4.505661765765695750e-36,9.906147340151059133e-01
6.339345010302616101e-14,6.339345010302616146e+01,2.861276797681453004e-24,2.246800128256406116e-03,4.505798146726626581e-36,9.906447187313053293e-01
6.344111434103405500e-14,6.344111434103405145e+01,3.090248014156830396e-24,2.426598377401953301e-03,4.505945441456736313e-36,9.906771029486467484e-01
6.348877857904194899e-14,6.348877857904194855e+01,3.609784903802468087e-24,2.834561546584199107e-03,4.506117499586286513e-36,9.907149316466494771e-01
6.353644281704984298e-14,6.353644281704984564e+01,4.145949995254033181e-24,3.255581909666910821e-03,4.506315113688068776e-36,9.907583790803565771e-01
6.358410705505773697e-14,6.358410705505773564e+01,3.553596708106291079e-24,2.790440109119999863e-03,4.506484493642571602e-36,9.907956189548301484e-01
6.363177129306563096e-14,6.363177129306563273e+01,2.703432435864422920e-24,2.122853807277453719e-03,4.506613351051164423e-36,9.908239495429157495e-01
6.367943553107352495e-14,6.367943553107352272e+01,2.894628456247613246e-24,2.272989314428374395e-03,4.506751321697947286e-36,9.908542837674247927e-01
6.372709976908141893e-14,6.372709976908141982e+01,2.699715323279021512e-24,2.119934967324468324e-03,4.506880001932703332e-36,9.908825754020731402e-01
6.377476400708931292e-14,6.377476400708930981e+01,3.801209496632946201e-24,2.984876538853196027e-03,4.507061184195205841e-36,9.909224101318215849e-01
6.382242824509720691e-14,6.382242824509720691e+01,4.208528753143405605e-24,3.304721497058770493e-03,4.507261781074166808e-36,9.909665133588783092e-01
6.387009248310510090e-14,6.387009248310510401e+01,3.211542083652255339e-24,2.521843804590225783e-03,4.507414857209894924e-36,9.910001686759796202e-01
6.391775672111299489e-14,6.391775672111299400e+01,2.827249282534744659e-24,2.220080229832799203e-03,4.507549616270694604e-36,9.910297968012384828e-01
6.396542095912088888e-14,6.396542095912089110e+01,2.971842950511551103e-24,2.333621524411011276e-03,4.507691267297835948e-36,9.910609401941227192e-01
6.401308519712878287e-14,6.401308519712878820e+01,2.720098502993800931e-24,2.135940734691872244e-03,4.507820919084046829e-36,9.910894454340605231e-01
6.406074943513667685e-14,6.406074943513667108e+01,3.741671797533200777e-24,2.938124924300631550e-03,4.507999263519527508e-36,9.911286562391988797e-01
6.410841367314457084e-14,6.410841367314456818e+01,4.224554462432970460e-24,3.317305587390880720e-03,4.508200624253853187e-36,9.911729274074855267e-01
6.415607791115246483e-14,6.415607791115246528e+01,3.024281690325212641e-24,2.374798724545724212e-03,4.508344774740582510e-36,9.912046203315204584e-01
6.420374214916035882e-14,6.420374214916036237e+01,2.982638709214726954e-24,2.342098827990509845e-03,4.508486940340779452e-36,9.912358768584296209e-01
6.425140638716825281e-14,6.425140638716825947e+01,3.086427955223297646e-24,2.423598699457909893e-03,4.508634052990180473e-36,9.912682210435089791e-01
6.429907062517614680e-14,6.429907062517614236e+01,3.147160186948773987e-24,2.471288313458438763e-03,4.508784060403251072e-36,9.913012016712889896e-01
6.434673486318404079e-14,6.434673486318403945e+01,4.287265354523967404e-24,3.366548932357469898e-03,4.508988410212849531e-36,9.913461300176240609e-01
6.439439910119193478e-14,6.439439910119193655e+01,4.688612145120998528e-24,3.681704048185273966e-03,4.509211889965071168e-36,9.913952642728819376e-01
6.444206333919982876e-14,6.444206333919983365e+01,3.111912698412141348e-24,2.443610438382180956e-03,4.509360217328745555e-36,9.914278755250247599e-01
6.448972757720772275e-14,6.448972757720771654e+01,2.719560302641213896e-24,2.135518116152414388e-03,4.509489843461975238e-36,9.914563751248984813e-01
6.453739181521561674e-14,6.453739181521561363e+01,2.967984434608888829e-24,2.330591648366860114e-03,4.509631310575379729e-36,9.914874780825110312e-01
6.458505605322351073e-14,6.458505605322351073e+01,2.740928572411388053e-24,2.152297419468734117e-03,4.509761955213763408e-36,9.915162016109140275e-01
6.463272029123140472e-14,6.463272029123140783e+01,3.440365585923130097e-24,2.701526062058948359e-03,4.509925938077966046e-36,9.915522548811881443e-01
6.468038452923929871e-14,6.468038452923930492e+01,3.338267263264900644e-24,2.621353977823981385e-03,4.510085054489764146e-36,9.915872382133034124e-01
6.472804876724719270e-14,6.472804876724718781e+01,2.489991524030131587e-24,1.955250634989807220e-03,4.510203738371390884e-36,9.916133320498897730e-01
6.477571300525508668e-14,6.477571300525508491e+01,2.845554208194719323e-24,2.234454060897966225e-03,4.510339369924971522e-36,9.916431520013995193e-01
6.482337724326298067e-14,6.482337724326298201e+01,2.511510860663655568e-24,1.972148562637832548e-03,4.510459079512259232e-36,9.916694713496184699e-01
6.487104148127087466e-14,6.487104148127087910e+01,2.842383973431862381e-24,2.231964653414718943e-03,4.510594559958591959e-36,9.916992580786907485e-01
6.491870571927876865e-14,6.491870571927876199e+01,4.243773875097322581e-24,3.332397513790406451e-03,4.510796836774147775e-36,9.917437306565841659e-01
6.496636995728666264e-14,6.496636995728665909e+01,4.169150394476583138e-24,3.273799881444777390e-03,4.510995556708382872e-36,9.917874212185991967e-01
6.501403419529455663e-14,6.501403419529455618e+01,3.167151697224111174e-24,2.486986524790898295e-03,4.511146517004230804e-36,9.918206113471734753e-01
6.506169843330245062e-14,6.506169843330245328e+01,2.844180604143503236e-24,2.233375446706935882e-03,4.511282083085837263e-36,9.918504169040158747e-01
6.510936267131034461e-14,6.510936267131035038e+01,2.533355996851035827e-24,1.989302322395489295e-03,4.511402833907816856e-36,9.918769651780798835e-01
6.515702690931823859e-14,6.515702690931823327e+01,2.693874991567217751e-24,2.115348882521427432e-03,4.511531235766831030e-36,9.919051956090414457e-01
6.520469114732613258e-14,6.520469114732613036e+01,2.976417160470475139e-24,2.337213394841271968e-03,4.511673104820815950e-36,9.919363869373044595e-01
6.525235538533402657e-14,6.525235538533402746e+01,3.249125586544473700e-24,2.551356020670468659e-03,4.511827972350597225e-36,9.919704361102777979e-01
6.530001962334192056e-14,6.530001962334192456e+01,2.660869445723223228e-24,2.089431479250429373e-03,4.511954801021005308e-36,9.919983206600139214e-01
6.534768386134981455e-14,6.534768386134982165e+01,2.237088042627385444e-24,1.756659720992034129e-03,4.512061430417080276e-36,9.920217641975722644e-01
6.539534809935770854e-14,6.539534809935770454e+01,2.630413892755355625e-24,2.065516442309657964e-03,4.512186807442690411e-36,9.920493295887030660e-01
6.544301233736560253e-14,6.544301233736560164e+01,2.634667233541081016e-24,2.068856352181582935e-03,4.512312387201116048e-36,9.920769395526679579e-01
6.549067657537349652e-14,6.549067657537349874e+01,3.433169991176156638e-24,2.695875765235697646e-03,4.512476027091816531e-36,9.921129174167926390e-01
6.553834081338139050e-14,6.553834081338139583e+01,3.831314400928443064e-24,3.008516231065805086e-03,4.512658644285668437e-36,9.921530676305279073e-01
6.558600505138928449e-14,6.558600505138927872e+01,2.741750762689854653e-24,2.152943039362834217e-03,4.512789328113234820e-36,9.921817997750639329e-01
6.563366928939717848e-14,6.563366928939717582e+01,2.068305138283334506e-24,1.624123976308054903e-03,4.512887912578214640e-36,9.922034745541821188e-01
6.568133352740507247e-14,6.568133352740507291e+01,2.408673178122007722e-24,1.891395900570536255e-03,4.513002720471972126e-36,9.922287162161287366e-01
6.572899776541296646e-14,6.572899776541297001e+01,1.961622350474413143e-24,1.540351968816132270e-03,4.513096219968895259e-36,9.922492730142397077e-01
6.577666200342086045e-14,6.577666200342086711e+01,2.620101114141401338e-24,2.057418395895103252e-03,4.513221105442391869e-36,9.922767303327295618e-01
6.582432624142875444e-14,6.582432624142875000e+01,2.920584346612100197e-24,2.293371018794479205e-03,4.513360313260381356e-36,9.923073365616831287e-01
6.587199047943664842e-14,6.587199047943664709e+01,2.012461280372286470e-24,1.580272927986359601e-03,4.513456235962958052e-36,9.923284261257558914e-01
6.591965471744454241e-14,6.591965471744454419e+01,1.854885328478257835e-24,1.456537374259954777e-03,4.513544647906786606e-36,9.923478643745131667e-01
6.596731895545243640e-14,6.596731895545244129e+01,2.328032660946695011e-24,1.828073427023422202e-03,4.513655612120957099e-36,9.923722609651185467e-01
6.601498319346033039e-14,6.601498319346032417e+01,1.935505335270034800e-24,1.519843742153678245e-03,4.513747866766758839e-36,9.923925440702791034e-01
6.606264743146822438e-14,6.606264743146822127e+01,2.894839870970212477e-24,2.273155326547941259e-03,4.513885847490491422e-36,9.924228805103061379e-01
6.611031166947611837e-14,6.611031166947611837e+01,3.298026876843897916e-24,2.589755460181417720e-03,4.514043045869552010e-36,9.924574421437700744e-01
6.615797590748401236e-14,6.615797590748401547e+01,1.930171255044156623e-24,1.515655188237697648e-03,4.514135046269770682e-36,9.924776693505000802e-01
6.620564014549190635e-14,6.620564014549191256e+01,1.885223143956021202e-24,1.480359958555781076e-03,4.514224904246514064e-36,9.924974255240343046e-01
6.625330438349980033e-14,6.625330438349979545e+01,2.238247668158060332e-24,1.757570309856823759e-03,4.514331588915411347e-36,9.925208812138746062e-01
6.630096862150769432e-14,6.630096862150769255e+01,1.599492892311926247e-24,1.255992023736998307e-03,4.514407827739223129e-36,9.925376430806320815e-01
6.634863285951558831e-14,6.634863285951558964e+01,2.931121950584042473e-24,2.301645607948125602e-03,4.514547537825486251e-36,9.925683597382813916e-01
6.639629709752348230e-14,6.639629709752348674e+01,3.071403113207231950e-24,2.411800534038862145e-03,4.514693934325232137e-36,9.926005464707073900e-01
6.644396133553137629e-14,6.644396133553136963e+01,1.486189589355937543e-24,1.167021297164975427e-03,4.514764772618292841e-36,9.926161209768479265e-01
6.649162557353927028e-14,6.649162557353926672e+01,2.178546280420481548e-24,1.710690159801236216e-03,4.514868611658052050e-36,9.926389510267050742e-01
6.653928981154716427e-14,6.653928981154716382e+01,1.984357124547656398e-24,1.558204311289616362e-03,4.514963194793697935e-36,9.926597460736107381e-01
6.658695404955505825e-14,6.658695404955506092e+01,1.591383007775801635e-24,1.249623786441440452e-03,4.515039047064958496e-36,9.926764229529295713e-01
6.663461828756295224e-14,6.663461828756295802e+01,2.741860808786132984e-24,2.153029452387758211e-03,4.515169736137802904e-36,9.927051562506924443e-01
6.668228252557084623e-14,6.668228252557084090e+01,2.461530605861115313e-24,1.932901872841294791e-03,4.515287063447646095e-36,9.927309518314251235e-01
6.672994676357874022e-14,6.672994676357873800e+01,1.742874771330700064e-24,1.368581768437710173e-03,4.515370136478639860e-36,9.927492162668798414e-01
6.677761100158663421e-14,6.677761100158663510e+01,1.882832698197975231e-24,1.478482875625489147e-03,4.515459880516287623e-36,9.927689473897659544e-01
6.682527523959452820e-14,6.682527523959453220e+01,1.578479511341488393e-24,1.239491394682955706e-03,4.515535117750497735e-36,9.927854890470473315e-01
6.687293947760242219e-14,6.687293947760241508e+01,2.079416244133372457e-24,1.632848904308437489e-03,4.515634231819356712e-36,9.928072802648670869e-01
6.692060371561031618e-14,6.692060371561031218e+01,3.160045243759427689e-24,2.481406225615076771e-03,4.515784853390565144e-36,9.928403959214469054e-01
6.696826795361821016e-14,6.696826795361820928e+01,3.060716414524202903e-24,2.403408869174028430e-03,4.515930740515532222e-36,9.928724706627409802e-01
6.701593219162610415e-14,6.701593219162610637e+01,2.325611252398119116e-24,1.826172030750992286e-03,4.516041589314785268e-36,9.928968418782241345e-01
6.706359642963399814e-14,6.706359642963400347e+01,1.896953308401431342e-24,1.489570998536873586e-03,4.516132006402446893e-36,9.929167209778770875e-01
6.711126066764189213e-14,6.711126066764188636e+01,2.091852833519408013e-24,1.642614660159202834e-03,4.516231713253525500e-36,9.929386425247875847e-01
6.715892490564978612e-14,6.715892490564978345e+01,1.925765861318949883e-24,1.512195879723807939e-03,4.516323503673420459e-36,9.929588235652465622e-01
6.720658914365768011e-14,6.720658914365768055e+01,2.485989238227492784e-24,1.952107864509868441e-03,4.516441996788608904e-36,9.929848754599264193e-01
6.725425338166557410e-14,6.725425338166557765e+01,2.282129042087110640e-24,1.792027890700365099e-03,4.516550773035625309e-36,9.930087910041033306e-01
6.730191761967346809e-14,6.730191761967347475e+01,1.572339412485700647e-24,1.234669919561125467e-03,4.516625717605880961e-36,9.930252683162916760e-01
6.734958185768136207e-14,6.734958185768135763e+01,2.070386350566533840e-24,1.625758235541069439e-03,4.516724401270536360e-36,9.930469649054491921e-01
6.739724609568925606e-14,6.739724609568925473e+01,1.884019539429880243e-24,1.479414835453432206e-03,4.516814201878225438e-36,9.930667084658237886e-01
6.744491033369715005e-14,6.744491033369715183e+01,2.134345812255269341e-24,1.675982012157825867e-03,4.516915934130439141e-36,9.930890753173999830e-01
6.749257457170504404e-14,6.749257457170504892e+01,3.268896807412027918e-24,2.566881251091028635e-03,4.517071744043041587e-36,9.931233316826475477e-01
6.754023880971293803e-14,6.754023880971293181e+01,3.011046379272640810e-24,2.364405777385026990e-03,4.517215263676984754e-36,9.931548859073975333e-01
6.758790304772083202e-14,6.758790304772082891e+01,1.978941594433314152e-24,1.553951799346227911e-03,4.517309588684790011e-36,9.931756242023196402e-01
6.763556728572872601e-14,6.763556728572872601e+01,2.049200899311144652e-24,1.609122489346800867e-03,4.517407262558221338e-36,9.931970987787924754e-01
6.768323152373661999e-14,6.768323152373662310e+01,1.923879694894566443e-24,1.510714779060058242e-03,4.517498963075178346e-36,9.932172600531927742e-01
6.773089576174451398e-14,6.773089576174452020e+01,1.834918272890982500e-24,1.440858365821922824e-03,4.517586423301846311e-36,9.932364890574282290e-01
6.777855999975240797e-14,6.777855999975240309e+01,2.331057153657312371e-24,1.830448391450363371e-03,4.517697531676561472e-36,9.932609173431690142e-01
6.782622423776030196e-14,6.782622423776030018e+01,1.935154292167211449e-24,1.519568087701411892e-03,4.517789769590114434e-36,9.932811967695774902e-01
6.787388847576819595e-14,6.787388847576819728e+01,1.639690680244047041e-24,1.287557091176365874e-03,4.517867924416233201e-36,9.932983798885758331e-01
6.792155271377608994e-14,6.792155271377609438e+01,1.939813107458220440e-24,1.523226393951909643e-03,4.517960384389289783e-36,9.933187081369837523e-01
6.796921695178398393e-14,6.796921695178397727e+01,1.690734812584890983e-24,1.327639184311527444e-03,4.518040972201908260e-36,9.933364261723606203e-01
6.801688118979187792e-14,6.801688118979187436e+01,2.033965825863837557e-24,1.597159240980497181e-03,4.518137919905134744e-36,9.933577410930620744e-01
6.806454542779977190e-14,6.806454542779977146e+01,2.973747260736754625e-24,2.335116872383529926e-03,4.518279661700026485e-36,9.933889044421426728e-01
6.811220966580766589e-14,6.811220966580766856e+01,2.582699246472610116e-24,2.028048807764600177e-03,4.518402764436998511e-36,9.934159698082046797e-01
6.815987390381555988e-14,6.815987390381556565e+01,1.937381049287424060e-24,1.521316635128680756e-03,4.518495108487530182e-36,9.934362725698878682e-01
6.820753814182345387e-14,6.820753814182344854e+01,1.926395766751768861e-24,1.512690509117368834e-03,4.518586928931471805e-36,9.934564602114333010e-01
6.825520237983134786e-14,6.825520237983134564e+01,1.623988798356075411e-24,1.275227284333368787e-03,4.518664335337255636e-36,9.934734787827471658e-01
6.830286661783924185e-14,6.830286661783924274e+01,1.763654945296031957e-24,1.384899273115457966e-03,4.518748398842186138e-36,9.934919609837880028e-01
6.835053085584713584e-14,6.835053085584713983e+01,2.294569378562445996e-24,1.801796588930115219e-03,4.518857768050024998e-36,9.935160068963232449e-01
6.839819509385502982e-14,6.839819509385503693e+01,1.875819921965786741e-24,1.472976135924289375e-03,4.518947177828099861e-36,9.935356645289042943e-01
6.844585933186292381e-14,6.844585933186291982e+01,1.546880504491502933e-24,1.214678467565644907e-03,4.519020908915500353e-36,9.935518750447687175e-01
6.849352356987081780e-14,6.849352356987081691e+01,1.686328432783552716e-24,1.324179101487378595e-03,4.519101286700793882e-36,9.935695469035408234e-01
6.854118780787871179e-14,6.854118780787871401e+01,1.650251555612693336e-24,1.295849954052128708e-03,4.519179944904401680e-36,9.935868406951070542e-01
6.858885204588660578e-14,6.858885204588661111e+01,1.881391449324136442e-24,1.477351143750679340e-03,4.519269620245827652e-36,9.936065567144427568e-01
6.863651628389449977e-14,6.863651628389449399e+01,2.395047183706125185e-24,1.880696171685154218e-03,4.519383778665122716e-36,9.936316555829430852e-01
6.868418052190239376e-14,6.868418052190239109e+01,2.152678742477379350e-24,1.690377833634353457e-03,4.519486384744936833e-36,9.936542145542435200e-01
6.873184475991028775e-14,6.873184475991028819e+01,1.589863070026667051e-24,1.248430264607948209e-03,4.519562164569319632e-36,9.936708755053927922e-01
6.877950899791818173e-14,6.877950899791818529e+01,1.555385904163982730e-24,1.221357280706157709e-03,4.519636301061252396e-36,9.936871751534921415e-01
6.882717323592607572e-14,6.882717323592608238e+01,1.613424767543808231e-24,1.266931943664776315e-03,4.519713203939144043e-36,9.937040830191705698e-01
6.887483747393396971e-14,6.887483747393396527e+01,1.679396514794149380e-24,1.318735855227431107e-03,4.519793251318921224e-36,9.937216822349902445e-01
6.892250171194186370e-14,6.892250171194186237e+01,2.302266688845140018e-24,1.807840854813234314e-03,4.519902987414219102e-36,9.937458088113971799e-01
6.897016594994975769e-14,6.897016594994975947e+01,2.136094716882144324e-24,1.677355328833498574e-03,4.520004803026873060e-36,9.937681939905986805e-01
6.901783018795765168e-14,6.901783018795765656e+01,1.495889521654148256e-24,1.174638109753452621e-03,4.520076103661112446e-36,9.937838701470644853e-01
6.906549442596554567e-14,6.906549442596553945e+01,1.686672178923002772e-24,1.324449026043726966e-03,4.520156497830849216e-36,9.938015456081199517e-01
6.911315866397343965e-14,6.911315866397343655e+01,1.697696904503919023e-24,1.333106124465405782e-03,4.520237417487204077e-36,9.938193366026560893e-01
6.916082290198133364e-14,6.916082290198133364e+01,1.681230813614014538e-24,1.320176227171548228e-03,4.520317552297682012e-36,9.938369550409885678e-01
6.920848713998922763e-14,6.920848713998923074e+01,2.001225337283997293e-24,1.571449972307165490e-03,4.520412939446090343e-36,9.938579268581291259e-01
6.925615137799712162e-14,6.925615137799712784e+01,1.749648719923832892e-24,1.373900970194137866e-03,4.520496335353088840e-36,9.938762622810978220e-01
6.930381561600501561e-14,6.930381561600501072e+01,1.446508998354802275e-24,1.135862355456544910e-03,4.520565282295708998e-36,9.938914209549565282e-01
6.935147985401290960e-14,6.935147985401290782e+01,1.533990517300191600e-24,1.204556683857710767e-03,4.520638398989968152e-36,9.939074963903533622e-01
6.939914409202080359e-14,6.939914409202080492e+01,1.635434282622313919e-24,1.284214780942637482e-03,4.520716350937568990e-36,9.939246349044835727e-01
6.944680833002869758e-14,6.944680833002870202e+01,2.014111971816461437e-24,1.581569123360218425e-03,4.520812352319316062e-36,9.939457417669576023e-01
6.949447256803659156e-14,6.949447256803658490e+01,2.575318466628136024e-24,2.022253095474676240e-03,4.520935103256053979e-36,9.939727297862249733e-01
6.954213680604448555e-14,6.954213680604448200e+01,2.226470960919242152e-24,1.748322722431498158e-03,4.521041226595599555e-36,9.939960620622018128e-01
6.958980104405237954e-14,6.958980104405237910e+01,1.557526872660752556e-24,1.223038463140878156e-03,4.521115465135450302e-36,9.940123841465550170e-01
6.963746528206027353e-14,6.963746528206027619e+01,1.784918690996264330e-24,1.401596499544304972e-03,4.521200542163460621e-36,9.940310891807663252e-01
6.968512952006816752e-14,6.968512952006817329e+01,1.801935801228465691e-24,1.414959081410989633e-03,4.521286430301339113e-36,9.940499725455821389e-01
6.973279375807606151e-14,6.973279375807605618e+01,1.576869840664384918e-24,1.238227410615878486e-03,4.521361590811607132e-36,9.940664973343386057e-01
6.978045799608395550e-14,6.978045799608395328e+01,1.887546733752349692e-24,1.482184543250500679e-03,4.521451559540798308e-36,9.940862778579044878e-01
6.982812223409184949e-14,6.982812223409185037e+01,1.602249172314768463e-24,1.258156375773443903e-03,4.521527929740965003e-36,9.941030686090654989e-01
6.987578647209974347e-14,6.987578647209974747e+01,1.387315538432572670e-24,1.089381052615458374e-03,4.521594055264506856e-36,9.941176069657643444e-01
6.992345071010763746e-14,6.992345071010763036e+01,1.725380794681292601e-24,1.354844730129688710e-03,4.521676294456094563e-36,9.941356880732986623e-01
6.997111494811553145e-14,6.997111494811552745e+01,1.687607570741368587e-24,1.325183536755580264e-03,4.521756733210694546e-36,9.941533733367816650e-01
7.001877918612342544e-14,7.001877918612342455e+01,2.259943315203901209e-24,1.774606684179189401e-03,4.521864451988978312e-36,9.941770563858974841e-01
7.006644342413131943e-14,7.006644342413132165e+01,2.855003775763135518e-24,2.241874276111639232e-03,4.522000533950260152e-36,9.942069753640382368e-01
7.011410766213921342e-14,7.011410766213921875e+01,2.250782865157248515e-24,1.767413496733506555e-03,4.522107816101447171e-36,9.942305624163265687e-01
7.016177190014710741e-14,7.016177190014710163e+01,1.686945913657114463e-24,1.324663974571674025e-03,4.522188223318578210e-36,9.942482407459819482e-01
7.020943613815500139e-14,7.020943613815499873e+01,1.816845272337142814e-24,1.426666652529713685e-03,4.522274822107030081e-36,9.942672803544231330e-01
7.025710037616289538e-14,7.025710037616289583e+01,1.702459849434417187e-24,1.336846197879272254e-03,4.522355968786162513e-36,9.942851212621840462e-01
7.030476461417078937e-14,7.030476461417079292e+01,1.763678808338414892e-24,1.384918011423729974e-03,4.522440033428510088e-36,9.943036037132974014e-01
7.035242885217868336e-14,7.035242885217869002e+01,1.977357364520404055e-24,1.552707792483837626e-03,4.522534282924991900e-36,9.943243254063010017e-01
7.040009309018657735e-14,7.040009309018657291e+01,1.570344383256396708e-24,1.233103335044762917e-03,4.522609132403432925e-36,9.943407818116043462e-01
7.044775732819447134e-14,7.044775732819447001e+01,1.561363892103747557e-24,1.226051459221379593e-03,4.522683553832404814e-36,9.943571441059572136e-01
7.049542156620236533e-14,7.049542156620236710e+01,1.821855919591880376e-24,1.430601232680684927e-03,4.522770391450209535e-36,9.943762362234166430e-01
7.054308580421025932e-14,7.054308580421026420e+01,1.704882835704803525e-24,1.338748833048116881e-03,4.522851653619460990e-36,9.943941025228335562e-01
7.059075004221815330e-14,7.059075004221814709e+01,2.361985037092181054e-24,1.854734323005279668e-03,4.522964236152309375e-36,9.944188549169612479e-01
7.063841428022604729e-14,7.063841428022604418e+01,2.651410214608718075e-24,2.082003675796216535e-03,4.523090613954408690e-36,9.944466403387971498e-01
7.068607851823394128e-14,7.068607851823394128e+01,1.914346902500649431e-24,1.503229212060511102e-03,4.523181860096805914e-36,9.944667017144129817e-01
7.073374275624183527e-14,7.073374275624183838e+01,1.720562235056976355e-24,1.351060985617204670e-03,4.523263869614776695e-36,9.944847323259090599e-01
7.078140699424972926e-14,7.078140699424973548e+01,1.761376715001753674e-24,1.383110306692660312e-03,4.523347824529291519e-36,9.945031906522626697e-01
7.082907123225762325e-14,7.082907123225761836e+01,1.606478945880950375e-24,1.261477779630174436e-03,4.523424396338957482e-36,9.945200257292854396e-01
7.087673547026551724e-14,7.087673547026551546e+01,1.824619102127643275e-24,1.432771004888944719e-03,4.523511365662122425e-36,9.945391468034835425e-01
7.092439970827341122e-14,7.092439970827341256e+01,1.869343176718695929e-24,1.467890311279976961e-03,4.523600466730203670e-36,9.945587365630895738e-01
7.097206394628130521e-14,7.097206394628130965e+01,1.474152952448849039e-24,1.157569601555331158e-03,4.523670731304528348e-36,9.945741849314367888e-01
7.101972818428919920e-14,7.101972818428919254e+01,1.441672294929665947e-24,1.132064363635292134e-03,4.523739447708718467e-36,9.945892929191193499e-01
7.106739242229709319e-14,7.106739242229708964e+01,1.723801692364266440e-24,1.353604749680646126e-03,4.523821611633386348e-36,9.946073574784698446e-01
7.111505666030498718e-14,7.111505666030498674e+01,1.595956921911886214e-24,1.253215424578622925e-03,4.523897681917390982e-36,9.946240822900676015e-01
7.116272089831288117e-14,7.116272089831288383e+01,2.023266505406324973e-24,1.588757664944345999e-03,4.523994119644230059e-36,9.946452850873674922e-01
7.121038513632077516e-14,7.121038513632078093e+01,2.122420601951043305e-24,1.666617813607468735e-03,4.524095283488786555e-36,9.946675269688439736e-01
7.125804937432866915e-14,7.125804937432866382e+01,1.537352050832564637e-24,1.207196307531237895e-03,4.524168560408429760e-36,9.946836376313915595e-01
7.130571361233656313e-14,7.130571361233656091e+01,1.418811401719200482e-24,1.114112986879659591e-03,4.524236187162507848e-36,9.946985060486155383e-01
7.135337785034445712e-14,7.135337785034445801e+01,1.582157279489241902e-24,1.242379339656600207e-03,4.524311599695226082e-36,9.947150862470245380e-01
7.140104208835235111e-14,7.140104208835235511e+01,1.447919974691403207e-24,1.136970316006398300e-03,4.524380613891146601e-36,9.947302597071928654e-01
7.144870632636024510e-14,7.144870632636025221e+01,1.921945210739738217e-24,1.509195737193608959e-03,4.524472222202132509e-36,9.947504007091896305e-01
7.149637056436813909e-14,7.149637056436813509e+01,2.025544341270150645e-24,1.590546321643040084e-03,4.524568768500587038e-36,9.947716273770434992e-01
7.154403480237603308e-14,7.154403480237603219e+01,1.267770274956409557e-24,9.955088646718325985e-04,4.524629195974251372e-36,9.947849129605743634e-01
7.159169904038392707e-14,7.159169904038392929e+01,1.562619857272472561e-24,1.227037698198490609e-03,4.524703677268013710e-36,9.948012884167992675e-01
7.163936327839182105e-14,7.163936327839182638e+01,1.682364406734817132e-24,1.321066374245495568e-03,4.524783866110495638e-36,9.948189187346073714e-01
7.168702751639971504e-14,7.168702751639970927e+01,1.279991110884867167e-24,1.005105201437890517e-03,4.524844876082626717e-36,9.948323323862432455e-01
7.173469175440760903e-14,7.173469175440760637e+01,1.835730405192907532e-24,1.441496087751379090e-03,4.524932375019070930e-36,9.948515699012095981e-01
7.178235599241550302e-14,7.178235599241550347e+01,1.665196032424039642e-24,1.307585013185053741e-03,4.525011745541777596e-36,9.948690203032430901e-01
7.183002023042339701e-14,7.183002023042340056e+01,1.115273502608259560e-24,8.757617056594117289e-04,4.525064904352595430e-36,9.948807077986603353e-01
7.187768446843129100e-14,7.187768446843129766e+01,1.742415062638182519e-24,1.368220784994882968e-03,4.525147955471863856e-36,9.948989674166034414e-01
7.192534870643918499e-14,7.192534870643918055e+01,1.327179291120990804e-24,1.042159431735574775e-03,4.525211214638958599e-36,9.949128755762131071e-01
7.197301294444707898e-14,7.197301294444707764e+01,1.717858414304331337e-24,1.348937826886547221e-03,4.525293095281012005e-36,9.949308778530517872e-01
7.202067718245497296e-14,7.202067718245497474e+01,2.584244624985938078e-24,2.029262306802778922e-03,4.525416271677479773e-36,9.949579594138895366e-01
7.206834142046286695e-14,7.206834142046287184e+01,1.937950409645767326e-24,1.521763721872328168e-03,4.525508642866215918e-36,9.949782681421779351e-01
7.211600565847076094e-14,7.211600565847075472e+01,1.427013089943170189e-24,1.120553312460346486e-03,4.525576660548610082e-36,9.949932225088961024e-01
7.216366989647865493e-14,7.216366989647865182e+01,1.908678739681410156e-24,1.498778321828721964e-03,4.525667636521587226e-36,9.950132244850669050e-01
7.221133413448654892e-14,7.221133413448654892e+01,1.468004767768782779e-24,1.152741777089375799e-03,4.525737608046551453e-36,9.950286084235857587e-01
7.225899837249444291e-14,7.225899837249444602e+01,1.585825088268066997e-24,1.245259464096627093e-03,4.525813195403070740e-36,9.950452270587532011e-01
7.230666261050233690e-14,7.230666261050234311e+01,1.888199713366646385e-24,1.482697291504126227e-03,4.525903195256124531e-36,9.950650144252110030e-01
7.235432684851023089e-14,7.235432684851022600e+01,1.366104449197763800e-24,1.072725174354451300e-03,4.525968309766424886e-36,9.950793305005524170e-01
7.240199108651812487e-14,7.240199108651812310e+01,1.561424831608675881e-24,1.226099311595396429e-03,4.526042734100039861e-36,9.950956934335201121e-01
7.244965532452601886e-14,7.244965532452602019e+01,1.778572896659440206e-24,1.396613503302410924e-03,4.526127508659749957e-36,9.951143319670551213e-01
7.249731956253391285e-14,7.249731956253391729e+01,1.339828084090530812e-24,1.052091819154114555e-03,4.526191370723615173e-36,9.951283726795404627e-01
7.254498380054180684e-14,7.254498380054180018e+01,2.359169198090994653e-24,1.852523202629179945e-03,4.526303819041266353e-36,9.951530955651167742e-01
7.259264803854970083e-14,7.259264803854969728e+01,2.635997844672962557e-24,2.069901206445313394e-03,4.526429462222436751e-36,9.951807194732054107e-01
7.264031227655759482e-14,7.264031227655759437e+01,1.769083491615310349e-24,1.389162005954267453e-03,4.526513784475616707e-36,9.951992585626328047e-01
7.268797651456548881e-14,7.268797651456549147e+01,1.772899606244316994e-24,1.392158586657274303e-03,4.526598288621503773e-36,9.952178376429884343e-01
7.273564075257338279e-14,7.273564075257338857e+01,1.955576914927251919e-24,1.535604827479182923e-03,4.526691499966539612e-36,9.952383310880293932e-01
7.278330499058127678e-14,7.278330499058127145e+01,1.203076876802979058e-24,9.447087689291722287e-04,4.526748843870025083e-36,9.952509387178630762e-01
7.283096922858917077e-14,7.283096922858916855e+01,1.876694571494450538e-24,1.473662949124177404e-03,4.526838295337720187e-36,9.952706055163235144e-01
7.287863346659706476e-14,7.287863346659706565e+01,1.756797377446945701e-24,1.379514409849052136e-03,4.526922031980987148e-36,9.952890158535634413e-01
7.292629770460495875e-14,7.292629770460496275e+01,1.370002605360913429e-24,1.075786177671021358e-03,4.526987332294451845e-36,9.953033727795860264e-01
7.297396194261285274e-14,7.297396194261284563e+01,1.701133379822288055e-24,1.335804595718630356e-03,4.527068415748243904e-36,9.953211997866245886e-01
7.302162618062074673e-14,7.302162618062074273e+01,1.411007496606688470e-24,1.107985018057523708e-03,4.527135670534087604e-36,9.953359864229175402e-01
7.306929041862864072e-14,7.306929041862863983e+01,1.675345319615386874e-24,1.315554678958636954e-03,4.527215524816191665e-36,9.953535431842855941e-01
7.311695465663653470e-14,7.311695465663653692e+01,2.291289689348989639e-24,1.799221233008099731e-03,4.527324737699704929e-36,9.953775547273566726e-01
7.316461889464442869e-14,7.316461889464443402e+01,2.250963119874091516e-24,1.767555040648883862e-03,4.527432028442619730e-36,9.954011436686222014e-01
7.321228313265232268e-14,7.321228313265231691e+01,1.580122807214676913e-24,1.240781782729870547e-03,4.527507344003495294e-36,9.954177025468031736e-01
7.325994737066021667e-14,7.325994737066021401e+01,1.486973026842435160e-24,1.167636486665889770e-03,4.527578219638611057e-36,9.954332852629674822e-01
7.330761160866811066e-14,7.330761160866811110e+01,1.548392750846811613e-24,1.215865949779115383e-03,4.527652022806284217e-36,9.954495116263997190e-01
7.335527584667600465e-14,7.335527584667600820e+01,1.384632622493916009e-24,1.087274309262295296e-03,4.527718020450324064e-36,9.954640218675129271e-01
7.340294008468389864e-14,7.340294008468390530e+01,1.721573160307017082e-24,1.351854808494910767e-03,4.527800078153411547e-36,9.954820630729881437e-01
7.345060432269179262e-14,7.345060432269178818e+01,1.535956457283615514e-24,1.206100426221427824e-03,4.527873288552965247e-36,9.954981591104298255e-01
7.349826856069968661e-14,7.349826856069968528e+01,1.143854229027256275e-24,8.982045465044142000e-04,4.527927809646152277e-36,9.955101461172299881e-01
7.354593279870758060e-14,7.354593279870758238e+01,1.529854716789344141e-24,1.201309071768679555e-03,4.528000729210078934e-36,9.955261782115546465e-01
7.359359703671547459e-14,7.359359703671547948e+01,1.140329302679889337e-24,8.954366196209416831e-04,4.528055082289865839e-36,9.955381282789309560e-01
7.364126127472336858e-14,7.364126127472336236e+01,1.486351601664347308e-24,1.167148516340557780e-03,4.528125928305141154e-36,9.955537044828776105e-01
7.368892551273126257e-14,7.368892551273125946e+01,1.988920882099586256e-24,1.561787974031129652e-03,4.528220728969423263e-36,9.955745473556262271e-01
7.373658975073915656e-14,7.373658975073915656e+01,1.547557149932956256e-24,1.215209799265490678e-03,4.528294492308703998e-36,9.955907649623886302e-01
7.378425398874705055e-14,7.378425398874705365e+01,1.358521030708261060e-24,1.066770341306266974e-03,4.528359245360126241e-36,9.956050015673860720e-01
7.383191822675494453e-14,7.383191822675495075e+01,1.256390068930078088e-24,9.865726274017213009e-04,4.528419130403419819e-36,9.956181678921831590e-01
7.387958246476283852e-14,7.387958246476283364e+01,1.256328932209923460e-24,9.865246201656524636e-04,4.528479012532670197e-36,9.956313335762987382e-01
7.392724670277073251e-14,7.392724670277073074e+01,1.462871156820443892e-24,1.148710640449085527e-03,4.528548739367294110e-36,9.956466637172026735e-01
7.397491094077862650e-14,7.397491094077862783e+01,1.685790035215739376e-24,1.323756328085869171e-03,4.528629091490205659e-36,9.956643299338437947e-01
7.402257517878652049e-14,7.402257517878652493e+01,1.364777190724729447e-24,1.071682952745601830e-03,4.528694142737563850e-36,9.956786321001955820e-01
7.407023941679441448e-14,7.407023941679440782e+01,1.053174667972100968e-24,8.269989750706922783e-04,4.528744341646443294e-36,9.956896688316132504e-01
7.411790365480230847e-14,7.411790365480230491e+01,1.484984308500372989e-24,1.166074857735185846e-03,4.528815122490549398e-36,9.957052307070274333e-01
7.416556789281020245e-14,7.416556789281020201e+01,1.206677139366794603e-24,9.475358531164456517e-04,4.528872637998288367e-36,9.957178760657700023e-01
7.421323213081809644e-14,7.421323213081809911e+01,1.250640259007148438e-24,9.820576242804725242e-04,4.528932248980504189e-36,9.957309821355022628e-01
7.426089636882599043e-14,7.426089636882599621e+01,1.537327497536889633e-24,1.207177027205784533e-03,4.529005524729830593e-36,9.957470925407440054e-01
7.430856060683388442e-14,7.430856060683387909e+01,1.058084143815743935e-24,8.308541109890722190e-04,4.529055957645791974e-36,9.957581807209554547e-01
7.435622484484177841e-14,7.435622484484177619e+01,1.187393040108214359e-24,9.323931319639180938e-04,4.529112553989054896e-36,9.957706239922089475e-01
7.440388908284967240e-14,7.440388908284967329e+01,1.070761434385485053e-24,8.408088759741022458e-04,4.529163591160106489e-36,9.957818450239361852e-01
7.445155332085756639e-14,7.445155332085757038e+01,1.120678481707994475e-24,8.800059324830269937e-04,4.529217007595857544e-36,9.957935891607676560e-01
7.449921755886546038e-14,7.449921755886546748e+01,1.710282588601041350e-24,1.342988956027358445e-03,4.529298527140938543e-36,9.958115120468309378e-01
7.454688179687335436e-14,7.454688179687335037e+01,1.697939873662727094e-24,1.333296914513266420e-03,4.529379458378265959e-36,9.958293055875595545e-01
7.459454603488124835e-14,7.459454603488124746e+01,1.497580247789263190e-24,1.175965742123833910e-03,4.529450839599904104e-36,9.958449994619698042e-01
7.464221027288914234e-14,7.464221027288914456e+01,1.452501876044153149e-24,1.140568226056680326e-03,4.529520072189274628e-36,9.958602209381191006e-01
7.468987451089703633e-14,7.468987451089704166e+01,1.348541151396310040e-24,1.058933702035209663e-03,4.529584349556019011e-36,9.958743529590897703e-01
7.473753874890493032e-14,7.473753874890492455e+01,1.347846953799715550e-24,1.058388587612750726e-03,4.529648593834271047e-36,9.958884777052250392e-01
7.478520298691282431e-14,7.478520298691282164e+01,1.215272765005309053e-24,9.542855156456731078e-04,4.529706519047106234e-36,9.959012131417244174e-01
7.483286722492071830e-14,7.483286722492071874e+01,1.177587597663930335e-24,9.246934681777090352e-04,4.529762648020115060e-36,9.959135536569602154e-01
7.488053146292861229e-14,7.488053146292861584e+01,1.069881065615258404e-24,8.401175717747108368e-04,4.529813643228942453e-36,9.959247654628734514e-01
7.492819570093650627e-14,7.492819570093651294e+01,1.017160603850819811e-24,7.987191511989519396e-04,4.529862125550082334e-36,9.959354247853341446e-01
7.497585993894440026e-14,7.497585993894439582e+01,1.079671223879503771e-24,8.478052337519026860e-04,4.529913587400652355e-36,9.959467391870946429e-01
7.502352417695229425e-14,7.502352417695229292e+01,1.374401096553199486e-24,1.079240066013096872e-03,4.529979097365435456e-36,9.959611422070532294e-01
7.507118841496018824e-14,7.507118841496019002e+01,1.789629768322244212e-24,1.405295844238538868e-03,4.530064398943986819e-36,9.959798966109433271e-01
7.511885265296808223e-14,7.511885265296808711e+01,1.882970354425936297e-24,1.478590969337670140e-03,4.530154149542932503e-36,9.959996291763963949e-01
7.516651689097597622e-14,7.516651689097597000e+01,1.688205724522752419e-24,1.325653233358795816e-03,4.530234616808156870e-36,9.960173207082247959e-01
7.521418112898387021e-14,7.521418112898386710e+01,1.328264467903735458e-24,1.043011560175796746e-03,4.530297927699521733e-36,9.960312402399318366e-01
7.526184536699176419e-14,7.526184536699176419e+01,1.444102972593878189e-24,1.133973038424158312e-03,4.530366759960435969e-36,9.960463736998722561e-01
7.530950960499965818e-14,7.530950960499966129e+01,1.385494157210030507e-24,1.087950824135736506e-03,4.530432798668986506e-36,9.960608929694283464e-01
7.535717384300755217e-14,7.535717384300755839e+01,1.115234651208677425e-24,8.757311978352001888e-04,4.530485955627976637e-36,9.960725800577027167e-01
7.540483808101544616e-14,7.540483808101544128e+01,1.323280937742614868e-24,1.039098273556952716e-03,4.530549028982507594e-36,9.960864473645646422e-01
7.545250231902334015e-14,7.545250231902333837e+01,9.533324875028036093e-25,7.485985127087175540e-04,4.530594468976582125e-36,9.960964378010385145e-01
7.550016655703123414e-14,7.550016655703123547e+01,1.256628502138681139e-24,9.867598556223898098e-04,4.530654365384644980e-36,9.961096066244936598e-01
7.554783079503912813e-14,7.554783079503913257e+01,1.430402529430065419e-24,1.123214849114208399e-03,4.530722544622543262e-36,9.961245965108027622e-01
7.559549503304702212e-14,7.559549503304701545e+01,1.194766227166475698e-24,9.381828820648463723e-04,4.530779492404135256e-36,9.961371170492823168e-01
7.564315927105491610e-14,7.564315927105491255e+01,1.911581747812623480e-24,1.501057891231732814e-03,4.530870606747171124e-36,9.961571494474923405e-01
7.569082350906281009e-14,7.569082350906280965e+01,1.678241819644132124e-24,1.317829137913937177e-03,4.530950599089129496e-36,9.961747365626980599e-01
7.573848774707070408e-14,7.573848774707070675e+01,1.096288874670823842e-24,8.608541425325955164e-04,4.531002853009583702e-36,9.961862251089322884e-01
7.578615198507859807e-14,7.578615198507860384e+01,1.370052204990329201e-24,1.075825125477057869e-03,4.531068155687183622e-36,9.962005825547336491e-01
7.583381622308649206e-14,7.583381622308648673e+01,1.145590314664421417e-24,8.995677971467174383e-04,4.531122759529801525e-36,9.962125877548225761e-01
7.588148046109438605e-14,7.588148046109438383e+01,1.081038221220638632e-24,8.488786600641968355e-04,4.531174286537441255e-36,9.962239164820154702e-01
7.592914469910228004e-14,7.592914469910228092e+01,1.251855302016415102e-24,9.830117293818277195e-04,4.531233955433918631e-36,9.962370352847764732e-01
7.597680893711017402e-14,7.597680893711017802e+01,1.020698250580283439e-24,8.014970666847677071e-04,4.531282606374767293e-36,9.962477316799640548e-01
7.602447317511806801e-14,7.602447317511806091e+01,1.042156450493652791e-24,8.183469870967240893e-04,4.531332280107233059e-36,9.962586529461026075e-01
7.607213741312596200e-14,7.607213741312595801e+01,1.048214507815297551e-24,8.231040396049909029e-04,4.531382242593194718e-36,9.962696376975808121e-01
7.611980165113385599e-14,7.611980165113385510e+01,1.140380677246341855e-24,8.954769611854446892e-04,4.531436598121718536e-36,9.962815883033363518e-01
7.616746588914174998e-14,7.616746588914175220e+01,1.307678945366766850e-24,1.026846904343210222e-03,4.531498927817084731e-36,9.962952921093045644e-01
7.621513012714964397e-14,7.621513012714964930e+01,1.485486615681772469e-24,1.166469291381209581e-03,4.531569732603346702e-36,9.963108592486409343e-01
7.626279436515753796e-14,7.626279436515753218e+01,1.226025234966310902e-24,9.627288270047936825e-04,4.531628170325906562e-36,9.963237073655213383e-01
7.631045860316543195e-14,7.631045860316542928e+01,9.153330576983074706e-25,7.187596925611543881e-04,4.531671799101033134e-36,9.963332995874221165e-01
7.635812284117332593e-14,7.635812284117332638e+01,1.111477109501883441e-24,8.727806111615884349e-04,4.531724776959159217e-36,9.963449472985830280e-01
7.640578707918121992e-14,7.640578707918122348e+01,9.093451103896142278e-25,7.140576935123149963e-04,4.531768120322538928e-36,9.963544767698611082e-01
7.645345131718911391e-14,7.645345131718912057e+01,1.099446093228744637e-24,8.633333291204216536e-04,4.531820524729832887e-36,9.963659984021299154e-01
7.650111555519700790e-14,7.650111555519700346e+01,1.278409148947059580e-24,1.003862975489096298e-03,4.531881459298741827e-36,9.963793954756143822e-01
7.654877979320490189e-14,7.654877979320490056e+01,8.960540860356111631e-25,7.036209978219745307e-04,4.531924169153795971e-36,9.963887856637607676e-01
7.659644403121279588e-14,7.659644403121279765e+01,9.138185433678962805e-25,7.175704294340877389e-04,4.531967725740548569e-36,9.963983620143266329e-01
7.664410826922068987e-14,7.664410826922069475e+01,1.092415863449028132e-24,8.578128841276343912e-04,4.532019795056356913e-36,9.964098099733860181e-01
7.669177250722858386e-14,7.669177250722857764e+01,9.774030989114254951e-25,7.674998132903059151e-04,4.532066382361001297e-36,9.964200526575460737e-01
7.673943674523647784e-14,7.673943674523647474e+01,1.049315363208533473e-24,8.239684795783336520e-04,4.532116397318544101e-36,9.964310489454253350e-01
7.678710098324437183e-14,7.678710098324437183e+01,1.111250509206858705e-24,8.726026746640300376e-04,4.532169364375909053e-36,9.964426942819311073e-01
7.683476522125226582e-14,7.683476522125226893e+01,8.542231588144565701e-25,6.707735177313615222e-04,4.532210080386098609e-36,9.964516461033727790e-01
7.688242945926015981e-14,7.688242945926016603e+01,8.859626815131845222e-25,6.956967840606047325e-04,4.532252309240696684e-36,9.964609305387654992e-01
7.693009369726805380e-14,7.693009369726804891e+01,1.063076450054435109e-24,8.347742889692228319e-04,4.532302980111797688e-36,9.964720710357907185e-01
7.697775793527594779e-14,7.697775793527594601e+01,8.413943083432998656e-25,6.606997412594963273e-04,4.532343084642889104e-36,9.964808884174463088e-01
7.702542217328384178e-14,7.702542217328384311e+01,1.331941348582970594e-24,1.045898808270208109e-03,4.532406570790461577e-36,9.964948464809807449e-01
7.707308641129173576e-14,7.707308641129174021e+01,1.507258782235419784e-24,1.183565752179687163e-03,4.532478413333364085e-36,9.965106417814777462e-01
7.712075064929962975e-14,7.712075064929962309e+01,8.874727585010038440e-25,6.968825627915051441e-04,4.532520714164832911e-36,9.965199420417042431e-01
7.716841488730752374e-14,7.716841488730752019e+01,1.089692715604205200e-24,8.556745489158970640e-04,4.532572653683510084e-36,9.965313614635681327e-01
7.721607912531541773e-14,7.721607912531541729e+01,1.245732952530994829e-24,9.782041918446628646e-04,4.532632030762045886e-36,9.965444161072405382e-01
7.726374336332331172e-14,7.726374336332331438e+01,8.242628625836480338e-25,6.472473781182604352e-04,4.532671318733537967e-36,9.965530539601138438e-01
7.731140760133120571e-14,7.731140760133121148e+01,1.110071556584005903e-24,8.716769093181605307e-04,4.532724229596867478e-36,9.965646869417996712e-01
7.735907183933909970e-14,7.735907183933909437e+01,9.416799272489445860e-25,7.394484109450220151e-04,4.532769114178977778e-36,9.965745552654067252e-01
7.740673607734699369e-14,7.740673607734699146e+01,7.508325833858619472e-25,5.895866999017458426e-04,4.532804902142346120e-36,9.965824236065419228e-01
7.745440031535488767e-14,7.745440031535488856e+01,1.100775915499720958e-24,8.643775639359448657e-04,4.532857369934783050e-36,9.965939591746674209e-01
7.750206455336278166e-14,7.750206455336278566e+01,1.014775285688657777e-24,7.968460946820079280e-04,4.532905738561230930e-36,9.966045935002147971e-01
7.754972879137067565e-14,7.754972879137068276e+01,1.195572640226837878e-24,9.388161129947995842e-04,4.532962724779994545e-36,9.966171224894904146e-01
7.759739302937856964e-14,7.759739302937856564e+01,1.775337383656676226e-24,1.394072836480006461e-03,4.533047345121009812e-36,9.966357271165052767e-01
7.764505726738646363e-14,7.764505726738646274e+01,1.421495500949214975e-24,1.116220659405133594e-03,4.533115099810991255e-36,9.966506236617151959e-01
7.769272150539435762e-14,7.769272150539435984e+01,7.663421311243793787e-25,6.017654775286909426e-04,4.533151627027207798e-36,9.966586545349714887e-01
7.774038574340225161e-14,7.774038574340225694e+01,1.403652847779699825e-24,1.102209824989467844e-03,4.533218531258336434e-36,9.966733640983096443e-01
7.778804998141014559e-14,7.778804998141013982e+01,1.125106752399452625e-24,8.834832049949295713e-04,4.533272158764827707e-36,9.966851546411511498e-01
7.783571421941803958e-14,7.783571421941803692e+01,8.811287391012164671e-25,6.919009603080775910e-04,4.533314157212597332e-36,9.966943884193016912e-01
7.788337845742593357e-14,7.788337845742593402e+01,1.068236783665938357e-24,8.388264094175367468e-04,4.533365074047758706e-36,9.967055829939818201e-01
7.793104269543382756e-14,7.793104269543383111e+01,5.490275671188068439e-25,4.311205435344148021e-04,4.533391243101812266e-36,9.967113365218470689e-01
7.797870693344172155e-14,7.797870693344172821e+01,9.756181038981366506e-25,7.660981568591475202e-04,4.533437745325790950e-36,9.967215605001731316e-01
7.802637117144961554e-14,7.802637117144961110e+01,9.886615245355134703e-25,7.763404232434091079e-04,4.533484869256219978e-36,9.967319211668708157e-01
7.807403540945750953e-14,7.807403540945750819e+01,8.032231040766918516e-25,6.307260362647849764e-04,4.533523154380841202e-36,9.967403385338449162e-01
7.812169964746540352e-14,7.812169964746540529e+01,1.415929692832428126e-24,1.111850142578246900e-03,4.533590643780076163e-36,9.967551767522349060e-01
7.816936388547329750e-14,7.816936388547330239e+01,1.573226092143169065e-24,1.235366179346175609e-03,4.533665630613360315e-36,9.967716633563721285e-01
7.821702812348119149e-14,7.821702812348118528e+01,1.034925850044010150e-24,8.126692022592723946e-04,4.533714959703798437e-36,9.967825088495192443e-01
7.826469236148908548e-14,7.826469236148908237e+01,1.048523445467304730e-24,8.233466310091902942e-04,4.533764936915079298e-36,9.967934968385058214e-01
7.831235659949697947e-14,7.831235659949697947e+01,1.198582440403095496e-24,9.411795401988791139e-04,4.533822066594077789e-36,9.968060573689467851e-01
7.836002083750487346e-14,7.836002083750487657e+01,7.796951796670554456e-25,6.122508773343334930e-04,4.533859230274963608e-36,9.968142281753165079e-01
7.840768507551276745e-14,7.840768507551277366e+01,9.130199203089731587e-25,7.169433155551819701e-04,4.533902748795849737e-36,9.968237961567215644e-01
7.845534931352066144e-14,7.845534931352065655e+01,8.236557355094673126e-25,6.467706352916865152e-04,4.533942007829011602e-36,9.968324276472140255e-01
7.850301355152855542e-14,7.850301355152855365e+01,6.092979700880828589e-25,4.784475093250591875e-04,4.533971049633957512e-36,9.968388127780510866e-01
7.855067778953644941e-14,7.855067778953645075e+01,9.689603150732976162e-25,7.608701688512505522e-04,4.534017234518614344e-36,9.968489669861582136e-01
7.859834202754434340e-14,7.859834202754434784e+01,7.486998486247903655e-25,5.879119829576895167e-04,4.534052920826519441e-36,9.968568129773246467e-01
7.864600626555223739e-14,7.864600626555223073e+01,8.196711004695828293e-25,6.436417249653866857e-04,4.534091989934555842e-36,9.968654027108816429e-01
7.869367050356013138e-14,7.869367050356012783e+01,1.285324599465066428e-24,1.009293290767715543e-03,4.534153254124068980e-36,9.968788722547475833e-01
7.874133474156802537e-14,7.874133474156802492e+01,1.023057240509733722e-24,8.033494491177917531e-04,4.534202017504689816e-36,9.968895933709419621e-01
7.878899897957591936e-14,7.878899897957592202e+01,7.881659187635120940e-25,6.189024734692364239e-04,4.534239584938033283e-36,9.968978529463216054e-01
7.883666321758381335e-14,7.883666321758381912e+01,9.329506882946083272e-25,7.325938293756764511e-04,4.534284053446453774e-36,9.969076297919728935e-01
7.888432745559170733e-14,7.888432745559170201e+01,7.099928105883109792e-25,5.575175177681424834e-04,4.534317894807709511e-36,9.969150701531943604e-01
7.893199169359960132e-14,7.893199169359959910e+01,7.147085717759156115e-25,5.612205404361075107e-04,4.534351960942758986e-36,9.969225599331790200e-01
7.897965593160749531e-14,7.897965593160749620e+01,9.900385798531898991e-25,7.774217475203468739e-04,4.534399150509664178e-36,9.969329350307114535e-01
7.902732016961538930e-14,7.902732016961539330e+01,6.940001841529588306e-25,5.449594055452276330e-04,4.534432229592428249e-36,9.969402077973942289e-01
7.907498440762328329e-14,7.907498440762327618e+01,6.652792870118656564e-25,5.224064964968835358e-04,4.534463939711673755e-36,9.969471795837765438e-01
7.912264864563117728e-14,7.912264864563117328e+01,9.037844298687113156e-25,7.096912030987760026e-04,4.534507018028710603e-36,9.969566507819693779e-01
7.917031288363907127e-14,7.917031288363907038e+01,6.584118584014641382e-25,5.170138901278859824e-04,4.534538400816286226e-36,9.969635506012152204e-01
7.921797712164696526e-14,7.921797712164696748e+01,8.080704078202420876e-25,6.345323519213238311e-04,4.534576916984595593e-36,9.969720187654513843e-01
7.926564135965485924e-14,7.926564135965486457e+01,9.350607926084613812e-25,7.342507758992848025e-04,4.534621486069812297e-36,9.969818177239158086e-01
7.931330559766275323e-14,7.931330559766274746e+01,6.474921006247488586e-25,5.084392170332963524e-04,4.534652348373993597e-36,9.969886031096897305e-01
7.936096983567064722e-14,7.936096983567064456e+01,6.587514630211617837e-25,5.172805625811457931e-04,4.534683747348610747e-36,9.969955064878183171e-01
7.940863407367854121e-14,7.940863407367854165e+01,7.609644663334877413e-25,5.975426990992547833e-04,4.534720018241813128e-36,9.970034810059003050e-01
7.945629831168643520e-14,7.945629831168643875e+01,6.803959327157764478e-25,5.342767502010603228e-04,4.534752448886479293e-36,9.970106112069917481e-01
7.950396254969432919e-14,7.950396254969433585e+01,1.037276655541568765e-24,8.145151579171453198e-04,4.534801890026584879e-36,9.970214813353771577e-01
7.955162678770222318e-14,7.955162678770221873e+01,1.203648505136424834e-24,9.451576365864159225e-04,4.534859261176376129e-36,9.970340949555832610e-01
7.959929102571011716e-14,7.959929102571011583e+01,7.747519800197142803e-25,6.083692600050898212e-04,4.534896189242756596e-36,9.970422139597511224e-01
7.964695526371801115e-14,7.964695526371801293e+01,8.505678732025018592e-25,6.679032270316261023e-04,4.534936731026053640e-36,9.970511274756707065e-01
7.969461950172590514e-14,7.969461950172591003e+01,1.003506999303254539e-24,7.879977416263129033e-04,4.534984562556709866e-36,9.970616437153445588e-01
7.974228373973379913e-14,7.974228373973379291e+01,6.576924172559025754e-25,5.164489533627920036e-04,4.535015911052575943e-36,9.970685359952157212e-01
7.978994797774169312e-14,7.978994797774169001e+01,7.936006773624191022e-25,6.231700844626787521e-04,4.535053737530273108e-36,9.970768525240832902e-01
7.983761221574958711e-14,7.983761221574958711e+01,6.755052416224390562e-25,5.304363648931176897e-04,4.535085935063220818e-36,9.970839314732354852e-01
7.988527645375748110e-14,7.988527645375748421e+01,4.880150925567507383e-25,3.832108705582283549e-04,4.535109195996006788e-36,9.970890456215988351e-01
7.993294069176537509e-14,7.993294069176538130e+01,8.085183822067944697e-25,6.348841210720670329e-04,4.535147733516733405e-36,9.970975184803770874e-01
7.998060492977326907e-14,7.998060492977326419e+01,6.408417566747028475e-25,5.032170750678561502e-04,4.535178278836449141e-36,9.971042341739507764e-01
8.002826916778116306e-14,8.002826916778116129e+01,8.825350808799992259e-25,6.930052815997128505e-04,4.535220344316615792e-36,9.971134826898432335e-01
8.007593340578905705e-14,8.007593340578905838e+01,1.349447749791635288e-24,1.059645602887495036e-03,4.535284664895803478e-36,9.971276242115011401e-01
8.012359764379695104e-14,8.012359764379695548e+01,1.181467412811033576e-24,9.277400693234584637e-04,4.535340978797764087e-36,9.971400053852136347e-01
8.017126188180484503e-14,8.017126188180483837e+01,8.715447693560732420e-25,6.843752066060792292e-04,4.535382520431637797e-36,9.971491387282672703e-01
8.021892611981273902e-14,8.021892611981273546e+01,1.042899557466370984e-24,8.189305073080382913e-04,4.535432229583830069e-36,9.971600677817864522e-01
8.026659035782063301e-14,8.026659035782063256e+01,8.272785299128882330e-25,6.496154124683820204e-04,4.535471661295211071e-36,9.971687372373096991e-01
8.031425459582852699e-14,8.031425459582852966e+01,6.764893456017022684e-25,5.312091265317742507e-04,4.535503905734856706e-36,9.971758264993678678e-01
8.036191883383642098e-14,8.036191883383642676e+01,7.303494648551523415e-25,5.735024561895746536e-04,4.535538717383248673e-36,9.971834801879058130e-01
8.040958307184431497e-14,8.040958307184430964e+01,4.525094985926910996e-25,3.553303197716314843e-04,4.535560285964204494e-36,9.971882222558189346e-01
8.045724730985220896e-14,8.045724730985220674e+01,6.932614652190259293e-25,5.443793310145667768e-04,4.535593329836394584e-36,9.971954872811054083e-01
8.050491154786010295e-14,8.050491154786010384e+01,7.504491476821179591e-25,5.892856093574657924e-04,4.535629099523540163e-36,9.972033516040305079e-01
8.055257578586799694e-14,8.055257578586800093e+01,6.549574858013079038e-25,5.143013651434575652e-04,4.535660317660616284e-36,9.972102152232198424e-01
8.060024002387589093e-14,8.060024002387589803e+01,1.107775182488907537e-24,8.698736955865941402e-04,4.535713119068717004e-36,9.972218241400805372e-01
8.064790426188378492e-14,8.064790426188378092e+01,1.254256693219521014e-24,9.848974071559964041e-04,4.535772902425997635e-36,9.972349681081922324e-01
8.069556849989167890e-14,8.069556849989167802e+01,8.878058550182334163e-25,6.971441247970544368e-04,4.535815219134302907e-36,9.972442718590996957e-01
8.074323273789957289e-14,8.074323273789957511e+01,8.685955142542913368e-25,6.820593220519130745e-04,4.535856620193784599e-36,9.972533742954694524e-01
8.079089697590746688e-14,8.079089697590747221e+01,8.378913714936659627e-25,6.579490814948034307e-04,4.535896557759591885e-36,9.972621549681399689e-01
8.083856121391536087e-14,8.083856121391535510e+01,6.473196359093449149e-25,5.083037901689667045e-04,4.535927411843351223e-36,9.972689385465720591e-01
8.088622545192325486e-14,8.088622545192325219e+01,6.038683390850597873e-25,4.741839247449645598e-04,4.535956194848346386e-36,9.972752667776555446e-01
8.093388968993114885e-14,8.093388968993114929e+01,5.671025891287161585e-25,4.453138441626551124e-04,4.535983225436967872e-36,9.972812097224990069e-01
8.098155392793904284e-14,8.098155392793904639e+01,5.002894724191502242e-25,3.928492523713595069e-04,4.536007071420358080e-36,9.972864525000800784e-01
8.102921816594693682e-14,8.102921816594694349e+01,6.568363059585114723e-25,5.157766971957763883e-04,4.536038379110216589e-36,9.972933358083428956e-01
8.107688240395483081e-14,8.107688240395482637e+01,6.259769548147838641e-25,4.915445802038726940e-04,4.536068215908490664e-36,9.972998957264022080e-01
8.112454664196272480e-14,8.112454664196272347e+01,5.935728168034072096e-25,4.660994287599455545e-04,4.536096508183884237e-36,9.973061160656820912e-01
8.117221087997061879e-14,8.117221087997062057e+01,9.753142938420134085e-25,7.658595918682957211e-04,4.536142995926948005e-36,9.973163368602344647e-01
8.121987511797851278e-14,8.121987511797851766e+01,9.108765852294876696e-25,7.152602747758394575e-04,4.536186412287114121e-36,9.973258823805849493e-01
8.126753935598640677e-14,8.126753935598640055e+01,6.203033192730146183e-25,4.870893925501451789e-04,4.536215978655114299e-36,9.973323828418478865e-01
8.131520359399430076e-14,8.131520359399429765e+01,7.025167264857248740e-25,5.516469683916693000e-04,4.536249463673517720e-36,9.973397448575347379e-01
8.136286783200219475e-14,8.136286783200219475e+01,5.897439324884972998e-25,4.630928207390824542e-04,4.536277573447546168e-36,9.973459250720670966e-01
8.141053207001008873e-14,8.141053207001009184e+01,5.171096632478857905e-25,4.060572044792868339e-04,4.536302221154764507e-36,9.973513441166379501e-01
8.145819630801798272e-14,8.145819630801798894e+01,7.330753244093369714e-25,5.756429207545247237e-04,4.536337162729539873e-36,9.973590263707887704e-01
8.150586054602587671e-14,8.150586054602587183e+01,5.491838108818471805e-25,4.312432329949810470e-04,4.536363339230854056e-36,9.973647815360087154e-01
8.155352478403377070e-14,8.155352478403376892e+01,4.739756364189192386e-25,3.721864733811742023e-04,4.536385930981782885e-36,9.973697485580579336e-01
8.160118902204166469e-14,8.160118902204166602e+01,7.127978520558571682e-25,5.597201594469043435e-04,4.536419906043577608e-36,9.973772183146780712e-01
8.164885326004955868e-14,8.164885326004956312e+01,5.126890839502535456e-25,4.025859715874058613e-04,4.536444343046661491e-36,9.973825910338409706e-01
8.169651749805745267e-14,8.169651749805744601e+01,5.812115143300136835e-25,4.563927914974681699e-04,4.536472046128338779e-36,9.973886818329984472e-01
8.174418173606534666e-14,8.174418173606534310e+01,7.764881642644925747e-25,6.097325880784189517e-04,4.536509056948850845e-36,9.973968190314885796e-01
8.179184597407324064e-14,8.179184597407324020e+01,4.556214562561748385e-25,3.577739655185614557e-04,4.536530773859313691e-36,9.974015937111250230e-01
8.183951021208113463e-14,8.183951021208113730e+01,5.439788573253923683e-25,4.271560750074394289e-04,4.536556702269787153e-36,9.974072943310960948e-01
8.188717445008902862e-14,8.188717445008903439e+01,6.031129554645040922e-25,4.735907643709236226e-04,4.536585449269896741e-36,9.974136146461458630e-01
8.193483868809692261e-14,8.193483868809691728e+01,3.756356936321955675e-25,2.949656339835393377e-04,4.536603353709236231e-36,9.974175511159334429e-01
8.198250292610481660e-14,8.198250292610481438e+01,8.304057717564106290e-25,6.520710600243292011e-04,4.536642934478634390e-36,9.974262533433503330e-01
8.203016716411271059e-14,8.203016716411271148e+01,8.714052395834622756e-25,6.842656417044059572e-04,4.536684469461909100e-36,9.974353852242033858e-01
8.207783140212060458e-14,8.207783140212060857e+01,5.196479218180475486e-25,4.080503565174288852e-04,4.536709238153627494e-36,9.974408308684248325e-01
8.212549564012849856e-14,8.212549564012849146e+01,6.913962529124374232e-25,5.429146844438245603e-04,4.536742193121644364e-36,9.974480763472409750e-01
8.217315987813639255e-14,8.217315987813638856e+01,6.906593089155412692e-25,5.423360036716301990e-04,4.536775112963688944e-36,9.974553141032612702e-01
8.222082411614428654e-14,8.222082411614428565e+01,4.680422191202993983e-25,3.675272936896671291e-04,4.536797421902010309e-36,9.974602189461345692e-01
8.226848835415218053e-14,8.226848835415218275e+01,6.349432464711390370e-25,4.985853059595239493e-04,4.536827686072943345e-36,9.974668728263407225e-01
8.231615259216007452e-14,8.231615259216007985e+01,5.205776930024636636e-25,4.087804536608048581e-04,4.536852499081621049e-36,9.974723282140882663e-01
8.236381683016796851e-14,8.236381683016796273e+01,4.716978991627067196e-25,3.703978941135061182e-04,4.536874982265635152e-36,9.974772713666172352e-01
8.241148106817586250e-14,8.241148106817585983e+01,5.999179701907458417e-25,4.710819217001710859e-04,4.536903576978778578e-36,9.974835581998566791e-01
8.245914530618375649e-14,8.245914530618375693e+01,4.543629765933144431e-25,3.567857520502895358e-04,4.536925233904598862e-36,9.974883196912704975e-01
8.250680954419165047e-14,8.250680954419165403e+01,7.605149635289314935e-25,5.971897297676099798e-04,4.536961483372533112e-36,9.974962894987932094e-01
8.255447378219954446e-14,8.255447378219955112e+01,1.081763480215376199e-24,8.494481652598199779e-04,4.537013044949187072e-36,9.975076258263290141e-01
8.260213802020743845e-14,8.260213802020743401e+01,9.250952114004174917e-25,7.264253641269856690e-04,4.537057139031236816e-36,9.975173203506036979e-01
8.264980225821533244e-14,8.264980225821533111e+01,7.819935752182234398e-25,6.140556784019312719e-04,4.537094412263702590e-36,9.975255152429822747e-01
8.269746649622322643e-14,8.269746649622322821e+01,8.396240058643707625e-25,6.593096220511996796e-04,4.537134432414438764e-36,9.975343140727741531e-01
8.274513073423112042e-14,8.274513073423112530e+01,6.901899859807413435e-25,5.419674707037759479e-04,4.537167329886500467e-36,9.975415469105304300e-01
8.279279497223901441e-14,8.279279497223900819e+01,6.042855478963085499e-25,4.745115354156214499e-04,4.537196132777491169e-36,9.975478795137484589e-01
8.284045921024690839e-14,8.284045921024690529e+01,5.821119990533234685e-25,4.570998916261466492e-04,4.537223878780207574e-36,9.975539797495250882e-01
8.288812344825480238e-14,8.288812344825480238e+01,5.211953217874451396e-25,4.092654428916390726e-04,4.537248721227773542e-36,9.975594416097062211e-01
8.293578768626269637e-14,8.293578768626269948e+01,5.616342546375306809e-25,4.410198679048878373e-04,4.537275491171667332e-36,9.975653272492034374e-01
8.298345192427059036e-14,8.298345192427059658e+01,6.704638780962044513e-25,5.264776649775732443e-04,4.537307448411189838e-36,9.975723533674465404e-01
8.303111616227848435e-14,8.303111616227847946e+01,6.636640450046190584e-25,5.211381375768421543e-04,4.537339081540940713e-36,9.975793082269196477e-01
8.307878040028637834e-14,8.307878040028637656e+01,1.002067130935999887e-24,7.868670937858656973e-04,4.537386844441175943e-36,9.975898093775101838e-01
8.312644463829427233e-14,8.312644463829427366e+01,1.197179155460320468e-24,9.400776192690472747e-04,4.537443907233479168e-36,9.976023552022431629e-01
8.317410887630216632e-14,8.317410887630217076e+01,8.911542737380571535e-25,6.997734501441345289e-04,4.537486383542058940e-36,9.976116940428648716e-01
8.322177311431006030e-14,8.322177311431005364e+01,8.042638088259046714e-25,6.315432433123181364e-04,4.537524718271218678e-36,9.976201223158920328e-01
8.326943735231795429e-14,8.326943735231795074e+01,7.957831596643261840e-25,6.248838653593104817e-04,4.537562648775563728e-36,9.976284617160571244e-01
8.331710159032584828e-14,8.331710159032584784e+01,6.052146781312391729e-25,4.752411292573289602e-04,4.537591495952964039e-36,9.976348040560846231e-01
8.336476582833374227e-14,8.336476582833374493e+01,6.587028001640709626e-25,5.172423503698555299e-04,4.537622892608095837e-36,9.976417069242512481e-01
8.341243006634163626e-14,8.341243006634164203e+01,5.344650962008138133e-25,4.196854521958942727e-04,4.537648367551122470e-36,9.976473078448755416e-01
8.346009430434953025e-14,8.346009430434952492e+01,5.696651051717134627e-25,4.473260442331728490e-04,4.537675520280461311e-36,9.976532776435755867e-01
8.350775854235742424e-14,8.350775854235742202e+01,6.775193514248880282e-25,5.320179323129954401e-04,4.537707813814687968e-36,9.976603776995676132e-01
8.355542278036531822e-14,8.355542278036531911e+01,6.245050882770611851e-25,4.903888059955152515e-04,4.537737580457367957e-36,9.976669221932189524e-01
8.360308701837321221e-14,8.360308701837321621e+01,6.985552149311246817e-25,5.485362156409471232e-04,4.537770876652811894e-36,9.976742426942925013e-01
8.365075125638110620e-14,8.365075125638111331e+01,9.739181086473853702e-25,7.647632459723300788e-04,4.537817297847585149e-36,9.976844488575385972e-01
8.369841549438900019e-14,8.369841549438899619e+01,9.241162350170382160e-25,7.256566289016769169e-04,4.537861345267340586e-36,9.976941331226417686e-01
8.374607973239689418e-14,8.374607973239689329e+01,5.791855223101798200e-25,4.548018936389674159e-04,4.537888951781381422e-36,9.977002026904401299e-01
8.379374397040478817e-14,8.379374397040479039e+01,7.155720786442931615e-25,5.618986039300668915e-04,4.537923059074943390e-36,9.977077015195348064e-01
8.384140820841268216e-14,8.384140820841268749e+01,6.195960068638708286e-25,4.865339798012390427e-04,4.537952591729341669e-36,9.977141945685257252e-01
8.388907244642057615e-14,8.388907244642057037e+01,5.584609137348594320e-25,4.385280213443242437e-04,4.537979210417935761e-36,9.977200469530348448e-01
8.393673668442847013e-14,8.393673668442846747e+01,6.526683100619696801e-25,5.125038038767830472e-04,4.538010319442887901e-36,9.977268865828340383e-01
8.398440092243636412e-14,8.398440092243636457e+01,4.385797434244918968e-25,3.443920646109104857e-04,4.538031224070815744e-36,9.977314826740435461e-01
8.403206516044425811e-14,8.403206516044426166e+01,5.425000882547490054e-25,4.259948806272677909e-04,4.538057081996690479e-36,9.977371677972716180e-01
8.407972939845215210e-14,8.407972939845215876e+01,5.931246945054350986e-25,4.657475434626635142e-04,4.538085352912616048e-36,9.977433834404592083e-01
8.412739363646004609e-14,8.412739363646004165e+01,4.984279578980549415e-25,3.913875094640891731e-04,4.538109110168086500e-36,9.977486067103210621e-01
8.417505787446794008e-14,8.417505787446793875e+01,6.052852318784498771e-25,4.752965311563728972e-04,4.538137960708386097e-36,9.977549497897155728e-01
8.422272211247583407e-14,8.422272211247583584e+01,6.884020327390579203e-25,5.405634913418400252e-04,4.538170772958779729e-36,9.977621638906370993e-01
8.427038635048372806e-14,8.427038635048373294e+01,5.534189092591393351e-25,4.345688181271112273e-04,4.538197151323398249e-36,9.977679634375202777e-01
8.431805058849162204e-14,8.431805058849161583e+01,4.741767466459440203e-25,3.723443939585328812e-04,4.538219752660119532e-36,9.977729325671017557e-01
8.436571482649951603e-14,8.436571482649951292e+01,5.475332673490919423e-25,4.299471537676611698e-04,4.538245850489313425e-36,9.977786704354703051e-01
8.441337906450741002e-14,8.441337906450741002e+01,4.863027220505488033e-25,3.818662420776582317e-04,4.538269029803034840e-36,9.977837666390670934e-01
8.446104330251530401e-14,8.446104330251530712e+01,6.870368596387663830e-25,5.394914975035253711e-04,4.538301776983310482e-36,9.977909664336733764e-01
8.450870754052319800e-14,8.450870754052320422e+01,6.889483189159234710e-25,5.409924592254228932e-04,4.538334615272091969e-36,9.977981862593944262e-01
8.455637177853109199e-14,8.455637177853108710e+01,4.766524386855604369e-25,3.742884160107303316e-04,4.538357334611119286e-36,9.978031813329613087e-01
8.460403601653898598e-14,8.460403601653898420e+01,6.300958934237822247e-25,4.947789515874720942e-04,4.538387367736014151e-36,9.978097844153887008e-01
8.465170025454687996e-14,8.465170025454688130e+01,5.847569510609163685e-25,4.591768240343314347e-04,4.538415239808706039e-36,9.978159123689084309e-01
8.469936449255477395e-14,8.469936449255477839e+01,4.536089734793428848e-25,3.561936757106114702e-04,4.538436860795442210e-36,9.978206659587556260e-01
8.474702873056266794e-14,8.474702873056266128e+01,5.060645751948535226e-25,3.973841165507560548e-04,4.538460982045477401e-36,9.978259692564575012e-01
8.479469296857056193e-14,8.479469296857055838e+01,4.780607526166062482e-25,3.753942859228838707e-04,4.538483768510903547e-36,9.978309790884335451e-01
8.484235720657845592e-14,8.484235720657845548e+01,3.740880224918618068e-25,2.937503346740079195e-04,4.538501599181470641e-36,9.978348993394198230e-01
8.489002144458634991e-14,8.489002144458635257e+01,5.210388808091784977e-25,4.091425985690209347e-04,4.538526434172375872e-36,9.978403595601795795e-01
8.493768568259424390e-14,8.493768568259424967e+01,5.281530256676878874e-25,4.147289373648640099e-04,4.538551608254525698e-36,9.978458943335356546e-01
8.498534992060213789e-14,8.498534992060213256e+01,6.844062550388871902e-25,5.374258313096116554e-04,4.538584230048686118e-36,9.978530665607523442e-01
8.503301415861003187e-14,8.503301415861002965e+01,9.461545435185844702e-25,7.429620760391057906e-04,4.538629327910569988e-36,9.978629817760474863e-01
8.508067839661792586e-14,8.508067839661792675e+01,7.949371556472832252e-25,6.242195458724513748e-04,4.538667218090665290e-36,9.978713123105233951e-01
8.512834263462581985e-14,8.512834263462582385e+01,6.323184104166292728e-25,4.965241694806262884e-04,4.538697357150436423e-36,9.978779386837912657e-01
8.517600687263371384e-14,8.517600687263370673e+01,8.201898258185722209e-25,6.440490508772256633e-04,4.538736450983190142e-36,9.978865338533242646e-01
8.522367111064160783e-14,8.522367111064160383e+01,5.786421450579022718e-25,4.543752099706491296e-04,4.538764031597495464e-36,9.978925977268070513e-01
8.527133534864950182e-14,8.527133534864950093e+01,5.179889473343677608e-25,4.067476569373930481e-04,4.538788721215238048e-36,9.978980259858253321e-01
8.531899958665739581e-14,8.531899958665739803e+01,5.161882737105876487e-25,4.053336889731138206e-04,4.538813325005002567e-36,9.979034353747053832e-01
8.536666382466528979e-14,8.536666382466529512e+01,4.245387095648499550e-25,3.333664285374416769e-04,4.538833560375873030e-36,9.979078843230674289e-01
8.541432806267318378e-14,8.541432806267317801e+01,6.041950261074344388e-25,4.744404537338291726e-04,4.538862358952199614e-36,9.979142159776634990e-01
8.546199230068107777e-14,8.546199230068107511e+01,4.878752669613003140e-25,3.831010733634773518e-04,4.538885613220285745e-36,9.979193286607259683e-01
8.550965653868897176e-14,8.550965653868897220e+01,6.561164210786907227e-25,5.152114119910657314e-04,4.538916886597283784e-36,9.979262044249638253e-01
8.555732077669686575e-14,8.555732077669686930e+01,1.017072350037048211e-24,7.986498504307557814e-04,4.538965364711860853e-36,9.979368628225696591e-01
8.560498501470475974e-14,8.560498501470476640e+01,9.253084996676666227e-25,7.265928474360452451e-04,4.539009468960161396e-36,9.979465595819960733e-01
8.565264925271265373e-14,8.565264925271264929e+01,8.510798439299902959e-25,6.683052489181897770e-04,4.539050035146221204e-36,9.979554784631067266e-01
8.570031349072054772e-14,8.570031349072054638e+01,8.630928150099221689e-25,6.777383610816136057e-04,4.539091173923000748e-36,9.979645232340050853e-01
8.574797772872844170e-14,8.574797772872844348e+01,6.612274015798110819e-25,5.192247782109080285e-04,4.539122690911673405e-36,9.979714525587023433e-01
8.579564196673633569e-14,8.579564196673634058e+01,5.792861020755954990e-25,4.548808732854032555e-04,4.539150302219785482e-36,9.979775231805251279e-01
8.584330620474422968e-14,8.584330620474422346e+01,5.392297174607355720e-25,4.234268419372013478e-04,4.539176004265490652e-36,9.979831740319412559e-01
8.589097044275212367e-14,8.589097044275212056e+01,4.282822982943828429e-25,3.363060587208861470e-04,4.539196418072165798e-36,9.979876622111968354e-01
8.593863468076001766e-14,8.593863468076001766e+01,5.200820418349519867e-25,4.083912466090305871e-04,4.539221207455942134e-36,9.979931124047739521e-01
8.598629891876791165e-14,8.598629891876791476e+01,5.166340294258440967e-25,4.056837159257737952e-04,4.539245832492373296e-36,9.979985264649459120e-01
8.603396315677580564e-14,8.603396315677581185e+01,5.331001696195551577e-25,4.186136519351444036e-04,4.539271242377031413e-36,9.980041130818382289e-01
8.608162739478369962e-14,8.608162739478369474e+01,7.456237348286876062e-25,5.854964833886805572e-04,4.539306782063905455e-36,9.980119268369068708e-01
8.612929163279159361e-14,8.612929163279159184e+01,8.439151133659336088e-25,6.626791880060509425e-04,4.539347006747584209e-36,9.980207706353086961e-01
8.617695587079948760e-14,8.617695587079948893e+01,7.397632871638007095e-25,5.808946026563523244e-04,4.539382267099902132e-36,9.980285229758856236e-01
8.622462010880738159e-14,8.622462010880738603e+01,6.841720126538431260e-25,5.372418939075445992e-04,4.539414877729046354e-36,9.980356927483619023e-01
8.627228434681527558e-14,8.627228434681526892e+01,5.805856518093339633e-25,4.559013367759698343e-04,4.539442550979379973e-36,9.980417769888006996e-01
8.631994858482316957e-14,8.631994858482316602e+01,5.284855305392385439e-25,4.149900347842577861e-04,4.539467740910165904e-36,9.980473152466377007e-01
8.636761282283106356e-14,8.636761282283106311e+01,4.775145157435472739e-25,3.749653567548139489e-04,4.539490501339554891e-36,9.980523193543310301e-01
8.641527706083895755e-14,8.641527706083896021e+01,4.247439120078205707e-25,3.335275625023759703e-04,4.539510746491270163e-36,9.980567704531093653e-01
8.646294129884685153e-14,8.646294129884685731e+01,4.588393677999910746e-25,3.603008109028398064e-04,4.539532616781465038e-36,9.980615788548116152e-01
8.651060553685474552e-14,8.651060553685474019e+01,4.056950165585126289e-25,3.185695337044180541e-04,4.539551953979547016e-36,9.980658303309166701e-01
8.655826977486263951e-14,8.655826977486263729e+01,4.955372264146791201e-25,3.891175802238050594e-04,4.539575573450116477e-36,9.980710233073920579e-01
8.660593401287053350e-14,8.660593401287053439e+01,4.898515114402986775e-25,3.846529072694027020e-04,4.539598921914654421e-36,9.980761567004851065e-01
8.665359825087842749e-14,8.665359825087843149e+01,4.989158683679341373e-25,3.917706381803288929e-04,4.539622702426070450e-36,9.980813850833988310e-01
8.670126248888632148e-14,8.670126248888632858e+01,6.095533638061481615e-25,4.786480556821854542e-04,4.539651756404197402e-36,9.980877728906312196e-01
8.674892672689421547e-14,8.674892672689421147e+01,4.745229579757228919e-25,3.726162542905292105e-04,4.539674374242864683e-36,9.980927456483303928e-01
8.679659096490210946e-14,8.679659096490210857e+01,4.466889377073244403e-25,3.507597598892869318e-04,4.539695665390442681e-36,9.980974267197448846e-01
8.684425520291000344e-14,8.684425520291000566e+01,4.808388249019551939e-25,3.775757502160572484e-04,4.539718584270938953e-36,9.981024656644963411e-01
8.689191944091789743e-14,8.689191944091790276e+01,4.410023845682322003e-25,3.462944287711643273e-04,4.539739604372534952e-36,9.981070871437449643e-01
8.693958367892579142e-14,8.693958367892578565e+01,5.923817354441366344e-25,4.651641393978882049e-04,4.539767839875784100e-36,9.981132950011019078e-01
8.698724791693368541e-14,8.698724791693368275e+01,5.572746148448267592e-25,4.375964873870238632e-04,4.539794402020186520e-36,9.981191349538058866e-01
8.703491215494157940e-14,8.703491215494157984e+01,4.498393030361311272e-25,3.532335650208118195e-04,4.539815843327948323e-36,9.981238490394362950e-01
8.708257639294947339e-14,8.708257639294947694e+01,5.545046283837563289e-25,4.354213724379757140e-04,4.539842273442686606e-36,9.981296599641000800e-01
8.713024063095736738e-14,8.713024063095737404e+01,5.471155161959708402e-25,4.296191172263617635e-04,4.539868351360033980e-36,9.981353934546504103e-01
8.717790486896526136e-14,8.717790486896525692e+01,4.156099874091059329e-25,3.263552040026649823e-04,4.539888161148972447e-36,9.981397488345746805e-01
8.722556910697315535e-14,8.722556910697315402e+01,4.744710903712046103e-25,3.725755255708965803e-04,4.539910776515402531e-36,9.981447210487277566e-01
8.727323334498104934e-14,8.727323334498105112e+01,4.133039251160153220e-25,3.245443826728020985e-04,4.539930476387330630e-36,9.981490522622996631e-01
8.732089758298894333e-14,8.732089758298894822e+01,3.714866797011856559e-25,2.917076461370351429e-04,4.539948183066527347e-36,9.981529452525449431e-01
8.736856182099683732e-14,8.736856182099683110e+01,5.124989684720952817e-25,4.024366845694369384e-04,4.539972611007876439e-36,9.981583159793948612e-01
8.741622605900473131e-14,8.741622605900472820e+01,4.706793318226466645e-25,3.695980703312914712e-04,4.539995045642517439e-36,9.981632484578593090e-01
8.746389029701262530e-14,8.746389029701262530e+01,7.347646700378677682e-25,5.769694690905430865e-04,4.540030067738890769e-36,9.981709484154874801e-01
8.751155453502051929e-14,8.751155453502052239e+01,8.448956674711233265e-25,6.634491621277745135e-04,4.540070339160064738e-36,9.981798024895943700e-01
8.755921877302841327e-14,8.755921877302841949e+01,6.230415540826499029e-25,4.892395747088479309e-04,4.540100036044307441e-36,9.981863316461566660e-01
8.760688301103630726e-14,8.760688301103630238e+01,6.408305647106100244e-25,5.032082866464146096e-04,4.540130580830564731e-36,9.981930472224441742e-01
8.765454724904420125e-14,8.765454724904419948e+01,6.318810856522973744e-25,4.961807628806822737e-04,4.540160699045525410e-36,9.981996690127722394e-01
8.770221148705209524e-14,8.770221148705209657e+01,4.568344778093718731e-25,3.587264832838854252e-04,4.540182473773898647e-36,9.982044564042537038e-01
8.774987572505998923e-14,8.774987572505999367e+01,4.323982293711800483e-25,3.395380684581950190e-04,4.540203083763842851e-36,9.982089877163601299e-01
8.779753996306788322e-14,8.779753996306787656e+01,4.095792443963044503e-25,3.216195998885773284e-04,4.540222606101203817e-36,9.982132798971845578e-01
8.784520420107577721e-14,8.784520420107577365e+01,3.672833083234253590e-25,2.884069744374939139e-04,4.540240112429345135e-36,9.982171288382495344e-01
8.789286843908367119e-14,8.789286843908367075e+01,4.932274416841919975e-25,3.873038358727137927e-04,4.540263621805476751e-36,9.982222976093633182e-01
8.794053267709156518e-14,8.794053267709156785e+01,5.150245066601603510e-25,4.044198480052356307e-04,4.540288170125016572e-36,9.982276948025605723e-01
8.798819691509945917e-14,8.798819691509946495e+01,7.244081589474802911e-25,5.688370820159941365e-04,4.540322698584795199e-36,9.982352862292539486e-01
8.803586115310735316e-14,8.803586115310734783e+01,9.353705191213737809e-25,7.344939867516916574e-04,4.540367282432931560e-36,9.982450884334935770e-01
8.808352539111524715e-14,8.808352539111524493e+01,7.853848882497685695e-25,6.167186862452854641e-04,4.540404717310202531e-36,9.982533188650968281e-01
8.813118962912314114e-14,8.813118962912314203e+01,6.813740216306373498e-25,5.350447885471359358e-04,4.540437194574862492e-36,9.982604593160595563e-01
8.817885386713103513e-14,8.817885386713103912e+01,6.693261927594560233e-25,5.255843045160502351e-04,4.540469097587327982e-36,9.982674735119425602e-01
8.822651810513892912e-14,8.822651810513892201e+01,5.196932813200977568e-25,4.080859747893509433e-04,4.540493868441079159e-36,9.982729196315084375e-01
8.827418234314682310e-14,8.827418234314681911e+01,4.443866471554369173e-25,3.489519002961654313e-04,4.540515049851424293e-36,9.982775765760963926e-01
8.832184658115471709e-14,8.832184658115471620e+01,4.085102392621168267e-25,3.207801701366058147e-04,4.540534521235327786e-36,9.982818575542943274e-01
8.836951081916261108e-14,8.836951081916261330e+01,3.650804882013055480e-25,2.866772233917666665e-04,4.540551922567431508e-36,9.982856834109319344e-01
8.841717505717050507e-14,8.841717505717051040e+01,4.695855761775577316e-25,3.687392053918146480e-04,4.540574305068897453e-36,9.982906044273972546e-01
8.846483929517839906e-14,8.846483929517839329e+01,4.948055579250866316e-25,3.885430420114972913e-04,4.540597889664948327e-36,9.982957897363614608e-01
8.851250353318629305e-14,8.851250353318629038e+01,5.478116366410218068e-25,4.301657415538262508e-04,4.540624000762439823e-36,9.983015305218977398e-01
8.856016777119418704e-14,8.856016777119418748e+01,7.709822109688893702e-25,6.054090718842642781e-04,4.540660749145147199e-36,9.983096100208157520e-01
8.860783200920208103e-14,8.860783200920208458e+01,7.948287858804284887e-25,6.241344491749680921e-04,4.540698634159865441e-36,9.983179394196319834e-01
8.865549624720997501e-14,8.865549624720998168e+01,6.407070093713297834e-25,5.031112655709399015e-04,4.540729173056935597e-36,9.983246537011228883e-01
8.870316048521786900e-14,8.870316048521786456e+01,6.007805402867984418e-25,4.717592495993843272e-04,4.540757808883940977e-36,9.983309495736555350e-01
8.875082472322576299e-14,8.875082472322576166e+01,5.299210108677079038e-25,4.161172369440516465e-04,4.540783067235994711e-36,9.983365028745915248e-01
8.879848896123365698e-14,8.879848896123365876e+01,4.017591429833321195e-25,3.154789130204344884e-04,4.540802216833135298e-36,9.983407131047561389e-01
8.884615319924155097e-14,8.884615319924155585e+01,4.132639397288819320e-25,3.245129843917925801e-04,4.540821914799184374e-36,9.983450438993015652e-01
8.889381743724944496e-14,8.889381743724943874e+01,3.393123960360677737e-25,2.664429864145217140e-04,4.540838087911364928e-36,9.983485997195237216e-01
8.894148167525733895e-14,8.894148167525733584e+01,3.902720709562464916e-25,3.064587598759850096e-04,4.540856689984433897e-36,9.983526895710534976e-01
8.898914591326523293e-14,8.898914591326523293e+01,4.335048533097853989e-25,3.404070381465540396e-04,4.540877352720912567e-36,9.983572324800121800e-01
8.903681015127312692e-14,8.903681015127313003e+01,4.026692172970209974e-25,3.161935433163834603e-04,4.540896545696173123e-36,9.983614522472897823e-01
8.908447438928102091e-14,8.908447438928102713e+01,5.033954150182316529e-25,3.952881748257085302e-04,4.540920539722366228e-36,9.983667275735593760e-01
8.913213862728891490e-14,8.913213862728891002e+01,5.910809038114271859e-25,4.641426693039847010e-04,4.540948713222292428e-36,9.983729217988667193e-01
8.917980286529680889e-14,8.917980286529680711e+01,5.257659325684891057e-25,4.128544870894535032e-04,4.540973773525149900e-36,9.983784315567092449e-01
8.922746710330470288e-14,8.922746710330470421e+01,4.188169535078622275e-25,3.288734545430664689e-04,4.540993736172112092e-36,9.983828205439965187e-01
8.927513134131259687e-14,8.927513134131260131e+01,4.161893071363776135e-25,3.268101112799302269e-04,4.541013573573960765e-36,9.983871819948948456e-01
8.932279557932049086e-14,8.932279557932048419e+01,3.471608717897247727e-25,2.726059540603722998e-04,4.541030120778806702e-36,9.983908200631252949e-01
8.937045981732838484e-14,8.937045981732838129e+01,4.149275734222831814e-25,3.258193425878029939e-04,4.541049898040910939e-36,9.983951682917001635e-01
8.941812405533627883e-14,8.941812405533627839e+01,4.450721672820739766e-25,3.494902007883438403e-04,4.541071112126142759e-36,9.983998324201882602e-01
8.946578829334417282e-14,8.946578829334417549e+01,3.454171687144435906e-25,2.712367218713169028e-04,4.541087576218476767e-36,9.984034522153029112e-01
8.951345253135206681e-14,8.951345253135207258e+01,3.807771685376833764e-25,2.990029457481466072e-04,4.541105725722987766e-36,9.984074425651158213e-01
8.956111676935996080e-14,8.956111676935995547e+01,3.842031174933483662e-25,3.016931512393543867e-04,4.541124038523203237e-36,9.984114688171199514e-01
8.960878100736785479e-14,8.960878100736785257e+01,3.256849471578912355e-25,2.557421154215072504e-04,4.541139562091593862e-36,9.984148818286533444e-01
8.965644524537574878e-14,8.965644524537574966e+01,3.695980727383766892e-25,2.902246290553939885e-04,4.541157178751526558e-36,9.984187550272645151e-01
8.970410948338364276e-14,8.970410948338364676e+01,3.326600306299521337e-25,2.612192571130502318e-04,4.541173034782889050e-36,9.984222411341023840e-01
8.975177372139153675e-14,8.975177372139154386e+01,3.136260002783269504e-25,2.462729010422493470e-04,4.541187983569152804e-36,9.984255277740452517e-01
8.979943795939943074e-14,8.979943795939942675e+01,3.231173281709132829e-25,2.537259082953982592e-04,4.541203384753597804e-36,9.984289138782460604e-01
8.984710219740732473e-14,8.984710219740732384e+01,3.253235009518802832e-25,2.554582919960067121e-04,4.541218891093882329e-36,9.984323231020083567e-01
8.989476643541521872e-14,8.989476643541522094e+01,4.448015879915831695e-25,3.492777300532262565e-04,4.541240092282122364e-36,9.984369843949639778e-01
8.994243067342311271e-14,8.994243067342311804e+01,5.959251014151631142e-25,4.679465458832072437e-04,4.541268496677684252e-36,9.984432293849825335e-01
8.999009491143100670e-14,8.999009491143100092e+01,5.323578515077421856e-25,4.180307511720375568e-04,4.541293871180216317e-36,9.984488082227611638e-01
9.003775914943890069e-14,9.003775914943889802e+01,4.190778199484575008e-25,3.290782983221311677e-04,4.541313846261214037e-36,9.984531999437953331e-01
9.008542338744679467e-14,9.008542338744679512e+01,4.512081739219158880e-25,3.543084625225983563e-04,4.541335352815346626e-36,9.984579283744918765e-01
9.013308762545468866e-14,9.013308762545469222e+01,3.769780637219455599e-25,2.960197218971105703e-04,4.541353321237913646e-36,9.984618789116309623e-01
9.018075186346258265e-14,9.018075186346258931e+01,3.076061287548755448e-25,2.415458336987691380e-04,4.541367983090783493e-36,9.984651024664018548e-01
9.022841610147047664e-14,9.022841610147047220e+01,2.895651017196005983e-25,2.273792274167138710e-04,4.541381785029434319e-36,9.984681369604443413e-01
9.027608033947837063e-14,9.027608033947836930e+01,2.702420524538250667e-25,2.122059210089488536e-04,4.541394665947081340e-36,9.984709689588214809e-01
9.032374457748626462e-14,9.032374457748626639e+01,3.197978754374531297e-25,2.511193283121814293e-04,4.541409908911897852e-36,9.984743202768568970e-01
9.037140881549415861e-14,9.037140881549416349e+01,3.898166763468043744e-25,3.061011640405415964e-04,4.541428489278868629e-36,9.984784053560842310e-01
9.041907305350205259e-14,9.041907305350204638e+01,4.724754694962217557e-25,3.710084764683785146e-04,4.541451009525283746e-36,9.984833566571521546e-01
9.046673729150994658e-14,9.046673729150994347e+01,7.009575922103621205e-25,5.504226677253749476e-04,4.541484420228532173e-36,9.984907023339100185e-01
9.051440152951784057e-14,9.051440152951784057e+01,7.705352226584685144e-25,6.050580770437802161e-04,4.541521147305822198e-36,9.984987771486192321e-01
9.056206576752573456e-14,9.056206576752573767e+01,5.947796260769756287e-25,4.670470683706367371e-04,4.541549497103021919e-36,9.985050101346426565e-01
9.060973000553362855e-14,9.060973000553363477e+01,4.643074557721436705e-25,3.645945935830422423e-04,4.541571628026194347e-36,9.985098758391077745e-01
9.065739424354152254e-14,9.065739424354151765e+01,5.124246183317782014e-25,4.023783015758951179e-04,4.541596052423690631e-36,9.985152457868062825e-01
9.070505848154941653e-14,9.070505848154941475e+01,3.685841892599413838e-25,2.894284832469103640e-04,4.541613620757504257e-36,9.985191083604375573e-01
9.075272271955731052e-14,9.075272271955731185e+01,3.022223009881618682e-25,2.373182158302131650e-04,4.541628025993606395e-36,9.985222754954493629e-01
9.080038695756520450e-14,9.080038695756520895e+01,2.959846545510628871e-25,2.324201420659941690e-04,4.541642133916209242e-36,9.985253772631192959e-01
9.084805119557309849e-14,9.084805119557309183e+01,3.278679718016706567e-25,2.574563221887815503e-04,4.541657761537098734e-36,9.985288131516336652e-01
9.089571543358099248e-14,9.089571543358098893e+01,4.408191223191880440e-25,3.461505232094966539e-04,4.541678772903613885e-36,9.985334327103875252e-01
9.094337967158888647e-14,9.094337967158888603e+01,3.832132696206190135e-25,3.009158792434381627e-04,4.541697038523352122e-36,9.985374485892926089e-01
9.099104390959678046e-14,9.099104390959678312e+01,6.005012835263502036e-25,4.715399649339859986e-04,4.541725661039759388e-36,9.985437415353572987e-01
9.103870814760467445e-14,9.103870814760468022e+01,7.673125779492209522e-25,6.025275149702578967e-04,4.541762234511714661e-36,9.985517825783997159e-01
9.108637238561256844e-14,9.108637238561256311e+01,6.159497931523261594e-25,4.836708127558880994e-04,4.541791593371627654e-36,9.985582374169373887e-01
9.113403662362046243e-14,9.113403662362046020e+01,5.171812523750345973e-25,4.061134194041029111e-04,4.541816244491096543e-36,9.985636572117256859e-01
9.118170086162835641e-14,9.118170086162835730e+01,4.800993171071170717e-25,3.769950562371890369e-04,4.541839128123418381e-36,9.985686884068140090e-01
9.122936509963625040e-14,9.122936509963625440e+01,3.506354589505772956e-25,2.753343524051138423e-04,4.541855840942278793e-36,9.985723628869394020e-01
9.127702933764414439e-14,9.127702933764413729e+01,3.255346938073499209e-25,2.556241298957655076e-04,4.541871357348938245e-36,9.985757743238947715e-01
9.132469357565203838e-14,9.132469357565203438e+01,2.990160497946009302e-25,2.348005266647495602e-04,4.541885609761091068e-36,9.985789078590351364e-01
9.137235781365993237e-14,9.137235781365993148e+01,2.957295566558370424e-25,2.322198280019456063e-04,4.541899705524613712e-36,9.985820069534099286e-01
9.142002205166782636e-14,9.142002205166782858e+01,3.484472327552040733e-25,2.736160611512223955e-04,4.541916314043046930e-36,9.985856585020448373e-01
9.146768628967572035e-14,9.146768628967572567e+01,3.477151205313523980e-25,2.730411744992980038e-04,4.541932887665810638e-36,9.985893023785182843e-01
9.151535052768361433e-14,9.151535052768360856e+01,3.811491904102049479e-25,2.992950736511768321e-04,4.541951054902510494e-36,9.985932966269298605e-01
9.156301476569150832e-14,9.156301476569150566e+01,5.187448732967957953e-25,4.073412431820765014e-04,4.541975780550988295e-36,9.985987328076650904e-01
9.161067900369940231e-14,9.161067900369940276e+01,5.020877301564080969e-25,3.942613232755037768e-04,4.541999712247203840e-36,9.986039944300667548e-01
9.165834324170729630e-14,9.165834324170729985e+01,3.662524643355278018e-25,2.875975104925524773e-04,4.542017169440813654e-36,9.986078325684143442e-01
9.170600747971519029e-14,9.170600747971519695e+01,3.593573516377336836e-25,2.821831653630286411e-04,4.542034297983208979e-36,9.986115984495104181e-01
9.175367171772308428e-14,9.175367171772307984e+01,3.171580263738408781e-25,2.490464029595878441e-04,4.542049415121278279e-36,9.986149221032789569e-01
9.180133595573097827e-14,9.180133595573097693e+01,2.889255080887893748e-25,2.268769904248565635e-04,4.542063186574100195e-36,9.986179498947074240e-01
9.184900019373887226e-14,9.184900019373887403e+01,3.553427398834508019e-25,2.790307160048499636e-04,4.542080123762548797e-36,9.986216737047274306e-01
9.189666443174676624e-14,9.189666443174677113e+01,2.867682446839460772e-25,2.251830125131031859e-04,4.542093792390766015e-36,9.986246788891397497e-01
9.194432866975466023e-14,9.194432866975465402e+01,2.523277115495479570e-25,1.981387942374410801e-04,4.542105819432608955e-36,9.986273231543943973e-01
9.199199290776255422e-14,9.199199290776255111e+01,3.385522052943708880e-25,2.658460512779673075e-04,4.542121956310775167e-36,9.986308710082066886e-01
9.203965714577044821e-14,9.203965714577044821e+01,2.568017608254122136e-25,2.016520141031258393e-04,4.542134196605366015e-36,9.986335621592075107e-01
9.208732138377834220e-14,9.208732138377834531e+01,2.651096741006505876e-25,2.081757522564825068e-04,4.542146832891424099e-36,9.986363403728868438e-01
9.213498562178623619e-14,9.213498562178624240e+01,3.459223848204310724e-25,2.716334397326051120e-04,4.542163321064566316e-36,9.986399654624077415e-01
9.218264985979413018e-14,9.218264985979412529e+01,2.498018282348368535e-25,1.961553597930516834e-04,4.542175227711768326e-36,9.986425832576982797e-01
9.223031409780202416e-14,9.223031409780202239e+01,2.750235849194025008e-25,2.159605901712008218e-04,4.542188336538156956e-36,9.986454653640882695e-01
9.227797833580991815e-14,9.227797833580991949e+01,2.934244557869746696e-25,2.304097616245854706e-04,4.542202322430494450e-36,9.986485403021857499e-01
9.232564257381781214e-14,9.232564257381781658e+01,2.669023605077653369e-25,2.095834483076624254e-04,4.542215044163823329e-36,9.986513373023009343e-01
9.237330681182570613e-14,9.237330681182569947e+01,4.657788785756071628e-25,3.657500193517830068e-04,4.542237245221439588e-36,9.986562184265238562e-01
9.242097104983360012e-14,9.242097104983359657e+01,4.719314019906521391e-25,3.705812507828787654e-04,4.542259739535219463e-36,9.986611640260429912e-01
9.246863528784149411e-14,9.246863528784149366e+01,3.016839034203485276e-25,2.368954424287036866e-04,4.542274119108939622e-36,9.986643255189238122e-01
9.251629952584938810e-14,9.251629952584939076e+01,3.475543408181070405e-25,2.729149232115395747e-04,4.542290685068239429e-36,9.986679677105082531e-01
9.256396376385728209e-14,9.256396376385728786e+01,3.527131953154129999e-25,2.769658821944647798e-04,4.542307496921098085e-36,9.986716639642471138e-01
9.261162800186517607e-14,9.261162800186517075e+01,2.449153526169617367e-25,1.923182846614670573e-04,4.542319170657509400e-36,9.986742305517744001e-01
9.265929223987307006e-14,9.265929223987306784e+01,2.832295132707377709e-25,2.224042452860023049e-04,4.542332670614317213e-36,9.986771986520929234e-01
9.270695647788096405e-14,9.270695647788096494e+01,2.289056424126308955e-25,1.797467575133120294e-04,4.542343581257950361e-36,9.986795974660525044e-01
9.275462071588885804e-14,9.275462071588886204e+01,2.817922333533283755e-25,2.212756300099854765e-04,4.542357012707714002e-36,9.986825505044132356e-01
9.280228495389675203e-14,9.280228495389675913e+01,3.457288673796190429e-25,2.714814813442420916e-04,4.542373491656969470e-36,9.986861735659705586e-01
9.284994919190464602e-14,9.284994919190464202e+01,3.300549407499761830e-25,2.591736261970925721e-04,4.542389223518359429e-36,9.986896323727999514e-01
9.289761342991254001e-14,9.289761342991253912e+01,5.585403421672538726e-25,4.385903920357007643e-04,4.542415845992859250e-36,9.986954855896782446e-01
9.294527766792043399e-14,9.294527766792043622e+01,6.652087332646549522e-25,5.223510945978395445e-04,4.542447552749204803e-36,9.987024566366934364e-01
9.299294190592832798e-14,9.299294190592833331e+01,5.044632861648680213e-25,3.961267141208819572e-04,4.542471597674804727e-36,9.987077431537060290e-01
9.304060614393622197e-14,9.304060614393621620e+01,4.220583336636087887e-25,3.314187285115131497e-04,4.542491714820115793e-36,9.987121661089981561e-01
9.308827038194411596e-14,9.308827038194411330e+01,4.691241911556165923e-25,3.683769056215467326e-04,4.542514075329954765e-36,9.987170822903845835e-01
9.313593461995200995e-14,9.313593461995201039e+01,3.622021812771869575e-25,2.844170504607481265e-04,4.542531339469367317e-36,9.987208779838390171e-01
9.318359885795990394e-14,9.318359885795990749e+01,2.958470969307149731e-25,2.323121257848392580e-04,4.542545440835372967e-36,9.987239783099756130e-01
9.323126309596779793e-14,9.323126309596780459e+01,2.686186753184933770e-25,2.109311740292692705e-04,4.542558244375769339e-36,9.987267932961915173e-01
9.327892733397569192e-14,9.327892733397568747e+01,3.076996827278540992e-25,2.416192963846083353e-04,4.542572910687831050e-36,9.987300178313601728e-01
9.332659157198358590e-14,9.332659157198358457e+01,3.766035766590951727e-25,2.957256582184324416e-04,4.542590861260706459e-36,9.987339644440663688e-01
9.337425580999147989e-14,9.337425580999148167e+01,3.610529588496996722e-25,2.835146305691927911e-04,4.542608070623154688e-36,9.987377480942581931e-01
9.342192004799937388e-14,9.342192004799937877e+01,5.142363360082314076e-25,4.038009418150771560e-04,4.542632581375035391e-36,9.987431370278304632e-01
9.346958428600726787e-14,9.346958428600726165e+01,6.837898095452635458e-25,5.369417712510884738e-04,4.542665173786708228e-36,9.987503027950137557e-01
9.351724852401516186e-14,9.351724852401515875e+01,6.311013952550995568e-25,4.955685157587527050e-04,4.542695254838216004e-36,9.987569164145856382e-01
9.356491276202305585e-14,9.356491276202305585e+01,4.861761098752608309e-25,3.817668206403801575e-04,4.542718428117047857e-36,9.987620112913516701e-01
9.361257700003094984e-14,9.361257700003095295e+01,4.796598229752958155e-25,3.766499461546747953e-04,4.542741290801157992e-36,9.987670378807664839e-01
9.366024123803884383e-14,9.366024123803885004e+01,4.033628478998398602e-25,3.167382125104435437e-04,4.542760516837885235e-36,9.987712649169376844e-01
9.370790547604673781e-14,9.370790547604673293e+01,2.852301138301848331e-25,2.239752046553292598e-04,4.542774112152062218e-36,9.987742539825260613e-01
9.375556971405463180e-14,9.375556971405463003e+01,2.923356551744466562e-25,2.295547875941610365e-04,4.542788046147402841e-36,9.987773175105505441e-01
9.380323395206252579e-14,9.380323395206252712e+01,2.606826606562601338e-25,2.046994669901604084e-04,4.542800471422646097e-36,9.987800493313950811e-01
9.385089819007041978e-14,9.385089819007042422e+01,3.248898986249448964e-25,2.551178084172910261e-04,4.542815957095547643e-36,9.987834540112268122e-01
9.389856242807831377e-14,9.389856242807830711e+01,3.463942962050762545e-25,2.720040052648897678e-04,4.542832467762050229e-36,9.987870840461375854e-01
9.394622666608620776e-14,9.394622666608620420e+01,3.279062069036705877e-25,2.574863460690810738e-04,4.542848097205391733e-36,9.987905203353362182e-01
9.399389090409410175e-14,9.399389090409410130e+01,4.925903378956128779e-25,3.868035540142609162e-04,4.542871576214371874e-36,9.987956824299285552e-01
9.404155514210199573e-14,9.404155514210199840e+01,5.424067561489000444e-25,4.259215921612368783e-04,4.542897429691630207e-36,9.988013665750838932e-01
9.408921938010988972e-14,9.408921938010989550e+01,4.093967217043589387e-25,3.214762750596040640e-04,4.542916943329161419e-36,9.988056568431639137e-01
9.413688361811778371e-14,9.413688361811777838e+01,3.451722767071790428e-25,2.710444219184508221e-04,4.542933395748872433e-36,9.988092740719358709e-01
9.418454785612567770e-14,9.418454785612567548e+01,3.271176418212890337e-25,2.568671301548189215e-04,4.542948987605754593e-36,9.988127020973760484e-01
9.423221209413357169e-14,9.423221209413357258e+01,2.259876705761216610e-25,1.774554379521182295e-04,4.542959759166093067e-36,9.988150703324842894e-01
9.427987633214146568e-14,9.427987633214146967e+01,2.897601968822230697e-25,2.275324247014916289e-04,4.542973570403832218e-36,9.988181068710242361e-01
9.432754057014935967e-14,9.432754057014935256e+01,2.582670206530536667e-25,2.028026004327467360e-04,4.542985880539112015e-36,9.988208133771979691e-01
9.437520480815725366e-14,9.437520480815724966e+01,2.108214498946983867e-25,1.655462557996614044e-04,4.542995929211070624e-36,9.988230226780769883e-01
9.442286904616514764e-14,9.442286904616514676e+01,2.963865791822729926e-25,2.327357509276338499e-04,4.543010056291158877e-36,9.988261286577113651e-01
9.447053328417304163e-14,9.447053328417304385e+01,2.427324019288921799e-25,1.906041359674621766e-04,4.543021625978597371e-36,9.988286723690328328e-01
9.451819752218093562e-14,9.451819752218094095e+01,2.446946687787261586e-25,1.921449940254637157e-04,4.543033289196252296e-36,9.988312366439064949e-01
9.456586176018882961e-14,9.456586176018882384e+01,3.414351714282109401e-25,2.681098828249604241e-04,4.543049563489187692e-36,9.988348147097280139e-01
9.461352599819672360e-14,9.461352599819672093e+01,2.696148094265612097e-25,2.117133822530877277e-04,4.543062414509690248e-36,9.988376401349194911e-01
9.466119023620461759e-14,9.466119023620461803e+01,2.272314330527190269e-25,1.784320948397719834e-04,4.543073245353186146e-36,9.988400214040218383e-01
9.470885447421251158e-14,9.470885447421251513e+01,2.628026996871383149e-25,2.063642146896299025e-04,4.543085771678758003e-36,9.988427754417902316e-01
9.475651871222040556e-14,9.475651871222041223e+01,2.036649653922915880e-25,1.599266700570649952e-04,4.543095479241378304e-36,9.988449097463748538e-01
9.480418295022829955e-14,9.480418295022829511e+01,3.545867646172161911e-25,2.784370910446535099e-04,4.543112380396740323e-36,9.988486256341608804e-01
9.485184718823619354e-14,9.485184718823619221e+01,3.857956550976665720e-25,3.029436816656782931e-04,4.543130769104260021e-36,9.988526685751438761e-01
9.489951142624408753e-14,9.489951142624408931e+01,2.349701092291305764e-25,1.845088430382634686e-04,4.543141968806894085e-36,9.988551309416113799e-01
9.494717566425198152e-14,9.494717566425198640e+01,2.624002573659591581e-25,2.060481993151041516e-04,4.543154475950304903e-36,9.988578807619901134e-01
9.499483990225987551e-14,9.499483990225986929e+01,2.878477515289344556e-25,2.260306886693348857e-04,4.543168196032538309e-36,9.988608972590817814e-01
9.504250414026776950e-14,9.504250414026776639e+01,1.909464198623977403e-25,1.499395098665667750e-04,4.543177297373676646e-36,9.988628982798195555e-01
9.509016837827566349e-14,9.509016837827566349e+01,2.309489154166697568e-25,1.813512251591047726e-04,4.543188305408633529e-36,9.988653185062341677e-01
9.513783261628355747e-14,9.513783261628356058e+01,2.100054718958604026e-25,1.649055140601941730e-04,4.543198315187513009e-36,9.988675192560813043e-01
9.518549685429145146e-14,9.518549685429145768e+01,2.169681554605673580e-25,1.703729188002279995e-04,4.543208656838329880e-36,9.988697929712880841e-01
9.523316109229934545e-14,9.523316109229934057e+01,2.710530014643922668e-25,2.128427137660942768e-04,4.543221576409352468e-36,9.988726334679959296e-01
9.528082533030723944e-14,9.528082533030723766e+01,2.683300754866989275e-25,2.107045527741652614e-04,4.543234366193819347e-36,9.988754454298333085e-01
9.532848956831513343e-14,9.532848956831513476e+01,4.429782346167779534e-25,3.478459529529859457e-04,4.543255480473066263e-36,9.988800876149789287e-01
9.537615380632302742e-14,9.537615380632303186e+01,5.498752967690799737e-25,4.317862180642274578e-04,4.543281689933621233e-36,9.988858500266170060e-01
9.542381804433092141e-14,9.542381804433091474e+01,4.564508941942081561e-25,3.584252765930664281e-04,4.543303446378722291e-36,9.988906333983385011e-01
9.547148228233881539e-14,9.547148228233881184e+01,3.430570941012486286e-25,2.693834876970077163e-04,4.543319797979582833e-36,9.988942284610793365e-01
9.551914652034670938e-14,9.551914652034670894e+01,3.714113681366403374e-25,2.916485081909906286e-04,4.543337501069101524e-36,9.988981206620981546e-01
9.556681075835460337e-14,9.556681075835460604e+01,3.262053488363042217e-25,2.561507576607868308e-04,4.543353049442111101e-36,9.989015391271747202e-01
9.561447499636249736e-14,9.561447499636250313e+01,2.628190685509216509e-25,2.063770682399322252e-04,4.543365576547895050e-36,9.989042933364805643e-01
9.566213923437039135e-14,9.566213923437038602e+01,2.563294057065078446e-25,2.012811001312245869e-04,4.543377794327975942e-36,9.989069795374415639e-01
9.570980347237828534e-14,9.570980347237828312e+01,2.634115770464524952e-25,2.068423319169139258e-04,4.543390349675304356e-36,9.989097399559329071e-01
9.575746771038617933e-14,9.575746771038618022e+01,3.557457738503088745e-25,2.793471959655311767e-04,4.543407306074113669e-36,9.989134679895425029e-01
9.580513194839407332e-14,9.580513194839407731e+01,3.422647572776639867e-25,2.687613100460042349e-04,4.543423619908737361e-36,9.989170547489991669e-01
9.585279618640196730e-14,9.585279618640197441e+01,4.407157322367975152e-25,3.460693367788221790e-04,4.543444626347229654e-36,9.989216732242778285e-01
9.590046042440986129e-14,9.590046042440985730e+01,6.078948823605341368e-25,4.773457432572792412e-04,4.543473601274879742e-36,9.989280436514735850e-01
9.594812466241775528e-14,9.594812466241775439e+01,6.011616587116333432e-25,4.720585205145554205e-04,4.543502255267655883e-36,9.989343435179323105e-01
9.599578890042564927e-14,9.599578890042565149e+01,4.332996015630082069e-25,3.402458654661068001e-04,4.543522908220938379e-36,9.989388842759576725e-01
9.604345313843354326e-14,9.604345313843354859e+01,4.062793159702485171e-25,3.190283512484921066e-04,4.543542273269284764e-36,9.989431418752214853e-01
9.609111737644143725e-14,9.609111737644143147e+01,4.008213599303473535e-25,3.147425246062026793e-04,4.543561378167584760e-36,9.989473422778996081e-01
9.613878161444933124e-14,9.613878161444932857e+01,2.954536279023327053e-25,2.320031566336720101e-04,4.543575460779136539e-36,9.989504384806822124e-01
9.618644585245722523e-14,9.618644585245722567e+01,2.872141729625255423e-25,2.255331749700585533e-04,4.543589150662245165e-36,9.989534483381946606e-01
9.623411009046511921e-14,9.623411009046512277e+01,2.641613893368650669e-25,2.074311174379904845e-04,4.543601741748905278e-36,9.989562166143350908e-01
9.628177432847301320e-14,9.628177432847301986e+01,3.382199962456596894e-25,2.655851861516512623e-04,4.543617862792536224e-36,9.989597609867666428e-01
9.632943856648090719e-14,9.632943856648090275e+01,3.552902313294470283e-25,2.789894839835488707e-04,4.543634797478197260e-36,9.989634842465238140e-01
9.637710280448880118e-14,9.637710280448879985e+01,2.947534152413359047e-25,2.314533189186319354e-04,4.543648846714551894e-36,9.989665731114359959e-01
9.642476704249669517e-14,9.642476704249669694e+01,4.656256916485745576e-25,3.656297302530201821e-04,4.543671040470609958e-36,9.989714526303384856e-01
9.647243128050458916e-14,9.647243128050459404e+01,5.287345640662555020e-25,4.151855868402124275e-04,4.543696242271422603e-36,9.989769934979194632e-01
9.652009551851248315e-14,9.652009551851247693e+01,3.917037055878028991e-25,3.075829422257680946e-04,4.543714912582456493e-36,9.989810983522472432e-01
9.656775975652037713e-14,9.656775975652037403e+01,3.389842545513991209e-25,2.661853153180247832e-04,4.543731070053978787e-36,9.989846507337144521e-01
9.661542399452827112e-14,9.661542399452827112e+01,3.456806236048841204e-25,2.714435982148119520e-04,4.543747546703725146e-36,9.989882732897017448e-01
9.666308823253616511e-14,9.666308823253616822e+01,2.397833686942398680e-25,1.882884256331043610e-04,4.543758975827347752e-36,9.989907860966645847e-01
9.671075247054405910e-14,9.671075247054406532e+01,2.760170566219152126e-25,2.167407077573195093e-04,4.543772132006940366e-36,9.989936786141293545e-01
9.675841670855195309e-14,9.675841670855194820e+01,2.388703608040596995e-25,1.875714917641343343e-04,4.543783517612614644e-36,9.989961818532366866e-01
9.680608094655984708e-14,9.680608094655984530e+01,2.232255727241034408e-25,1.752865174851434699e-04,4.543794157519294857e-36,9.989985211429734946e-01
9.685374518456774107e-14,9.685374518456774240e+01,2.887701024904608355e-25,2.267549591280105929e-04,4.543807921564806633e-36,9.990015473058309059e-01
9.690140942257563506e-14,9.690140942257563950e+01,2.233482405948653081e-25,1.753828416813848221e-04,4.543818567318373471e-36,9.990038878810640899e-01
9.694907366058352904e-14,9.694907366058352238e+01,2.513137541154027871e-25,1.973425903556880363e-04,4.543830546030572631e-36,9.990065215205637950e-01
9.699673789859142303e-14,9.699673789859141948e+01,3.433235811757936016e-25,2.695927450445497397e-04,4.543846910333372602e-36,9.990101193759529652e-01
9.704440213659931702e-14,9.704440213659931658e+01,2.810837623047300425e-25,2.207193074465248076e-04,4.543860308014308344e-36,9.990130649898997239e-01
9.709206637460721101e-14,9.709206637460721367e+01,2.296271789699719516e-25,1.803133396877067889e-04,4.543871253049528246e-36,9.990154713651929752e-01
9.713973061261510500e-14,9.713973061261511077e+01,2.581012119515375253e-25,2.026724001626664987e-04,4.543883555281640579e-36,9.990181761337765254e-01
9.718739485062299899e-14,9.718739485062299366e+01,1.966369789357743056e-25,1.544079866201173248e-04,4.543892927859701890e-36,9.990202367886604762e-01
9.723505908863089298e-14,9.723505908863089076e+01,3.073426985163383032e-25,2.413389767130305619e-04,4.543907577156335403e-36,9.990234575828174091e-01
9.728272332663878696e-14,9.728272332663878785e+01,3.300428613173649863e-25,2.591641408964176756e-04,4.543923308441966406e-36,9.990269162630603939e-01
9.733038756464668095e-14,9.733038756464668495e+01,2.229408925449318081e-25,1.750629741133196825e-04,4.543933934779544716e-36,9.990292525694945969e-01
9.737805180265457494e-14,9.737805180265456784e+01,2.720736395643285272e-25,2.136441635998532313e-04,4.543946902998640930e-36,9.990321037619672717e-01
9.742571604066246893e-14,9.742571604066246493e+01,2.831165582498714373e-25,2.223155480458138377e-04,4.543960397571518376e-36,9.990350706785748880e-01
9.747338027867036292e-14,9.747338027867036203e+01,1.922830583846332362e-25,1.509890971017565676e-04,4.543969562622692276e-36,9.990370857066003252e-01
9.752104451667825691e-14,9.752104451667825913e+01,2.396321046156637390e-25,1.881696464393469239e-04,4.543980984536407124e-36,9.990395969283929478e-01
9.756870875468615090e-14,9.756870875468615623e+01,2.248978099317522568e-25,1.765996315381651821e-04,4.543991704149222784e-36,9.990419537423196328e-01
9.761637299269404489e-14,9.761637299269403911e+01,2.120579400598257464e-25,1.665172021491537310e-04,4.544001811757707961e-36,9.990441760009824979e-01
9.766403723070193887e-14,9.766403723070193621e+01,2.606282539057031722e-25,2.046567444216104280e-04,4.544014234439687892e-36,9.990469072516722226e-01
9.771170146870983286e-14,9.771170146870983331e+01,2.523797763692925438e-25,1.981796778191255220e-04,4.544026263963168142e-36,9.990495520625395365e-01
9.775936570671772685e-14,9.775936570671773040e+01,4.012186006999327093e-25,3.150544554941112833e-04,4.544045387795700181e-36,9.990537566280977000e-01
9.780702994472562084e-14,9.780702994472562750e+01,4.916846762726125800e-25,3.860923887567217360e-04,4.544068823636887558e-36,9.990589092318197251e-01
9.785469418273351483e-14,9.785469418273351039e+01,4.346626545996169627e-25,3.413161945373642276e-04,4.544089541559237492e-36,9.990634642739433247e-01
9.790235842074140882e-14,9.790235842074140749e+01,3.549648262060433610e-25,2.787339615980211831e-04,4.544106460734667845e-36,9.990671841236213879e-01
9.795002265874930281e-14,9.795002265874930458e+01,3.884044181112324580e-25,3.049921968873513353e-04,4.544124973787237524e-36,9.990712544031054021e-01
9.799768689675719679e-14,9.799768689675720168e+01,3.329208477667408308e-25,2.614240621766019844e-04,4.544140842250284846e-36,9.990747432431732467e-01
9.804535113476509078e-14,9.804535113476508457e+01,2.724702147325251027e-25,2.139555718283368997e-04,4.544153829371887386e-36,9.990775985915506530e-01
9.809301537277298477e-14,9.809301537277298166e+01,2.649260913768636852e-25,2.080315950439806021e-04,4.544166456907589772e-36,9.990803748813770202e-01
9.814067961078087876e-14,9.814067961078087876e+01,2.673294793841359385e-25,2.099188407964240122e-04,4.544179198999271897e-36,9.990831763574794522e-01
9.818834384878877275e-14,9.818834384878877586e+01,3.340621569332726178e-25,2.623202682283274300e-04,4.544195121862103655e-36,9.990866771578832406e-01
9.823600808679666674e-14,9.823600808679667296e+01,3.326265286933835289e-25,2.611929499219947312e-04,4.544210976296617525e-36,9.990901629136379469e-01
9.828367232480456073e-14,9.828367232480455584e+01,4.410042581128821003e-25,3.462958999606567147e-04,4.544231996487513933e-36,9.990947844125200872e-01
9.833133656281245472e-14,9.833133656281245294e+01,6.076787344725035796e-25,4.771760144484680837e-04,4.544260961112611578e-36,9.991011525745967514e-01
9.837900080082034870e-14,9.837900080082035004e+01,6.009015318281367145e-25,4.718542574681850767e-04,4.544289602706602617e-36,9.991074497150587153e-01
9.842666503882824269e-14,9.842666503882824713e+01,4.677109961477197260e-25,3.672672028736102779e-04,4.544311895857389283e-36,9.991123510868848978e-01
9.847432927683613668e-14,9.847432927683613002e+01,4.472998118708049613e-25,3.512394450948457892e-04,4.544333216121900322e-36,9.991170385599478232e-01
9.852199351484403067e-14,9.852199351484402712e+01,4.135851047249200364e-25,3.247651772432058148e-04,4.544352929396077641e-36,9.991213727201380124e-01
9.856965775285192466e-14,9.856965775285192422e+01,3.181304700028487923e-25,2.498100083794296323e-04,4.544368092885060818e-36,9.991247065646178260e-01
9.861732199085981865e-14,9.861732199085982131e+01,2.847670524788200992e-25,2.236115885576207417e-04,4.544381666127709195e-36,9.991276907775603622e-01
9.866498622886771264e-14,9.866498622886771841e+01,2.802325074322867062e-25,2.200508647575356348e-04,4.544395023234116832e-36,9.991306274707918433e-01
9.871265046687560663e-14,9.871265046687560130e+01,3.400937134588826095e-25,2.670565111483788850e-04,4.544411233587300558e-36,9.991341914788205436e-01
9.876031470488350061e-14,9.876031470488349839e+01,3.347021203426331636e-25,2.628227955865319421e-04,4.544427186953586104e-36,9.991376989857132518e-01
9.880797894289139460e-14,9.880797894289139549e+01,3.558316117775582359e-25,2.794145996735923772e-04,4.544444147443806171e-36,9.991414279188602920e-01
9.885564318089928859e-14,9.885564318089929259e+01,5.094113175852536652e-25,4.000121255703955984e-04,4.544468428214215564e-36,9.991467662887094647e-01
9.890330741890718258e-14,9.890330741890718969e+01,5.352251636829942582e-25,4.202822905436662867e-04,4.544493939385381135e-36,9.991523751744519899e-01
9.895097165691507657e-14,9.895097165691507257e+01,4.315778633335567723e-25,3.388938810380744690e-04,4.544514510273093017e-36,9.991568978895420949e-01
9.899863589492297056e-14,9.899863589492296967e+01,3.721589371038536869e-25,2.922355321562276225e-04,4.544532248995016784e-36,9.991607979247009164e-01
9.904630013293086455e-14,9.904630013293086677e+01,3.509717848671376163e-25,2.755984502767619480e-04,4.544548977844640165e-36,9.991644759293496492e-01
9.909396437093875853e-14,9.909396437093876386e+01,2.590449114613114488e-25,2.034134344384533365e-04,4.544561325057597162e-36,9.991671905874209836e-01
9.914162860894665252e-14,9.914162860894664675e+01,2.587957793266813380e-25,2.032178049514728028e-04,4.544573660395827390e-36,9.991699026347151680e-01
9.918929284695454651e-14,9.918929284695454385e+01,2.292262897186999486e-25,1.799985438518392211e-04,4.544584586322912481e-36,9.991723048088941850e-01
9.923695708496244050e-14,9.923695708496244094e+01,2.505607370775627550e-25,1.967512883262691377e-04,4.544596529143027428e-36,9.991749305571607787e-01
9.928462132297033449e-14,9.928462132297033804e+01,2.697842666097639983e-25,2.118464474711269287e-04,4.544609388240600215e-36,9.991777577581767433e-01
9.933228556097822848e-14,9.933228556097823514e+01,2.332444020432497486e-25,1.831537420114379697e-04,4.544620505688485380e-36,9.991802020401162610e-01
9.937994979898612247e-14,9.937994979898611803e+01,2.894572003389083367e-25,2.272944985166036581e-04,4.544634302484084750e-36,9.991832354034075880e-01
9.942761403699401646e-14,9.942761403699401512e+01,3.330778557387831003e-25,2.615473517276190843e-04,4.544650178430818468e-36,9.991867258888386116e-01
9.947527827500191044e-14,9.947527827500191222e+01,2.867875471242207038e-25,2.251981696364265364e-04,4.544663847979074132e-36,9.991897312755305682e-01
9.952294251300980443e-14,9.952294251300980932e+01,2.503418774801705006e-25,1.965794301642452915e-04,4.544675780367384407e-36,9.991923547302608011e-01
9.957060675101769842e-14,9.957060675101769220e+01,2.336323736971987574e-25,1.834583943829103396e-04,4.544686916307694277e-36,9.991948030779446155e-01
9.961827098902559241e-14,9.961827098902558930e+01,2.212618760638787490e-25,1.737445366772661401e-04,4.544697462616006568e-36,9.991971217891454371e-01
9.966593522703348640e-14,9.966593522703348640e+01,2.576586856356118258e-25,2.023249090761052829e-04,4.544709743755380120e-36,9.991998219202796738e-01
9.971359946504138039e-14,9.971359946504138350e+01,2.679519892459684694e-25,2.104076628630411152e-04,4.544722515518603316e-36,9.992026299199667783e-01
9.976126370304927438e-14,9.976126370304928059e+01,2.177026835709412726e-25,1.709497025122873760e-04,4.544732892180241757e-36,9.992049113326522125e-01
9.980892794105716836e-14,9.980892794105716348e+01,2.347646602671270791e-25,1.843475154957643631e-04,4.544744082090279534e-36,9.992073715461196048e-01
9.985659217906506235e-14,9.985659217906506058e+01,2.441169021213616319e-25,1.916913062868566813e-04,4.544755717769049813e-36,9.992099297662944135e-01
9.990425641707295634e-14,9.990425641707295767e+01,1.914872949464915406e-25,1.503642287226024344e-04,4.544764844890659556e-36,9.992119364551264038e-01
9.995192065508085033e-14,9.995192065508085477e+01,2.101190185624056520e-25,1.649946758865381566e-04,4.544774860081669743e-36,9.992141383948844879e-01
9.999958489308874432e-14,9.999958489308873766e+01,2.022803912441122715e-25,1.588394416644010713e-04,4.544784501649432883e-36,9.992162581898406115e-01
1.000472491310966383e-13,1.000472491310966348e+02,1.938202647920211744e-25,1.521961790436625230e-04,4.544793739970584487e-36,9.992182893270022959e-01
1.000949133691045323e-13,1.000949133691045319e+02,2.298748812942113493e-25,1.805078464248115048e-04,4.544804696812379668e-36,9.992206982980891272e-01
1.001425776071124263e-13,1.001425776071124290e+02,2.438942214789597132e-25,1.915164476725785057e-04,4.544816321877217073e-36,9.992232541846847171e-01
1.001902418451203203e-13,1.001902418451203260e+02,3.679205107196176313e-25,2.889073337269726827e-04,4.544833858577210590e-36,9.992271098033047583e-01
1.002379060831282143e-13,1.002379060831282089e+02,4.324073505753966662e-25,3.395452308280923876e-04,4.544854469001910711e-36,9.992316412109966128e-01
1.002855703211361083e-13,1.002855703211361060e+02,3.665007829573494034e-25,2.877925011735692098e-04,4.544871938031471493e-36,9.992354819515962827e-01
1.003332345591440022e-13,1.003332345591440031e+02,3.084273083053073300e-25,2.421906599248534891e-04,4.544886639025348796e-36,9.992387141119084548e-01
1.003808987971518962e-13,1.003808987971519002e+02,3.337363573794163399e-25,2.620644361186960647e-04,4.544902546359149643e-36,9.992422114980996639e-01
1.004285630351597902e-13,1.004285630351597831e+02,2.926819158080321041e-25,2.298266866416703120e-04,4.544916496858785624e-36,9.992452786547583177e-01
1.004762272731676842e-13,1.004762272731676802e+02,2.448665911522577629e-25,1.922799950191508476e-04,4.544928168271012866e-36,9.992478447312904688e-01
1.005238915111755782e-13,1.005238915111755773e+02,2.427191638568264398e-25,1.905937408522327746e-04,4.544939737327467072e-36,9.992503883038837964e-01
1.005715557491834722e-13,1.005715557491834744e+02,2.561632765302489572e-25,2.011506482103100912e-04,4.544951947189104983e-36,9.992530727638959664e-01
1.006192199871913662e-13,1.006192199871913715e+02,3.034912577099197302e-25,2.383146563449888521e-04,4.544966412909231716e-36,9.992562531969246820e-01
1.006668842251992602e-13,1.006668842251992544e+02,3.164725308991071070e-25,2.485081218251659896e-04,4.544981497373589678e-36,9.992595696670514283e-01
1.007145484632071541e-13,1.007145484632071515e+02,4.468605642580165866e-25,3.508945285898963326e-04,4.545002796701639824e-36,9.992642525370244444e-01
1.007622127012150481e-13,1.007622127012150486e+02,5.631786963785336931e-25,4.422326313483204967e-04,4.545029640260378818e-36,9.992701543614804782e-01
1.008098769392229421e-13,1.008098769392229457e+02,5.240789535226739719e-25,4.115297970980570977e-04,4.545054620154439687e-36,9.992756464406460370e-01
1.008575411772308361e-13,1.008575411772308428e+02,4.345823880025107247e-25,3.412531656822674056e-04,4.545075334250932742e-36,9.992802006416169336e-01
1.009052054152387301e-13,1.009052054152387257e+02,4.280183257139732618e-25,3.360987758645050277e-04,4.545095735475519906e-36,9.992846860545747667e-01
1.009528696532466241e-13,1.009528696532466228e+02,3.918660383709554104e-25,3.077104130521847339e-04,4.545114413524044593e-36,9.992887926100672003e-01
1.010005338912545181e-13,1.010005338912545199e+02,3.118794868860709184e-25,2.449014620689553149e-04,4.545129279063844801e-36,9.992920609474437166e-01
1.010481981292624121e-13,1.010481981292624170e+02,2.774708779664309610e-25,2.178823120879339720e-04,4.545142504538919113e-36,9.992949687002121717e-01
1.010958623672703061e-13,1.010958623672702998e+02,2.774532025517733527e-25,2.178684325765382782e-04,4.545155729171505247e-36,9.992978762677511284e-01
1.011435266052782000e-13,1.011435266052781969e+02,3.177235903390777673e-25,2.494905086087375896e-04,4.545170873266825501e-36,9.993012058483405902e-01
1.011911908432860940e-13,1.011911908432860940e+02,3.058599851411688352e-25,2.401746850918222561e-04,4.545185451890857349e-36,9.993044111044202538e-01
1.012388550812939880e-13,1.012388550812939911e+02,3.695571259270150610e-25,2.901924758218817220e-04,4.545203066599085803e-36,9.993082838739296703e-01
1.012865193193018820e-13,1.012865193193018882e+02,4.943615771468669309e-25,3.881944088173038118e-04,4.545226630033071725e-36,9.993134645302026442e-01
1.013341835573097760e-13,1.013341835573097711e+02,4.965181749503214483e-25,3.898878640696321995e-04,4.545250296259937964e-36,9.993186677865167900e-01
1.013818477953176700e-13,1.013818477953176682e+02,3.872493531826658796e-25,3.040851892075103905e-04,4.545268754257063286e-36,9.993227259615115043e-01
1.014295120333255640e-13,1.014295120333255653e+02,3.709402209609970881e-25,2.912785427491568820e-04,4.545286434889647383e-36,9.993266132251489298e-01
1.014771762713334580e-13,1.014771762713334624e+02,3.261733506658361944e-25,2.561256312928765944e-04,4.545301981737485205e-36,9.993300313549012825e-01
1.015248405093413520e-13,1.015248405093413453e+02,2.524036394116754794e-25,1.981984161273975568e-04,4.545314012398381860e-36,9.993326764158410036e-01
1.015725047473492459e-13,1.015725047473492424e+02,2.282592941603187171e-25,1.792392164961793919e-04,4.545324892234231542e-36,9.993350684564016317e-01
1.016201689853571399e-13,1.016201689853571395e+02,2.078543468149358560e-25,1.632163562298041902e-04,4.545334799481085858e-36,9.993372466635591644e-01
1.016678332233650339e-13,1.016678332233650366e+02,2.266948104219424336e-25,1.780107151967290000e-04,4.545345604746800798e-36,9.993396223091310926e-01
1.017154974613729279e-13,1.017154974613729337e+02,2.337095095025873995e-25,1.835189648029342951e-04,4.545356744363740411e-36,9.993420714651586323e-01
1.017631616993808219e-13,1.017631616993808166e+02,2.083612145984436442e-25,1.636143710607765561e-04,4.545366675770128551e-36,9.993442549840307887e-01
1.018108259373887159e-13,1.018108259373887137e+02,2.707364217223657595e-25,2.125941214573861995e-04,4.545379580251576871e-36,9.993470921631451009e-01
1.018584901753966099e-13,1.018584901753966108e+02,3.058727794789753885e-25,2.401847317674350615e-04,4.545394159485442752e-36,9.993502975533028465e-01
1.019061544134045039e-13,1.019061544134045079e+02,2.339071684631518393e-25,1.836741752943859033e-04,4.545405308523672166e-36,9.993527487806950216e-01
1.019538186514123979e-13,1.019538186514124050e+02,2.205255483645647989e-25,1.731663398489837683e-04,4.545415819735387188e-36,9.993550597755584963e-01
1.020014828894202918e-13,1.020014828894202878e+02,2.119172762996635247e-25,1.664067467906824266e-04,4.545425920639222712e-36,9.993572805601371734e-01
1.020491471274281858e-13,1.020491471274281849e+02,1.830741303701643819e-25,1.437578426279571006e-04,4.545434646752628622e-36,9.993591990833109451e-01
1.020968113654360798e-13,1.020968113654360820e+02,2.420240787917135758e-25,1.900479295505404004e-04,4.545446182678289302e-36,9.993617353717684226e-01
1.021444756034439738e-13,1.021444756034439791e+02,2.211170954358674051e-25,1.736308485734627751e-04,4.545456722085724238e-36,9.993640525657424556e-01
1.021921398414518678e-13,1.021921398414518620e+02,1.831184298403731993e-25,1.437926285163505184e-04,4.545465450310636320e-36,9.993659715531519883e-01
1.022398040794597618e-13,1.022398040794597591e+02,2.178428296411344430e-25,1.710597513578725833e-04,4.545475833652248781e-36,9.993682544344963947e-01
1.022874683174676558e-13,1.022874683174676562e+02,2.003374884643111398e-25,1.573137891241140789e-04,4.545485382612771973e-36,9.993703538688261112e-01
1.023351325554755498e-13,1.023351325554755533e+02,1.702997729312261476e-25,1.337268564767895825e-04,4.545493499844455784e-36,9.993721385232727794e-01
1.023827967934834438e-13,1.023827967934834504e+02,1.994327266357808596e-25,1.566033304246864234e-04,4.545503005680074731e-36,9.993742284761615302e-01
1.024304610314913377e-13,1.024304610314913333e+02,1.696643331461189785e-25,1.332278812668990316e-04,4.545511092623920692e-36,9.993760064715245806e-01
1.024781252694992317e-13,1.024781252694992304e+02,1.806131431908593507e-25,1.418253674774996203e-04,4.545519701435919036e-36,9.993778992048124588e-01
1.025257895075071257e-13,1.025257895075071275e+02,2.047089365186900885e-25,1.607464420073316644e-04,4.545529458758767065e-36,9.993800444496799829e-01
1.025734537455150197e-13,1.025734537455150246e+02,2.431566611844813553e-25,1.909372829564721821e-04,4.545541048668256490e-36,9.993825926070213361e-01
1.026211179835229137e-13,1.026211179835229075e+02,3.839106719646409642e-25,3.014635101742395751e-04,4.545559347529238918e-36,9.993866157943458450e-01
1.026687822215308077e-13,1.026687822215308046e+02,4.279630561468012147e-25,3.360553757744782458e-04,4.545579746119437596e-36,9.993911006281070986e-01
1.027164464595387017e-13,1.027164464595387017e+02,3.593176620734397515e-25,2.821519993750968539e-04,4.545596872770054737e-36,9.993948660932768790e-01
1.027641106975465957e-13,1.027641106975465988e+02,3.510769745384681806e-25,2.756810498236594181e-04,4.545613606633478014e-36,9.993985452002596137e-01
1.028117749355544897e-13,1.028117749355544959e+02,3.263323554420448046e-25,2.562504888221685284e-04,4.545629161060178049e-36,9.994019649963005181e-01
1.028594391735623836e-13,1.028594391735623788e+02,2.582038871287326976e-25,2.027530252184030646e-04,4.545641468186238163e-36,9.994046708408672597e-01
1.029071034115702776e-13,1.029071034115702759e+02,2.469474829607143512e-25,1.939140026013311247e-04,4.545653238782866134e-36,9.994072587240804273e-01
1.029547676495781716e-13,1.029547676495781729e+02,2.309372550664144588e-25,1.813420689402900268e-04,4.545664246262039637e-36,9.994096788283004518e-01
1.030024318875860656e-13,1.030024318875860700e+02,2.529110495370556071e-25,1.985968568290124659e-04,4.545676301108321765e-36,9.994123292066386943e-01
1.030500961255939596e-13,1.030500961255939529e+02,2.769088392233642783e-25,2.174409745979607707e-04,4.545689499794171818e-36,9.994152310695286756e-01
1.030977603636018536e-13,1.030977603636018500e+02,3.711462615686795012e-25,2.914403348778114768e-04,4.545707190247552542e-36,9.994191204923662530e-01
1.031454246016097476e-13,1.031454246016097471e+02,5.241643970194707228e-25,4.115968910820146207e-04,4.545732174214223938e-36,9.994246134669358961e-01
1.031930888396176416e-13,1.031930888396176442e+02,5.948358817202792021e-25,4.670912427709226588e-04,4.545760526692814048e-36,9.994308470424898561e-01
1.032407530776255355e-13,1.032407530776255413e+02,5.504782823235082846e-25,4.322597087877128714e-04,4.545786764894296183e-36,9.994366157731078282e-01
1.032884173156334295e-13,1.032884173156334242e+02,4.524553630130703076e-25,3.552878101384027891e-04,4.545808330894914170e-36,9.994413572737078644e-01
1.033360815536413235e-13,1.033360815536413213e+02,4.183131672122654588e-25,3.284778594316540234e-04,4.545828269529218977e-36,9.994457409815725724e-01
1.033837457916492175e-13,1.033837457916492184e+02,3.492034052366649894e-25,2.742098409734706880e-04,4.545844914090138223e-36,9.994494004545079191e-01
1.034314100296571115e-13,1.034314100296571155e+02,2.885364517510956870e-25,2.265714863120991073e-04,4.545858666998834811e-36,9.994524241688252930e-01
1.034790742676650055e-13,1.034790742676649984e+02,2.672208137944417441e-25,2.098335118058629442e-04,4.545871403911039704e-36,9.994552245061679718e-01
1.035267385056728995e-13,1.035267385056728955e+02,2.795712447784851931e-25,2.195316122977329382e-04,4.545884729498777956e-36,9.994581542697053012e-01
1.035744027436807935e-13,1.035744027436807926e+02,2.953673955446307335e-25,2.319354432015071591e-04,4.545898808000118755e-36,9.994612495688169895e-01
1.036220669816886875e-13,1.036220669816886897e+02,3.105367963215781800e-25,2.438471225045498239e-04,4.545913609541417251e-36,9.994645038354837974e-01
1.036697312196965814e-13,1.036697312196965868e+02,4.206716147998434025e-25,3.303298159940355532e-04,4.545933660589644587e-36,9.994689122586720709e-01
1.037173954577044754e-13,1.037173954577044697e+02,4.897136579971113057e-25,3.845446586951700328e-04,4.545957002483484495e-36,9.994740442071314845e-01
1.037650596957123694e-13,1.037650596957123668e+02,4.662858696186313918e-25,3.661481309715377652e-04,4.545979227706510653e-36,9.994789306443612187e-01
1.038127239337202634e-13,1.038127239337202639e+02,3.714693494131740818e-25,2.916940376342301534e-04,4.545996933559670059e-36,9.994828234529938848e-01
1.038603881717281574e-13,1.038603881717281610e+02,3.327822301145515261e-25,2.613152135119184601e-04,4.546012795415594240e-36,9.994863108404198337e-01
1.039080524097360514e-13,1.039080524097360581e+02,2.689773605113360558e-25,2.112128293860441198e-04,4.546025616052495123e-36,9.994891295854729796e-01
1.039557166477439454e-13,1.039557166477439409e+02,2.090748378948292021e-25,1.641747393953413986e-04,4.546035581473289461e-36,9.994913205827521407e-01
1.040033808857518394e-13,1.040033808857518380e+02,1.918514651878158342e-25,1.506501911801939658e-04,4.546044725952844873e-36,9.994933310879017263e-01
1.040510451237597334e-13,1.040510451237597351e+02,1.767360397531178066e-25,1.387808956849628805e-04,4.546053149965142995e-36,9.994951831911300655e-01
1.040987093617676273e-13,1.040987093617676322e+02,2.100211012025450939e-25,1.649177868778021138e-04,4.546063160488983473e-36,9.994973841047642971e-01
1.041463735997755213e-13,1.041463735997755151e+02,1.766177106173346548e-25,1.386879784538619007e-04,4.546071578861198136e-36,9.994992349679638899e-01
1.041940378377834153e-13,1.041940378377834122e+02,1.869539948210741995e-25,1.468044824892195295e-04,4.546080489905905190e-36,9.995011941501309449e-01
1.042417020757913093e-13,1.042417020757913093e+02,2.480726697824956838e-25,1.947975486803190867e-04,4.546092314133855646e-36,9.995037938247259834e-01
1.042893663137992033e-13,1.042893663137992064e+02,2.329160879952580787e-25,1.828959354106457003e-04,4.546103415932857785e-36,9.995062346661023334e-01
1.043370305518070973e-13,1.043370305518071035e+02,1.946322245306231890e-25,1.528337654688235862e-04,4.546112692955560204e-36,9.995082743121863622e-01
1.043846947898149913e-13,1.043846947898149864e+02,1.816956452420972401e-25,1.426753956011435711e-04,4.546121353364337791e-36,9.995101783895414815e-01
1.044323590278228853e-13,1.044323590278228835e+02,1.540661125114740476e-25,1.209794737898977040e-04,4.546128696828797164e-36,9.995117929235367571e-01
1.044800232658307793e-13,1.044800232658307806e+02,1.825910886511845970e-25,1.433785370686220463e-04,4.546137399918322965e-36,9.995137063846805114e-01
1.045276875038386732e-13,1.045276875038386777e+02,2.187342917678407627e-25,1.717597665476796405e-04,4.546147825750917347e-36,9.995159986080917047e-01
1.045753517418465672e-13,1.045753517418465606e+02,1.953762312978113998e-25,1.534179922382492857e-04,4.546157138236234790e-36,9.995180460509858200e-01
1.046230159798544612e-13,1.046230159798544577e+02,1.607868499713593899e-25,1.262568918289647276e-04,4.546164802040422255e-36,9.995197310148693504e-01
1.046706802178623552e-13,1.046706802178623548e+02,1.735648928698392036e-25,1.362907719647259055e-04,4.546173074901996608e-36,9.995215498861016457e-01
1.047183444558702492e-13,1.047183444558702519e+02,1.458705009816648711e-25,1.145439198961828182e-04,4.546180027727781403e-36,9.995230785342832380e-01
1.047660086938781432e-13,1.047660086938781490e+02,1.454859066384663397e-25,1.142419195373481404e-04,4.546186962222118102e-36,9.995246031521130003e-01
1.048136729318860372e-13,1.048136729318860318e+02,1.519492289242167506e-25,1.193172038832575495e-04,4.546194204786650690e-36,9.995261955022518574e-01
1.048613371698939312e-13,1.048613371698939289e+02,1.566727924392120844e-25,1.230263532811482429e-04,4.546201672496870844e-36,9.995278373529183913e-01
1.049090014079018252e-13,1.049090014079018260e+02,1.774047719336156312e-25,1.393060135449788160e-04,4.546210128383868653e-36,9.995296964641177118e-01
1.049566656459097191e-13,1.049566656459097231e+02,2.116672073927084639e-25,1.662103817089556992e-04,4.546220217368326200e-36,9.995319146281022027e-01
1.050043298839176131e-13,1.050043298839176202e+02,3.212294607652029608e-25,2.522434719464515139e-04,4.546235528568757605e-36,9.995352809484190360e-01
1.050519941219255071e-13,1.050519941219255031e+02,4.185608695365048565e-25,3.286723661687587393e-04,4.546255479009638359e-36,9.995396672520773240e-01
1.050996583599334011e-13,1.050996583599334002e+02,4.335176722994952403e-25,3.404171041799232910e-04,4.546276142357125741e-36,9.995442102953724373e-01
1.051473225979412951e-13,1.051473225979412973e+02,3.636157707155364343e-25,2.855270629327883130e-04,4.546293473874391495e-36,9.995480208025208091e-01
1.051949868359491891e-13,1.051949868359491944e+02,3.078409381336952366e-25,2.417302163292351562e-04,4.546308146919302531e-36,9.995512468179736931e-01
1.052426510739570831e-13,1.052426510739570773e+02,2.979306757966299706e-25,2.339482433624757779e-04,4.546322347597786458e-36,9.995543689789503361e-01
1.052903153119649771e-13,1.052903153119649744e+02,2.639028155232755922e-25,2.072280739302783509e-04,4.546334926359687698e-36,9.995571345453694301e-01
1.053379795499728711e-13,1.053379795499728715e+02,2.443721972318137819e-25,1.918917752129570557e-04,4.546346574206939629e-36,9.995596954409063928e-01
1.053856437879807650e-13,1.053856437879807686e+02,2.494291900647330781e-25,1.958627479461094961e-04,4.546358463092577095e-36,9.995623093311395424e-01
1.054333080259886590e-13,1.054333080259886657e+02,2.775616709262412418e-25,2.179536067050475074e-04,4.546371692895240346e-36,9.995652180353716831e-01
1.054809722639965530e-13,1.054809722639965486e+02,3.169467102588547996e-25,2.488804682710467103e-04,4.546386799961059314e-36,9.995685394746554042e-01
1.055286365020044470e-13,1.055286365020044457e+02,4.254022164332275051e-25,3.340444920314011119e-04,4.546407076490441601e-36,9.995729974721272448e-01
1.055763007400123410e-13,1.055763007400123428e+02,5.438013143179110644e-25,4.270166604452749724e-04,4.546432996438438843e-36,9.995786962315383883e-01
1.056239649780202350e-13,1.056239649780202399e+02,5.756475797578767346e-25,4.520237458600739173e-04,4.546460434318670728e-36,9.995847287235097856e-01
1.056716292160281290e-13,1.056716292160281228e+02,5.023229586175836873e-25,3.944460349878299186e-04,4.546484377226903038e-36,9.995899928109852617e-01
1.057192934540360230e-13,1.057192934540360199e+02,4.119161215685052570e-25,3.234546184140394158e-04,4.546504010950046782e-36,9.995943094810862961e-01
1.057669576920439169e-13,1.057669576920439169e+02,3.658160516916175652e-25,2.872548201295981561e-04,4.546521447342322000e-36,9.995981430460527672e-01
1.058146219300518109e-13,1.058146219300518140e+02,3.123674220078534024e-25,2.452846101429515349e-04,4.546536336139243803e-36,9.996014164967397253e-01
1.058622861680597049e-13,1.058622861680597111e+02,2.566482287717335742e-25,2.015314539957723102e-04,4.546548569115825589e-36,9.996041060388032307e-01
1.059099504060675989e-13,1.059099504060675940e+02,2.399611089169474773e-25,1.884279950573206292e-04,4.546560006711323860e-36,9.996066207083925681e-01
1.059576146440754929e-13,1.059576146440754911e+02,2.549243704785993581e-25,2.001778048006827798e-04,4.546572157521283812e-36,9.996092921853036994e-01
1.060052788820833869e-13,1.060052788820833882e+02,2.577815507215999984e-25,2.024213881343984740e-04,4.546584444516944770e-36,9.996119936040012144e-01
1.060529431200912809e-13,1.060529431200912853e+02,2.806855108071098723e-25,2.204065828906005635e-04,4.546597823215473221e-36,9.996149350444761827e-01
1.061006073580991749e-13,1.061006073580991682e+02,3.610254473256300894e-25,2.834930273129617926e-04,4.546615031266601609e-36,9.996187184063611841e-01
1.061482715961070689e-13,1.061482715961070653e+02,3.869450500884768743e-25,3.038462370615290214e-04,4.546633474759311064e-36,9.996227733924152314e-01
1.061959358341149628e-13,1.061959358341149624e+02,3.261829649081185755e-25,2.561331808179035329e-04,4.546649022065405088e-36,9.996261916229198796e-01
1.062436000721228568e-13,1.062436000721228595e+02,2.670626225310416431e-25,2.097092930825348114e-04,4.546661751437522904e-36,9.996289903024990764e-01
1.062912643101307508e-13,1.062912643101307566e+02,2.341905174395459114e-25,1.838966733473597923e-04,4.546672913981404123e-36,9.996314444992436821e-01
1.063389285481386448e-13,1.063389285481386395e+02,1.750937792598673890e-25,1.374913206638200705e-04,4.546681259716387389e-36,9.996332793924226356e-01
1.063865927861465388e-13,1.063865927861465366e+02,1.543302576552066458e-25,1.211868921505741755e-04,4.546688615771158841e-36,9.996348966945237668e-01
1.064342570241544328e-13,1.064342570241544337e+02,1.412569465850929362e-25,1.109211544865813142e-04,4.546695348694771407e-36,9.996363769950168399e-01
1.064819212621623268e-13,1.064819212621623308e+02,1.332659705044787478e-25,1.046462893294016920e-04,4.546701700733529881e-36,9.996377735541711607e-01
1.065295855001702208e-13,1.065295855001702137e+02,1.526928042830974187e-25,1.199010918919448483e-04,4.546708978740114578e-36,9.996393736965990540e-01
1.065772497381781148e-13,1.065772497381781108e+02,1.244153455783516058e-25,9.769639016715164672e-05,4.546714908919396687e-36,9.996406775057345984e-01
1.066249139761860087e-13,1.066249139761860079e+02,1.197826489788764173e-25,9.405859345964392147e-05,4.546720618284104878e-36,9.996419327665810872e-01
1.066725782141939027e-13,1.066725782141939050e+02,1.453223782380043528e-25,1.141135098597422182e-04,4.546727544983963428e-36,9.996434556707168850e-01
1.067202424522017967e-13,1.067202424522018021e+02,1.198934592841566813e-25,9.414560657501868908e-05,4.546733259630375418e-36,9.996447120927987040e-01
1.067679066902096907e-13,1.067679066902096849e+02,1.270588061457955723e-25,9.977215143106943178e-05,4.546739315808544151e-36,9.996460436040477404e-01
1.068155709282175847e-13,1.068155709282175820e+02,1.262937589791509198e-25,9.917140281648859632e-05,4.546745335521220412e-36,9.996473670979941772e-01
1.068632351662254787e-13,1.068632351662254791e+02,1.470888719978754357e-25,1.155006382946628137e-04,4.546752346419894010e-36,9.996489085140803921e-01
1.069108994042333727e-13,1.069108994042333762e+02,2.274162483716703370e-25,1.785772199400978129e-04,4.546763186072495647e-36,9.996512917199527060e-01
1.069585636422412667e-13,1.069585636422412733e+02,2.568446304852303180e-25,2.016856772416434664e-04,4.546775428410442512e-36,9.996539833202058301e-01
1.070062278802491607e-13,1.070062278802491562e+02,2.208888681152256512e-25,1.734516344639767482e-04,4.546785956939564712e-36,9.996562981224741407e-01
1.070538921182570546e-13,1.070538921182570533e+02,1.848807820804918719e-25,1.451765048481825802e-04,4.546794769165889459e-36,9.996582355784330298e-01
1.071015563562649486e-13,1.071015563562649504e+02,1.882122772687082897e-25,1.477925410954396377e-04,4.546803740185838962e-36,9.996602079467561408e-01
1.071492205942728426e-13,1.071492205942728475e+02,1.665126119626314429e-25,1.307530114587678266e-04,4.546811676904874336e-36,9.996619529136943072e-01
1.071968848322807366e-13,1.071968848322807304e+02,1.675816540746739988e-25,1.315924702473740093e-04,4.546819664579130539e-36,9.996637090836467676e-01
1.072445490702886306e-13,1.072445490702886275e+02,1.739335374316102977e-25,1.365802478551184247e-04,4.546827955011916470e-36,9.996655318180853733e-01
1.072922133082965246e-13,1.072922133082965246e+02,1.990634904283308498e-25,1.563133899481383877e-04,4.546837443248124166e-36,9.996676179015677732e-01
1.073398775463044186e-13,1.073398775463044217e+02,2.297080125608538171e-25,1.803768137712026271e-04,4.546848392136225939e-36,9.996700251239556412e-01
1.073875417843123126e-13,1.073875417843123188e+02,3.153840754132251278e-25,2.476534188033322598e-04,4.546863424720036562e-36,9.996733301876260525e-01
1.074352060223202066e-13,1.074352060223202017e+02,4.418784146034801340e-25,3.469823260054152826e-04,4.546884486577053596e-36,9.996779608472209366e-01
1.074828702603281005e-13,1.074828702603280988e+02,5.110333635178077944e-25,4.012858272312252832e-04,4.546908844661262873e-36,9.996833162152810592e-01
1.075305344983359945e-13,1.075305344983359959e+02,4.903746741318799373e-25,3.850637175774079173e-04,4.546932218062022025e-36,9.996884550908513578e-01
1.075781987363438885e-13,1.075781987363438930e+02,4.193515053787626156e-25,3.292932081345651719e-04,4.546952206188063316e-36,9.996928496799685204e-01
1.076258629743517825e-13,1.076258629743517758e+02,3.627599305890815010e-25,2.848550197010939287e-04,4.546969496912246323e-36,9.996966512183502740e-01
1.076735272123596765e-13,1.076735272123596729e+02,3.206157762847475900e-25,2.517615799566540213e-04,4.546984778861792402e-36,9.997000111075677875e-01
1.077211914503675705e-13,1.077211914503675700e+02,2.860658133516533425e-25,2.246314325999799653e-04,4.546998414009061867e-36,9.997030089308595047e-01
1.077688556883754645e-13,1.077688556883754671e+02,2.639331373643200248e-25,2.072518839707479846e-04,4.547010994216235232e-36,9.997057748150359746e-01
1.078165199263833585e-13,1.078165199263833642e+02,2.617856114612755491e-25,2.055655523728039922e-04,4.547023472062935505e-36,9.997085181942403365e-01
1.078641841643912525e-13,1.078641841643912471e+02,2.818951550495564294e-25,2.213564486432868545e-04,4.547036908418397069e-36,9.997114723111678591e-01
1.079118484023991464e-13,1.079118484023991442e+02,3.290312704659354794e-25,2.583697953592866705e-04,4.547052591487185654e-36,9.997149203904566184e-01
1.079595126404070404e-13,1.079595126404070413e+02,4.240435514354040412e-25,3.329776086407969758e-04,4.547072803256655033e-36,9.997193641498148819e-01
1.080071768784149344e-13,1.080071768784149384e+02,4.877699047266467326e-25,3.830183383122845431e-04,4.547096052502716503e-36,9.997244757287350181e-01
1.080548411164228284e-13,1.080548411164228355e+02,4.686362806857373965e-25,3.679937769053070128e-04,4.547118389756609229e-36,9.997293867970694636e-01
1.081025053544307224e-13,1.081025053544307184e+02,3.840327235378206277e-25,3.015593504265689649e-04,4.547136694435103261e-36,9.997334112634320702e-01
1.081501695924386164e-13,1.081501695924386155e+02,3.225108420462180537e-25,2.532496687704927476e-04,4.547152066711768414e-36,9.997367910119687728e-01
1.081978338304465104e-13,1.081978338304465126e+02,2.587659258717993804e-25,2.031943627083762660e-04,4.547164400627052119e-36,9.997395027464138773e-01
1.082454980684544044e-13,1.082454980684544097e+02,2.035235250971757894e-25,1.598156049292645856e-04,4.547174101448010322e-36,9.997416355687767098e-01
1.082931623064622983e-13,1.082931623064622926e+02,1.686576233715405267e-25,1.324373685655509149e-04,4.547182140407666674e-36,9.997434030143363959e-01
1.083408265444701923e-13,1.083408265444701897e+02,1.606708504404369690e-25,1.261658039058510361e-04,4.547189798682810021e-36,9.997450867626044291e-01
1.083884907824780863e-13,1.083884907824780868e+02,1.693524988954754414e-25,1.329830153263132273e-04,4.547197870763271778e-36,9.997468614901040551e-01
1.084361550204859803e-13,1.084361550204859839e+02,1.637425885237060804e-25,1.285778674730849542e-04,4.547205675450880994e-36,9.997485774286146709e-01
1.084838192584938743e-13,1.084838192584938810e+02,1.645822693275556271e-25,1.292372216954070776e-04,4.547213520161347652e-36,9.997503021665502532e-01
1.085314834965017683e-13,1.085314834965017639e+02,1.887894646063455447e-25,1.482457739267694057e-04,4.547222518692568800e-36,9.997522805835011850e-01
1.085791477345096623e-13,1.085791477345096609e+02,1.765497946237757834e-25,1.386346478347612332e-04,4.547230933827609692e-36,9.997541307349757655e-01
1.086268119725175563e-13,1.086268119725175580e+02,1.402535524915067414e-25,1.101332454034796798e-04,4.547237618925073894e-36,9.997556005204125684e-01
1.086744762105254503e-13,1.086744762105254551e+02,1.326797482442863834e-25,1.041859618803222246e-04,4.547243943021916186e-36,9.997569909362575835e-01
1.087221404485333442e-13,1.087221404485333380e+02,1.002774159848255863e-25,7.874222839205723254e-05,4.547248722681948349e-36,9.997580417922466989e-01
1.087698046865412382e-13,1.087698046865412351e+02,1.207151935024124500e-25,9.479086835062383348e-05,4.547254476495806115e-36,9.997593068256824811e-01
1.088174689245491322e-13,1.088174689245491322e+02,1.463992226774376102e-25,1.149590953782741483e-04,4.547261454522777985e-36,9.997608410145968350e-01
1.088651331625570262e-13,1.088651331625570293e+02,1.337110729442980596e-25,1.049958033015149946e-04,4.547267827777064056e-36,9.997622422381967633e-01
1.089127974005649202e-13,1.089127974005649264e+02,1.150536373932544009e-25,9.034516599757126914e-05,4.547273311736406880e-36,9.997634479414225783e-01
1.089604616385728142e-13,1.089604616385728093e+02,9.947119397671389019e-26,7.810914748471673439e-05,4.547278052968373531e-36,9.997644903486178070e-01
1.090081258765807082e-13,1.090081258765807064e+02,9.643029542445826270e-26,7.572130047083852004e-05,4.547282649257821403e-36,9.997655008887527117e-01
1.090557901145886022e-13,1.090557901145886035e+02,8.657233826319464295e-26,6.798039982388927067e-05,4.547286775673934945e-36,9.997664081225429156e-01
1.091034543525964962e-13,1.091034543525965006e+02,8.428644122699374415e-26,6.618541313882653893e-05,4.547290793134202394e-36,9.997672914013021606e-01
1.091511185906043901e-13,1.091511185906043835e+02,9.555379700304785412e-26,7.503303543921445440e-05,4.547295347645903626e-36,9.997682927561822863e-01
1.091987828286122841e-13,1.091987828286122806e+02,1.284112835158937089e-25,1.008341760247972134e-04,4.547301468289056373e-36,9.997696384407018799e-01
1.092464470666201781e-13,1.092464470666201777e+02,1.809726418965105387e-25,1.421076616402382978e-04,4.547310094236334363e-36,9.997715349413521801e-01
1.092941113046280721e-13,1.092941113046280748e+02,2.781576306882324281e-25,2.184215804679363329e-04,4.547323352445045402e-36,9.997744498909374444e-01
1.093417755426359661e-13,1.093417755426359719e+02,3.610343466627171140e-25,2.835000154630508765e-04,4.547340560920354914e-36,9.997782333460829562e-01
1.093894397806438601e-13,1.093894397806438548e+02,3.713208216958629382e-25,2.915774071514419053e-04,4.547358259694034140e-36,9.997821245982212446e-01
1.094371040186517541e-13,1.094371040186517519e+02,3.080820583997566965e-25,2.419195545453598807e-04,4.547372944231791333e-36,9.997853531404911065e-01
1.094847682566596481e-13,1.094847682566596490e+02,2.503628562498687218e-25,1.965959036150092176e-04,4.547384877620041687e-36,9.997879768150681468e-01
1.095324324946675421e-13,1.095324324946675461e+02,2.162744015982320545e-25,1.698281528173855236e-04,4.547395186203516467e-36,9.997902432600895839e-01
1.095800967326754360e-13,1.095800967326754289e+02,2.005346420608581723e-25,1.574686027815578671e-04,4.547404744561242503e-36,9.997923447604880609e-01
1.096277609706833300e-13,1.096277609706833260e+02,1.938932344257541180e-25,1.522534780028414719e-04,4.547413986360445452e-36,9.997943766623340611e-01
1.096754252086912240e-13,1.096754252086912231e+02,1.962864905007749389e-25,1.541327677173718463e-04,4.547423342232695637e-36,9.997964336442786148e-01
1.097230894466991180e-13,1.097230894466991202e+02,2.201327942413778877e-25,1.728579320727544294e-04,4.547433834724032533e-36,9.997987405232799940e-01
1.097707536847070120e-13,1.097707536847070173e+02,2.712188348178116964e-25,2.129729333939310142e-04,4.547446762199397265e-36,9.998015827578363712e-01
1.098184179227149060e-13,1.098184179227149002e+02,3.495862246428267735e-25,2.745104475738388301e-04,4.547463425007163585e-36,9.998052462425233156e-01
1.098660821607228000e-13,1.098660821607227973e+02,4.200001955618871689e-25,3.298025881385633750e-04,4.547483444052615023e-36,9.998096476295816881e-01
1.099137463987306940e-13,1.099137463987306944e+02,4.293843369789765964e-25,3.371714278665399831e-04,4.547503910387271328e-36,9.998141473576385163e-01
1.099614106367385880e-13,1.099614106367385915e+02,3.612744315488404713e-25,2.836885406534034879e-04,4.547521130306076401e-36,9.998179333287506854e-01
1.100090748747464819e-13,1.100090748747464886e+02,2.882671050557692878e-25,2.263599834648055025e-04,4.547534870376531246e-36,9.998209542204524736e-01
1.100567391127543759e-13,1.100567391127543715e+02,2.463220641742938178e-25,1.934228963194494671e-04,4.547546611162965802e-36,9.998235355495969090e-01
1.101044033507622699e-13,1.101044033507622686e+02,2.039748398166237167e-25,1.601699970560106886e-04,4.547556333495555845e-36,9.998256731015068288e-01
1.101520675887701639e-13,1.101520675887701657e+02,1.667119595785711214e-25,1.309095479565382605e-04,4.547564279716370660e-36,9.998274201575061415e-01
1.101997318267780579e-13,1.101997318267780628e+02,1.499958121076632201e-25,1.177832952598321210e-04,4.547571429172517912e-36,9.998289920368366168e-01
1.102473960647859519e-13,1.102473960647859457e+02,1.536629306331962461e-25,1.206628776826775711e-04,4.547578753419565821e-36,9.998306023456920988e-01
1.102950603027938459e-13,1.102950603027938428e+02,1.531045896756227869e-25,1.202244438561762797e-04,4.547586051053642935e-36,9.998322068034202204e-01
1.103427245408017399e-13,1.103427245408017399e+02,1.552683981607890900e-25,1.219235612522749120e-04,4.547593451824292517e-36,9.998338339367536243e-01
1.103903887788096339e-13,1.103903887788096370e+02,1.755332364138337129e-25,1.378364017096996160e-04,4.547601818505725466e-36,9.998356734352187303e-01
1.104380530168175278e-13,1.104380530168175341e+02,1.776408139075997308e-25,1.394913640632687861e-04,4.547610285643515174e-36,9.998375350200170431e-01
1.104857172548254218e-13,1.104857172548254169e+02,1.412793551651818706e-25,1.109387506872210581e-04,4.547617019635218641e-36,9.998390155553406045e-01
1.105333814928333158e-13,1.105333814928333140e+02,1.263457251912823540e-25,9.921220896714711887e-05,4.547623041824831488e-36,9.998403395938663119e-01
1.105810457308412098e-13,1.105810457308412111e+02,1.057867774060583785e-25,8.306842079604527767e-05,4.547628084085114969e-36,9.998414481851429780e-01
1.106287099688491038e-13,1.106287099688491082e+02,8.472143022348908973e-26,6.652698559134418094e-05,4.547632122278859527e-36,9.998423360223642753e-01
1.106763742068569978e-13,1.106763742068569911e+02,1.013334542178836395e-25,7.957147596412057517e-05,4.547636952274291032e-36,9.998433979450935816e-01
1.107240384448648918e-13,1.107240384448648882e+02,1.003402906641620298e-25,7.879160034995786883e-05,4.547641734931205395e-36,9.998444494599771915e-01
1.107717026828727858e-13,1.107717026828727853e+02,8.359510941415650197e-26,6.564254905555815933e-05,4.547645719439576146e-36,9.998453254939329016e-01
1.108193669208806797e-13,1.108193669208806824e+02,7.477293894739971479e-26,5.871499358372443125e-05,4.547649283444733581e-36,9.998461090760579761e-01
1.108670311588885737e-13,1.108670311588885795e+02,6.723021458724990022e-26,5.279211535204835328e-05,4.547652487930673669e-36,9.998468136142928397e-01
1.109146953968964677e-13,1.109146953968964624e+02,5.446288910372461261e-26,4.276665100091657534e-05,4.547655083870066375e-36,9.998473843574920972e-01
1.109623596349043617e-13,1.109623596349043595e+02,4.245908236884011181e-26,3.334073508346390243e-05,4.547657107655551955e-36,9.998478293069411604e-01
1.110100238729122557e-13,1.110100238729122566e+02,4.829156553093450585e-26,3.792065686078575768e-05,4.547659409442683221e-36,9.998483353778282456e-01
1.110576881109201497e-13,1.110576881109201537e+02,6.668460633772477385e-26,5.236367980676865063e-05,4.547662587922549179e-36,9.998490341983680141e-01
1.111053523489280437e-13,1.111053523489280508e+02,1.009336188354772053e-25,7.925750767234252274e-05,4.547667398860077813e-36,9.998500919310270296e-01
1.111530165869359377e-13,1.111530165869359337e+02,1.622635852599814800e-25,1.274164891942267813e-04,4.547675133051925501e-36,9.998517923703406085e-01
1.112006808249438317e-13,1.112006808249438308e+02,2.405567235522926293e-25,1.888956978116187232e-04,4.547686599037020693e-36,9.998543132816662959e-01
1.112483450629517256e-13,1.112483450629517279e+02,2.726071807071941009e-25,2.140631235233362943e-04,4.547699592687020758e-36,9.998571700653771099e-01
1.112960093009596196e-13,1.112960093009596250e+02,2.302884909275800410e-25,1.808326308630224045e-04,4.547710569243259406e-36,9.998595833708812108e-01
1.113436735389675136e-13,1.113436735389675079e+02,1.657657825525167382e-25,1.301665682262252417e-04,4.547718470365140131e-36,9.998613205114295077e-01
1.113913377769754076e-13,1.113913377769754049e+02,1.416879727881347106e-25,1.112596151797448863e-04,4.547725223833346192e-36,9.998628053288566297e-01
1.114390020149833016e-13,1.114390020149833020e+02,1.240087987152749709e-25,9.737715172617208536e-05,4.547731134634826899e-36,9.998641048775891438e-01
1.114866662529911956e-13,1.114866662529911991e+02,1.134868610278723188e-25,8.911486442676831211e-05,4.547736543914758327e-36,9.998652941618005885e-01
1.115343304909990896e-13,1.115343304909990962e+02,1.155793022530194085e-25,9.075794111785916553e-05,4.547742052929586466e-36,9.998665053737251229e-01
1.115819947290069836e-13,1.115819947290069791e+02,1.309752293692817262e-25,1.028474988451907678e-04,4.547748295781607391e-36,9.998678779270848693e-01
1.116296589670148776e-13,1.116296589670148762e+02,1.586640006235063590e-25,1.245899373452565712e-04,4.547755858401514638e-36,9.998695406445938794e-01
1.116773232050227715e-13,1.116773232050227733e+02,2.199229325886858104e-25,1.726931394918455322e-04,4.547766340889927374e-36,9.998718453243525817e-01
1.117249874430306655e-13,1.117249874430306704e+02,2.872882519319064529e-25,2.255913450282790616e-04,4.547780034303963316e-36,9.998748559581746020e-01
1.117726516810385595e-13,1.117726516810385533e+02,3.115985784481023737e-25,2.446808804338728837e-04,4.547794886454439794e-36,9.998781213517746735e-01
1.118203159190464535e-13,1.118203159190464504e+02,2.686707401382379638e-25,2.109720576109536854e-04,4.547807692476472808e-36,9.998809368836032441e-01
1.118679801570543475e-13,1.118679801570543475e+02,2.056035664149689363e-25,1.614489446688463384e-04,4.547817492441293249e-36,9.998830915037342226e-01
1.119156443950622415e-13,1.119156443950622446e+02,1.710990862434413378e-25,1.343545123728767329e-04,4.547825647771743927e-36,9.998848845345752467e-01
1.119633086330701355e-13,1.119633086330701417e+02,1.388334672766408353e-25,1.090181321626072119e-04,4.547832265181737855e-36,9.998863394382456748e-01
1.120109728710780295e-13,1.120109728710780246e+02,1.105199305114328052e-25,8.678510036120645006e-05,4.547837533044790422e-36,9.998874976305441864e-01
1.120586371090859235e-13,1.120586371090859217e+02,9.658279826117462159e-26,7.584105239185903399e-05,4.547842136603190096e-36,9.998885097688308132e-01
1.121063013470938174e-13,1.121063013470938188e+02,9.991833636153029699e-26,7.846026331117870567e-05,4.547846899147918189e-36,9.998895568618493268e-01
1.121539655851017114e-13,1.121539655851017159e+02,1.007789343053198446e-25,7.913604258987357249e-05,4.547851702712505764e-36,9.998906129734936865e-01
1.122016298231096054e-13,1.122016298231095988e+02,1.027833250948974609e-25,8.070997821425923160e-05,4.547856601815122024e-36,9.998916900901276827e-01
1.122492940611174994e-13,1.122492940611174959e+02,1.135171582170134633e-25,8.913865510948145918e-05,4.547862012539149561e-36,9.998928796918381545e-01
1.122969582991253934e-13,1.122969582991253930e+02,1.187927641282921323e-25,9.328129242709297430e-05,4.547867674721619167e-36,9.998941245791982402e-01
1.123446225371332874e-13,1.123446225371332901e+02,1.041988743595583462e-25,8.182152962793948832e-05,4.547872641295501088e-36,9.998952165300638573e-01
1.123922867751411814e-13,1.123922867751411871e+02,8.722600813078340386e-26,6.849369009469629516e-05,4.547876798868377642e-36,9.998961306139794170e-01
1.124399510131490754e-13,1.124399510131490700e+02,7.894485449656432388e-26,6.199096478599798053e-05,4.547880561725269703e-36,9.998969579156441467e-01
1.124876152511569694e-13,1.124876152511569671e+02,6.659134202460985532e-26,5.229044457456806614e-05,4.547883735759750630e-36,9.998976557588215019e-01
1.125352794891648633e-13,1.125352794891648642e+02,7.166382241576993590e-26,5.627357881822867968e-05,4.547887151570822009e-36,9.998984067589968827e-01
1.125829437271727573e-13,1.125829437271727613e+02,8.275953315220443337e-26,6.498641789968984638e-05,4.547891096251975015e-36,9.998992740365409970e-01
1.126306079651806513e-13,1.126306079651806442e+02,6.296009201836109720e-26,4.943902768740009412e-05,4.547894097205205938e-36,9.998999338260772252e-01
1.126782722031885453e-13,1.126782722031885413e+02,4.627627551861561327e-26,3.633816268831665885e-05,4.547896302934804578e-36,9.999004187777564834e-01
1.127259364411964393e-13,1.127259364411964384e+02,5.599326693390173144e-26,4.396837084427774760e-05,4.547898971818695057e-36,9.999010055585320078e-01
1.127736006792043333e-13,1.127736006792043355e+02,4.463732762486954168e-26,3.505118886570076866e-05,4.547901099428872416e-36,9.999014733348764450e-01
1.128212649172122273e-13,1.128212649172122326e+02,2.989731369939520716e-26,2.347668296501580985e-05,4.547902524465545960e-36,9.999017866434199986e-01
1.128689291552201213e-13,1.128689291552201155e+02,2.942061984551212262e-26,2.310236202797419513e-05,4.547903926780907051e-36,9.999020949564559890e-01
1.129165933932280153e-13,1.129165933932280126e+02,4.564472457125215089e-26,3.584224116451074509e-05,4.547906102408027415e-36,9.999025732898048080e-01
1.129642576312359092e-13,1.129642576312359097e+02,5.754421677737281696e-26,4.518624473542095214e-05,4.547908845216966842e-36,9.999031763237407056e-01
1.130119218692438032e-13,1.130119218692438068e+02,8.154392931213796437e-26,6.403187240937465146e-05,4.547912731957126638e-36,9.999040308623788897e-01
1.130595861072516972e-13,1.130595861072517039e+02,1.371351606812647936e-25,1.076845472821085555e-04,4.547919268418404110e-36,9.999054679686656399e-01
1.131072503452595912e-13,1.131072503452595868e+02,1.690569472269537317e-25,1.327509351838820223e-04,4.547927326411581705e-36,9.999072395989351270e-01
1.131549145832674852e-13,1.131549145832674839e+02,1.437729198346822007e-25,1.128968071128660141e-04,4.547934179257478161e-36,9.999087462655399383e-01
1.132025788212753792e-13,1.132025788212753810e+02,1.067608603866349550e-25,8.383331350669294543e-05,4.547939267946815132e-36,9.999098650647078035e-01
1.132502430592832732e-13,1.132502430592832781e+02,8.889802963427844857e-26,6.980663476734882055e-05,4.547943505215546344e-36,9.999107966705529371e-01
1.132979072972911672e-13,1.132979072972911609e+02,7.714479100739059369e-26,6.057747592619160387e-05,4.547947182273542694e-36,9.999116051084735446e-01
1.133455715352990611e-13,1.133455715352990580e+02,6.199582049529320697e-26,4.868183936383122402e-05,4.547950137265376441e-36,9.999122547929375493e-01
1.133932357733069551e-13,1.133932357733069551e+02,5.368387663386721938e-26,4.215493621729017885e-05,4.547952696073629301e-36,9.999128173724849411e-01
1.134409000113148491e-13,1.134409000113148522e+02,6.120224491356833521e-26,4.805868898556463860e-05,4.547955613240181485e-36,9.999134587406830477e-01
1.134885642493227431e-13,1.134885642493227493e+02,6.777952062226825008e-26,5.322345456079995900e-05,4.547958843908449167e-36,9.999141690353641199e-01
1.135362284873306371e-13,1.135362284873306322e+02,8.860115908893082249e-26,6.957351898494598078e-05,4.547963067027032123e-36,9.999150975301578370e-01
1.135838927253385311e-13,1.135838927253385293e+02,1.255000293230304971e-25,9.854813145224402030e-05,4.547969048907082731e-36,9.999164127062236673e-01
1.136315569633464251e-13,1.136315569633464264e+02,1.486113242411454122e-25,1.166961346193158664e-04,4.547976132372486207e-36,9.999179700768301426e-01
1.136792212013543191e-13,1.136792212013543235e+02,1.318825549957539746e-25,1.035599707512923007e-04,4.547982418471613520e-36,9.999193521384980299e-01
1.137268854393622131e-13,1.137268854393622064e+02,1.041428159314810780e-25,8.177751008970539186e-05,4.547987382373505832e-36,9.999204435019000137e-01
1.137745496773701070e-13,1.137745496773701035e+02,8.501043681168779385e-26,6.675392624943010417e-05,4.547991434342567450e-36,9.999213343677623156e-01
1.138222139153780010e-13,1.138222139153780006e+02,7.389339601593321886e-26,5.802433786917515486e-05,4.547994956424864495e-36,9.999221087327277990e-01
1.138698781533858950e-13,1.138698781533858977e+02,5.407733333629784310e-26,4.246389568957919695e-05,4.547997533986983218e-36,9.999226754354998414e-01
1.139175423913937890e-13,1.139175423913937948e+02,4.616617395555488377e-26,3.625170610844066153e-05,4.547999734468660469e-36,9.999231592333712726e-01
1.139652066294016830e-13,1.139652066294016777e+02,4.509878968400845645e-26,3.541354912895769289e-05,4.548001884074136511e-36,9.999236318456017347e-01
1.140128708674095770e-13,1.140128708674095748e+02,4.577138605034669960e-26,3.594170131730175860e-05,4.548004065738496466e-36,9.999241115062980079e-01
1.140605351054174710e-13,1.140605351054174719e+02,5.089968143203907778e-26,3.996866394135123262e-05,4.548006491839833339e-36,9.999246449089046473e-01
1.141081993434253650e-13,1.141081993434253690e+02,4.400023308075415508e-26,3.455091426640655942e-05,4.548008589083299562e-36,9.999251060088243381e-01
1.141558635814332590e-13,1.141558635814332661e+02,4.280365126556240993e-26,3.361130570493476937e-05,4.548010629292445192e-36,9.999255545691790870e-01
1.142035278194411529e-13,1.142035278194411489e+02,4.358500566623217805e-26,3.422485947542669747e-05,4.548012706744357349e-36,9.999260113177280695e-01
1.142511920574490469e-13,1.142511920574490460e+02,3.896286932582805361e-26,3.059535514685081229e-05,4.548014563885045338e-36,9.999264196286542505e-01
1.142988562954569409e-13,1.142988562954569431e+02,4.584322477801629901e-26,3.599811223940221037e-05,4.548016748973552318e-36,9.999269000421833198e-01
1.143465205334648349e-13,1.143465205334648402e+02,4.227715440406142698e-26,3.319787726036569665e-05,4.548018764087556155e-36,9.999273430851206568e-01
1.143941847714727289e-13,1.143941847714727231e+02,5.326766006172580506e-26,4.182810469633158068e-05,4.548021303057106712e-36,9.999279013029311880e-01
1.144418490094806229e-13,1.144418490094806202e+02,7.185987900262064549e-26,5.642753105550912465e-05,4.548024728213092971e-36,9.999286543576793029e-01
1.144895132474885169e-13,1.144895132474885173e+02,5.908649531386229339e-26,4.639730953572254366e-05,4.548027544533770358e-36,9.999292735539048183e-01
1.145371774854964109e-13,1.145371774854964144e+02,3.663538452878003459e-26,2.876771192660738884e-05,4.548029290736356976e-36,9.999296574739815480e-01
1.145848417235043049e-13,1.145848417235043115e+02,3.458164679179535075e-26,2.715502691318915236e-05,4.548030939048825167e-36,9.999300198719381916e-01
1.146325059615121988e-13,1.146325059615121944e+02,3.227041068050213796e-26,2.534014287418519460e-05,4.548032477197675675e-36,9.999303580493233978e-01
1.146801701995200928e-13,1.146801701995200915e+02,1.986875920440172156e-26,1.560182180379017825e-05,4.548033424229600670e-36,9.999305662637494319e-01
1.147278344375279868e-13,1.147278344375279886e+02,1.785317953221919314e-26,1.401910017768244964e-05,4.548034275190186204e-36,9.999307533559320671e-01
1.147754986755358808e-13,1.147754986755358857e+02,2.486051847898868880e-26,1.952157028371887039e-05,4.548035460151180676e-36,9.999310138814401228e-01
1.148231629135437748e-13,1.148231629135437686e+02,3.919787900136196168e-26,3.077989505908822508e-05,4.548037328493456970e-36,9.999314246551472829e-01
1.148708271515516688e-13,1.148708271515516657e+02,5.074877172457271602e-26,3.985016301534319430e-05,4.548039747401777960e-36,9.999319564762976231e-01
1.149184913895595628e-13,1.149184913895595628e+02,7.400114332222992941e-26,5.810894578330737047e-05,4.548043274619782372e-36,9.999327319703996686e-01
1.149661556275674568e-13,1.149661556275674599e+02,9.878129197426736110e-26,7.756740615132414547e-05,4.548047982968003817e-36,9.999337671477750433e-01
1.150138198655753508e-13,1.150138198655753570e+02,8.726549431687520872e-26,6.852469638113713212e-05,4.548052142422964438e-36,9.999346816454856013e-01
1.150614841035832447e-13,1.150614841035832399e+02,5.810419092353911660e-26,4.562596101328900491e-05,4.548054911922720269e-36,9.999352905476639464e-01
1.151091483415911387e-13,1.151091483415911370e+02,5.116503451903279563e-26,4.017703083209518965e-05,4.548057350671945920e-36,9.999358267310352044e-01
1.151568125795990327e-13,1.151568125795990341e+02,4.224531955245268373e-26,3.317287913759215192e-05,4.548059364268561093e-36,9.999362694403594043e-01
1.152044768176069267e-13,1.152044768176069311e+02,2.881827215908139277e-26,2.262937218643766132e-05,4.548060737873397718e-36,9.999365714410999306e-01
1.152521410556148207e-13,1.152521410556148140e+02,2.378930545871281965e-26,1.868040680268269989e-05,4.548061871775696612e-36,9.999368207408438902e-01
1.152998052936227147e-13,1.152998052936227111e+02,2.850334101308728094e-26,2.238207442769412408e-05,4.548063230369538919e-36,9.999371194412673969e-01
1.153474695316306087e-13,1.153474695316306082e+02,3.527362571709390704e-26,2.769839913756512296e-05,4.548064911664747512e-36,9.999374890908089286e-01
1.153951337696385027e-13,1.153951337696385053e+02,4.187179699531844566e-26,3.287957283113626607e-05,4.548066907457644632e-36,9.999379278858078202e-01
1.154427980076463967e-13,1.154427980076464024e+02,4.727142355055191967e-26,3.711959660187594235e-05,4.548069160620349558e-36,9.999384232661292504e-01
1.154904622456542906e-13,1.154904622456542853e+02,5.652620410513674531e-26,4.438685650272705088e-05,4.548071854906354871e-36,9.999390156318134215e-01
1.155381264836621846e-13,1.155381264836621824e+02,5.422992861765153257e-26,4.258372020218650526e-05,4.548074439741832118e-36,9.999395839337059666e-01
1.155857907216700786e-13,1.155857907216700795e+02,4.244861763589428933e-26,3.333251771583841246e-05,4.548076463028522338e-36,9.999400287734899750e-01
1.156334549596779726e-13,1.156334549596779766e+02,4.067307970900436395e-26,3.193828740400944368e-05,4.548078401685313303e-36,9.999404550065453812e-01
1.156811191976858666e-13,1.156811191976858595e+02,3.442806235282222399e-26,2.703442567060310444e-05,4.548080042677276070e-36,9.999408157950158138e-01
1.157287834356937606e-13,1.157287834356937566e+02,2.660022948668114506e-26,2.088766772608440764e-05,4.548081310560502336e-36,9.999410945518045768e-01
1.157764476737016546e-13,1.157764476737016537e+02,3.157152614079498679e-26,2.479134805827543878e-05,4.548082815397460800e-36,9.999414254052376716e-01
1.158241119117095486e-13,1.158241119117095508e+02,2.704521791144774917e-26,2.123709216857399176e-05,4.548084104490780933e-36,9.999417088252773311e-01
1.158717761497174426e-13,1.158717761497174479e+02,2.488297328139628846e-26,1.953920278015201824e-05,4.548085290522069333e-36,9.999419695861001545e-01
1.159194403877253365e-13,1.159194403877253308e+02,3.098651798683956411e-26,2.433197397870258204e-05,4.548086767474981648e-36,9.999422943089470994e-01
1.159671046257332305e-13,1.159671046257332279e+02,2.420585020931675755e-26,1.900749602377442888e-05,4.548087921231624532e-36,9.999425479738668354e-01
1.160147688637411245e-13,1.160147688637411250e+02,1.879747839139180998e-26,1.476060508892369155e-05,4.548088817201621908e-36,9.999427449618181196e-01
1.160624331017490185e-13,1.160624331017490221e+02,1.995902060754735151e-26,1.567269901927961895e-05,4.548089768535800037e-36,9.999429541221375173e-01
1.161100973397569125e-13,1.161100973397569192e+02,1.935026804849356747e-26,1.519467979063778969e-05,4.548090690854169178e-36,9.999431569030414746e-01
1.161577615777648065e-13,1.161577615777648020e+02,2.763682969399648681e-26,2.170165170716376063e-05,4.548092008146293596e-36,9.999434465228699276e-01
1.162054258157727005e-13,1.162054258157726991e+02,2.742039522759020475e-26,2.153169786443355287e-05,4.548093315122205069e-36,9.999437338745759130e-01
1.162530900537805945e-13,1.162530900537805962e+02,3.263173670848456054e-26,2.562387193062290637e-05,4.548094870493433943e-36,9.999440758384728900e-01
1.163007542917884884e-13,1.163007542917884933e+02,4.695672659763904533e-26,3.687248274181896031e-05,4.548097108656306016e-36,9.999445679209312265e-01
1.163484185297963824e-13,1.163484185297963762e+02,3.858426231364063324e-26,3.029805630312106055e-05,4.548098947750928357e-36,9.999449722642497207e-01
1.163960827678042764e-13,1.163960827678042733e+02,2.825972474181789520e-26,2.219077623872585026e-05,4.548100294732953736e-36,9.999452684116992840e-01
1.164437470058121704e-13,1.164437470058121704e+02,3.111298841368362960e-26,2.443128410888087840e-05,4.548101777713998865e-36,9.999455944598916179e-01
1.164914112438200644e-13,1.164914112438200675e+02,2.463700275336288375e-26,1.934605592543996272e-05,4.548102952021256983e-36,9.999458526430692329e-01
1.165390754818279584e-13,1.165390754818279646e+02,1.747372357011228688e-26,1.372113470121393617e-05,4.548103784895312548e-36,9.999460357587476311e-01
1.165867397198358524e-13,1.165867397198358475e+02,1.385661605263115310e-26,1.088082311696622623e-05,4.548104445362211418e-36,9.999461809689910163e-01
1.166344039578437464e-13,1.166344039578437446e+02,1.633889015042550753e-26,1.283001369014362744e-05,4.548105224145145443e-36,9.999463521921961862e-01
1.166820681958516404e-13,1.166820681958516417e+02,2.272953246230661068e-26,1.784822653051273779e-05,4.548106307534030178e-36,9.999465903860614846e-01
1.167297324338595343e-13,1.167297324338595388e+02,2.579738478931992641e-26,2.025723883138158128e-05,4.548107537150168211e-36,9.999468607294487166e-01
1.167773966718674283e-13,1.167773966718674217e+02,3.014267717431014100e-26,2.366935313497456006e-05,4.548108973881938690e-36,9.999471766092761227e-01
1.168250609098753223e-13,1.168250609098753188e+02,3.917861970191808932e-26,3.076477181183871605e-05,4.548110841306231894e-36,9.999475871811556171e-01
1.168727251478832163e-13,1.168727251478832159e+02,3.725536448903761846e-26,2.925454740346579541e-05,4.548112617059774463e-36,9.999479775983051155e-01
1.169203893858911103e-13,1.169203893858911130e+02,2.963814207715099458e-26,2.327317003170905173e-05,4.548114029743196125e-36,9.999482881908627885e-01
1.169680536238990043e-13,1.169680536238990101e+02,2.952525484901870338e-26,2.318452602535088887e-05,4.548115437045918792e-36,9.999485976004200971e-01
1.170157178619068983e-13,1.170157178619068929e+02,2.696625170223996148e-26,2.117508443513144289e-05,4.548116722375364128e-36,9.999488801929343751e-01
1.170633820999147923e-13,1.170633820999147900e+02,2.092789587355430499e-26,1.643350240387101818e-05,4.548117719890372747e-36,9.999490995065704046e-01
1.171110463379226863e-13,1.171110463379226871e+02,1.773167338239978019e-26,1.392368821571518413e-05,4.548118565059444660e-36,9.999492853254310365e-01
1.171587105759305802e-13,1.171587105759305842e+02,2.003262348704600963e-26,1.573049523082812405e-05,4.548119519901856997e-36,9.999494952570706641e-01
1.172063748139384742e-13,1.172063748139384813e+02,1.701736599569797604e-26,1.336278270340802236e-05,4.548120331023916318e-36,9.999496735903554701e-01
1.172540390519463682e-13,1.172540390519463642e+02,2.274805682688370487e-26,1.786277267464720525e-05,4.548121415295752884e-36,9.999499119783465950e-01
1.173017032899542622e-13,1.173017032899542613e+02,2.333283695073371210e-26,1.832196769497262845e-05,4.548122527440766801e-36,9.999501564945341148e-01
1.173493675279621562e-13,1.173493675279621584e+02,1.687373630342139803e-26,1.324999836486030233e-05,4.548123331716806594e-36,9.999503333226532620e-01
1.173970317659700502e-13,1.173970317659700555e+02,2.375500387603130522e-26,1.865347169440143287e-05,4.548124463984142573e-36,9.999505822629342067e-01
1.174446960039779442e-13,1.174446960039779384e+02,1.991854372309215385e-26,1.564091479300027128e-05,4.548125413389014897e-36,9.999507909990763554e-01
1.174923602419858382e-13,1.174923602419858355e+02,2.229545712697688240e-26,1.750737152484461797e-05,4.548126476087971215e-36,9.999510246440543870e-01
1.175400244799937322e-13,1.175400244799937326e+02,2.742564916447849313e-26,2.153582348628321858e-05,4.548127783314308046e-36,9.999513120508187747e-01
1.175876887180016261e-13,1.175876887180016297e+02,2.064197077326662044e-26,1.620898146534502208e-05,4.548128767200876713e-36,9.999515283681063016e-01
1.176353529560095201e-13,1.176353529560095268e+02,2.763164663133015188e-26,2.169758173886397195e-05,4.548130084245953479e-36,9.999518179336188695e-01
1.176830171940174141e-13,1.176830171940174097e+02,2.729541624089507273e-26,2.143355887852225699e-05,4.548131385264819662e-36,9.999521039756088525e-01
1.177306814320253081e-13,1.177306814320253068e+02,1.744762953048177310e-26,1.370064451598052065e-05,4.548132216895119538e-36,9.999522868178352120e-01
1.177783456700332021e-13,1.177783456700332039e+02,2.210344345226543050e-26,1.735659395962678721e-05,4.548133270441865306e-36,9.999525184506082853e-01
1.178260099080410961e-13,1.178260099080411010e+02,2.120442089496942431e-26,1.665064198787947117e-05,4.548134281137264966e-36,9.999527406620849490e-01
1.178736741460489901e-13,1.178736741460489839e+02,1.131761407351086152e-26,8.887087321480339748e-06,4.548134820584229603e-36,9.999528592648871950e-01
1.179213383840568841e-13,1.179213383840568810e+02,1.394748913112712044e-26,1.095218064678831094e-05,4.548135485382536125e-36,9.999530054274338164e-01
1.179690026220647781e-13,1.179690026220647781e+02,1.493231109707360023e-26,1.172550608010230108e-05,4.548136197121763320e-36,9.999531619104105040e-01
1.180166668600726720e-13,1.180166668600726751e+02,1.884689005004500890e-26,1.479940529206703276e-05,4.548137095446936812e-36,9.999533594161708061e-01
1.180643310980805660e-13,1.180643310980805722e+02,2.522509085448537050e-26,1.980784851471296195e-05,4.548138297785044684e-36,9.999536237622107526e-01
1.181119953360884600e-13,1.181119953360884551e+02,2.111376968360305038e-26,1.657945867786570003e-05,4.548139304159611486e-36,9.999538450237092091e-01
1.181596595740963540e-13,1.181596595740963522e+02,2.866673690956909403e-26,2.251038005735895949e-05,4.548140670541616200e-36,9.999541454364380133e-01
1.182073238121042480e-13,1.182073238121042493e+02,3.020809099968526459e-26,2.372071894179257355e-05,4.548142110391295007e-36,9.999544620017686292e-01
1.182549880501121420e-13,1.182549880501121464e+02,1.949114597206560500e-26,1.530530331961849975e-05,4.548143039424522426e-36,9.999546662590013124e-01
1.183026522881200360e-13,1.183026522881200293e+02,2.234220329858704939e-26,1.754407867056862529e-05,4.548144104351605657e-36,9.999549003938551506e-01
1.183503165261279300e-13,1.183503165261279264e+02,2.137811204256195381e-26,1.678703190059400690e-05,4.548145123325885320e-36,9.999551244255263649e-01
1.183979807641358240e-13,1.183979807641358235e+02,1.196486982401283518e-26,9.395340946023391396e-06,4.548145693623888110e-36,9.999552498112374010e-01
1.184456450021437179e-13,1.184456450021437206e+02,1.471975776469124733e-26,1.155859987415781742e-05,4.548146395231894429e-36,9.999554040667640864e-01
1.184933092401516119e-13,1.184933092401516177e+02,1.543794320392906962e-26,1.212255060353114074e-05,4.548147131071757738e-36,9.999555658485063114e-01
1.185409734781595059e-13,1.185409734781595006e+02,1.642797134370121699e-26,1.289996415304161815e-05,4.548147914100691218e-36,9.999557380052368494e-01
1.185886377161673999e-13,1.185886377161673977e+02,2.225324228333986970e-26,1.747422257673347131e-05,4.548148974787503398e-36,9.999559712078248674e-01
1.186363019541752939e-13,1.186363019541752948e+02,2.013748343917009483e-26,1.581283586773269220e-05,4.548149934627999774e-36,9.999561822383432608e-01
1.186839661921831879e-13,1.186839661921831919e+02,1.967484271090521507e-26,1.544955006174409924e-05,4.548150872417017290e-36,9.999563884206237319e-01
1.187316304301910819e-13,1.187316304301910748e+02,2.303639165071780672e-26,1.808918583386906102e-05,4.548151970432151863e-36,9.999566298302161593e-01
1.187792946681989759e-13,1.187792946681989719e+02,1.787065619090654068e-26,1.403282361716654377e-05,4.548152822225751961e-36,9.999568171055454036e-01
1.188269589062068698e-13,1.188269589062068690e+02,1.792313855226307061e-26,1.407403507085134668e-05,4.548153676520890775e-36,9.999570049308629249e-01
1.188746231442147638e-13,1.188746231442147661e+02,2.106408377252577072e-26,1.654044311968152640e-05,4.548154680527209636e-36,9.999572256716784402e-01
1.189222873822226578e-13,1.189222873822226632e+02,1.434987136329201236e-26,1.126814883678264009e-05,4.548155364504812661e-36,9.999573760509847808e-01
1.189699516202305518e-13,1.189699516202305460e+02,1.556075590462275488e-26,1.221898852659181124e-05,4.548156106198467014e-36,9.999575391197415009e-01
1.190176158582384458e-13,1.190176158582384431e+02,1.908043293733327165e-26,1.498279341779392322e-05,4.548157015655315300e-36,9.999577390729116333e-01
1.190652800962463398e-13,1.190652800962463402e+02,1.390150254628701978e-26,1.091606996193582335e-05,4.548157678261700178e-36,9.999578847535424142e-01
1.191129443342542338e-13,1.191129443342542373e+02,2.039514975456977434e-26,1.601516676803442865e-05,4.548158650383700073e-36,9.999580984842719733e-01
1.191606085722621278e-13,1.191606085722621344e+02,2.039490939851271481e-26,1.601497802990875519e-05,4.548159622494243162e-36,9.999583122124825474e-01
1.192082728102700218e-13,1.192082728102700173e+02,1.243474126366092237e-26,9.764304623959339549e-06,4.548160215188373144e-36,9.999584425222058925e-01
1.192559370482779157e-13,1.192559370482779144e+02,1.768527850041146943e-26,1.388725691802100621e-05,4.548161058146061678e-36,9.999586278548717733e-01
1.193036012862858097e-13,1.193036012862858115e+02,1.529025827356158985e-26,1.200658191404256318e-05,4.548161786946616460e-36,9.999587880889516667e-01
1.193512655242937037e-13,1.193512655242937086e+02,1.399877741591813029e-26,1.099245445914364437e-05,4.548162454189547178e-36,9.999589347889733526e-01
1.193989297623015977e-13,1.193989297623015915e+02,2.131185388949921086e-26,1.673500309061657376e-05,4.548163470005673359e-36,9.999591581262928797e-01
1.194465940003094917e-13,1.194465940003094886e+02,1.552240062459429420e-26,1.218887027722946796e-05,4.548164209871146627e-36,9.999593207931056771e-01
1.194942582383173857e-13,1.194942582383173857e+02,1.749513220737409539e-26,1.373794570285649026e-05,4.548165043765631685e-36,9.999595041331357237e-01
1.195419224763252797e-13,1.195419224763252828e+02,2.035264679181308130e-26,1.598179157614443348e-05,4.548166013861754776e-36,9.999597174184560178e-01
1.195895867143331737e-13,1.195895867143331799e+02,1.384022253694452895e-26,1.086795020890744394e-05,4.548166673547266206e-36,9.999598624569034921e-01
1.196372509523410677e-13,1.196372509523410628e+02,1.965988362784117053e-26,1.543780353314046160e-05,4.548167610623268275e-36,9.999600684824204722e-01
1.196849151903489616e-13,1.196849151903489599e+02,1.920506833812632499e-26,1.508066260497428754e-05,4.548168526020784486e-36,9.999602697417058206e-01
1.197325794283568556e-13,1.197325794283568570e+02,1.151415984656744547e-26,9.041423689240923501e-06,4.548169074835979866e-36,9.999603904042071445e-01
1.197802436663647496e-13,1.197802436663647541e+02,1.580075296834064813e-26,1.240744475493695685e-05,4.548169827968942894e-36,9.999605559880101469e-01
1.198279079043726436e-13,1.198279079043726369e+02,1.323207086803339373e-26,1.039040282557979665e-05,4.548170458667287351e-36,9.999606946533394769e-01
1.198755721423805376e-13,1.198755721423805340e+02,1.263945837228555249e-26,9.925057483062945656e-06,4.548171061119130033e-36,9.999608271083932909e-01
1.199232363803884316e-13,1.199232363803884311e+02,2.024518144166022905e-26,1.589740506635195150e-05,4.548172026092984417e-36,9.999610392675316595e-01
1.199709006183963256e-13,1.199709006183963282e+02,1.482182897025585981e-26,1.163875066486065581e-05,4.548172732566150169e-36,9.999611945927122658e-01
1.200185648564042196e-13,1.200185648564042253e+02,1.541047636143419662e-26,1.210098243323378021e-05,4.548173467096823831e-36,9.999613560866160711e-01
1.200662290944121136e-13,1.200662290944121082e+02,1.970871134453523124e-26,1.547614519942719778e-05,4.548174406500167845e-36,9.999615626238224086e-01
1.201138933324200075e-13,1.201138933324200053e+02,1.340602086061044887e-26,1.052699599473736573e-05,4.548175045489729787e-36,9.999617031120586752e-01
1.201615575704279015e-13,1.201615575704279024e+02,1.889981460491677014e-26,1.484096397550868495e-05,4.548175946337518749e-36,9.999619011724412143e-01
1.202092218084357955e-13,1.202092218084357995e+02,1.982829926813003451e-26,1.557005088596841091e-05,4.548176891440946450e-36,9.999621089628678572e-01
1.202568860464436895e-13,1.202568860464436966e+02,1.323162867451816242e-26,1.039005559582294907e-05,4.548177522118214153e-36,9.999622476235633384e-01
1.203045502844515835e-13,1.203045502844515795e+02,1.790864477387359003e-26,1.406265391990125690e-05,4.548178375722516122e-36,9.999624352969934682e-01
1.203522145224594775e-13,1.203522145224594766e+02,1.650269588479948623e-26,1.295864114250993444e-05,4.548179162313147123e-36,9.999626082367988333e-01
1.203998787604673715e-13,1.203998787604673737e+02,1.214908810468138531e-26,9.539997225684507362e-06,4.548179741391798726e-36,9.999627355530231743e-01
1.204475429984752655e-13,1.204475429984752708e+02,2.093026861924579006e-26,1.643536558793215807e-05,4.548180739019903379e-36,9.999629548915246469e-01
1.204952072364831595e-13,1.204952072364831537e+02,1.663158836114161311e-26,1.305985317226233040e-05,4.548181531754113256e-36,9.999631291820570977e-01
1.205428714744910534e-13,1.205428714744910508e+02,1.248737076606520349e-26,9.805631619253129240e-06,4.548182126956795290e-36,9.999632600433105978e-01
1.205905357124989474e-13,1.205905357124989479e+02,1.844208422763810008e-26,1.448153399263882614e-05,4.548183005987154052e-36,9.999634533069132747e-01
1.206381999505068414e-13,1.206381999505068450e+02,1.306141960826508505e-26,1.025639996621112450e-05,4.548183628551513090e-36,9.999635901839046825e-01
1.206858641885147354e-13,1.206858641885147421e+02,1.816068737383565881e-26,1.426056883200613496e-05,4.548184494169267672e-36,9.999637804986123424e-01
1.207335284265226294e-13,1.207335284265226250e+02,2.090634702859254508e-26,1.641658130498848620e-05,4.548185490657163550e-36,9.999639995864274544e-01
1.207811926645305234e-13,1.207811926645305221e+02,1.425508633589300567e-26,1.119371947297923487e-05,4.548186170116898171e-36,9.999641489724353516e-01
1.208288569025384174e-13,1.208288569025384191e+02,1.886311562464048249e-26,1.481214632540979987e-05,4.548187069215453505e-36,9.999643466482314169e-01
1.208765211405463114e-13,1.208765211405463162e+02,1.788751347052377328e-26,1.404606069301909435e-05,4.548187921812544807e-36,9.999645341002162402e-01
1.209241853785542054e-13,1.209241853785541991e+02,1.240762108855603907e-26,9.743008672112471414e-06,4.548188513214008843e-36,9.999646641257339263e-01
1.209718496165620993e-13,1.209718496165620962e+02,1.961582605443336812e-26,1.540320759273248506e-05,4.548189448190033711e-36,9.999648696895500066e-01
1.210195138545699933e-13,1.210195138545699933e+02,1.700111576919921430e-26,1.335002231230877710e-05,4.548190258537535843e-36,9.999650478525407005e-01
1.210671780925778873e-13,1.210671780925778904e+02,1.045231994214492012e-26,8.207620390176144362e-06,4.548190756740798957e-36,9.999651573875032451e-01
1.211148423305857813e-13,1.211148423305857875e+02,1.655362055401699576e-26,1.299862942795719685e-05,4.548191545758722612e-36,9.999653308609731672e-01
1.211625065685936753e-13,1.211625065685936704e+02,1.220864016967777190e-26,9.586760120969660894e-06,4.548192127675886419e-36,9.999654588012728551e-01
1.212101708066015693e-13,1.212101708066015675e+02,1.580089163529664401e-26,1.240755364231715347e-05,4.548192880815459195e-36,9.999656243865289174e-01
1.212578350446094633e-13,1.212578350446094646e+02,2.110622620119687446e-26,1.657353520438301477e-05,4.548193886830470987e-36,9.999658455689756087e-01
1.213054992826173573e-13,1.213054992826173617e+02,1.294396561504866284e-26,1.016416993546515737e-05,4.548194503796459736e-36,9.999659812151094895e-01
1.213531635206252512e-13,1.213531635206252446e+02,1.775298803428030261e-26,1.394042541591116091e-05,4.548195349981480920e-36,9.999661672573365578e-01
1.214008277586331452e-13,1.214008277586331417e+02,1.862366552502679521e-26,1.462411959728653952e-05,4.548196237666797057e-36,9.999663624238180892e-01
1.214484919966410392e-13,1.214484919966410388e+02,1.187780546457488804e-26,9.326974189577369090e-06,4.548196803814932388e-36,9.999664868971392950e-01
1.214961562346489332e-13,1.214961562346489359e+02,1.771554641541745923e-26,1.391102461339833473e-05,4.548197648215322516e-36,9.999666725469974482e-01
1.215438204726568272e-13,1.215438204726568330e+02,1.675846246290202217e-26,1.315948028570297839e-05,4.548198446996907107e-36,9.999668481671056819e-01
1.215914847106647212e-13,1.215914847106647159e+02,1.119150109926447430e-26,8.788057878770992752e-06,4.548198980432775801e-36,9.999669654483085424e-01
1.216391489486726152e-13,1.216391489486726130e+02,1.516525463496316967e-26,1.190842357037478745e-05,4.548199703275109945e-36,9.999671243724141956e-01
1.216868131866805092e-13,1.216868131866805101e+02,1.316843814267083946e-26,1.034043561666741850e-05,4.548200330940441100e-36,9.999672623709052743e-01
1.217344774246884032e-13,1.217344774246884072e+02,1.302856632490174982e-26,1.023060212612302160e-05,4.548200951938869391e-36,9.999673989036111932e-01
1.217821416626962971e-13,1.217821416626962900e+02,1.996820498226614536e-26,1.567991099342796505e-05,4.548201903710814974e-36,9.999676081601780453e-01
1.218298059007041911e-13,1.218298059007041871e+02,1.493517996231875946e-26,1.172775883901258866e-05,4.548202615586784153e-36,9.999677646732189062e-01
1.218774701387120851e-13,1.218774701387120842e+02,1.394040479041968643e-26,1.094661771152005189e-05,4.548203280047420263e-36,9.999679107615252471e-01
1.219251343767199791e-13,1.219251343767199813e+02,1.809348628547214387e-26,1.420779958784336618e-05,4.548204142462076821e-36,9.999681003719997907e-01
1.219727986147278731e-13,1.219727986147278784e+02,1.091861916693215787e-26,8.573779008212255502e-06,4.548204662891199989e-36,9.999682147935397003e-01
1.220204628527357671e-13,1.220204628527357613e+02,1.561425669773387678e-26,1.226099969759116893e-05,4.548205407134935143e-36,9.999683784229570493e-01
1.220681270907436611e-13,1.220681270907436584e+02,1.653421026166548344e-26,1.298338761444925127e-05,4.548206195227679957e-36,9.999685516930171270e-01
1.221157913287515551e-13,1.221157913287515555e+02,1.028082743617690309e-26,8.072956947367613395e-06,4.548206685256860168e-36,9.999686594308260235e-01
1.221634555667594491e-13,1.221634555667594526e+02,1.375361269697345720e-26,1.079994036109651084e-05,4.548207340814168901e-36,9.999688035616468573e-01
1.222111198047673430e-13,1.222111198047673497e+02,1.414914478151215260e-26,1.111052951450913445e-05,4.548208015224265192e-36,9.999689518374413888e-01
1.222587840427752370e-13,1.222587840427752326e+02,1.087437516350573878e-26,8.539036674770902210e-06,4.548208533544525553e-36,9.999690657953267392e-01
1.223064482807831310e-13,1.223064482807831297e+02,1.727313411454446749e-26,1.356362305646084588e-05,4.548209356857611297e-36,9.999692468089305120e-01
1.223541125187910250e-13,1.223541125187910268e+02,1.659899238201884802e-26,1.303425737875748129e-05,4.548210148038154408e-36,9.999694207578738725e-01
1.224017767567989190e-13,1.224017767567989239e+02,1.097855949940533293e-26,8.620846788161958213e-06,4.548210671324295335e-36,9.999695358075576523e-01
1.224494409948068130e-13,1.224494409948068068e+02,1.630422803365840382e-26,1.280279547467385023e-05,4.548211448455081237e-36,9.999697066675214963e-01
1.224971052328147070e-13,1.224971052328147039e+02,1.321226922671718193e-26,1.037485370768774107e-05,4.548212078209593628e-36,9.999698451253400400e-01
1.225447694708226010e-13,1.225447694708226010e+02,1.274957149092594831e-26,1.001152313688728888e-05,4.548212685909908288e-36,9.999699787343228063e-01
1.225924337088304950e-13,1.225924337088304981e+02,1.767730360969775077e-26,1.388099468379993034e-05,4.548213528487478897e-36,9.999701639834159828e-01
1.226400979468383889e-13,1.226400979468383952e+02,1.015040808257486601e-26,7.970545946573276747e-06,4.548214012300302855e-36,9.999702703544968152e-01
1.226877621848462829e-13,1.226877621848462780e+02,1.313417816007612380e-26,1.031353317460021165e-05,4.548214638332653619e-36,9.999704079939608636e-01
1.227354264228541769e-13,1.227354264228541751e+02,1.500093121062013969e-26,1.177938960512241375e-05,4.548215353342615154e-36,9.999705651960412167e-01
1.227830906608620709e-13,1.227830906608620722e+02,1.025135762653986736e-26,8.049815959356303952e-06,4.548215841967135900e-36,9.999706726250215949e-01
1.228307548988699649e-13,1.228307548988699693e+02,1.716292469940685230e-26,1.347708178640025345e-05,4.548216660027158524e-36,9.999708524836870005e-01
1.228784191368778589e-13,1.228784191368778522e+02,1.673151176963224494e-26,1.313831741843190499e-05,4.548217457524155599e-36,9.999710278213658210e-01
1.229260833748857529e-13,1.229260833748857493e+02,9.980271431287697591e-27,7.836947180371110468e-06,4.548217933227523436e-36,9.999711324095017506e-01
1.229737476128936469e-13,1.229737476128936464e+02,1.629270326887119060e-26,1.279374572351974361e-05,4.548218709808988034e-36,9.999713031486918702e-01
1.230214118509015409e-13,1.230214118509015435e+02,1.179460991320922598e-26,9.261645391038827557e-06,4.548219271991659966e-36,9.999714267501663700e-01
1.230690760889094348e-13,1.230690760889094406e+02,1.179217091552765398e-26,9.259730183007151025e-06,4.548219834058077992e-36,9.999715503260814264e-01
1.231167403269173288e-13,1.231167403269173235e+02,1.827594734765943508e-26,1.435107602242543941e-05,4.548220705169626267e-36,9.999717418486544496e-01
1.231644045649252228e-13,1.231644045649252206e+02,1.003750698774697522e-26,7.881891051477092703e-06,4.548221183601090389e-36,9.999718470365895895e-01
1.232120688029331168e-13,1.232120688029331177e+02,1.305898215132746856e-26,1.025448596803922753e-05,4.548221806049270359e-36,9.999719838880378742e-01
1.232597330409410108e-13,1.232597330409410148e+02,1.483280523019491155e-26,1.164736970593309591e-05,4.548222513045612429e-36,9.999721393282439141e-01
1.233073972789489048e-13,1.233073972789489119e+02,7.758541758601914958e-27,6.092347525564412376e-06,4.548222882851630950e-36,9.999722206337900987e-01
1.233550615169567988e-13,1.233550615169567948e+02,1.748572134329384160e-26,1.373055587932049019e-05,4.548223716297553257e-36,9.999724038751991451e-01
1.234027257549646928e-13,1.234027257549646919e+02,1.533439288416716774e-26,1.204123834743953841e-05,4.548224447201756282e-36,9.999725645717871814e-01
1.234503899929725868e-13,1.234503899929725890e+02,9.907384997728351528e-27,7.779713553620287055e-06,4.548224919431037820e-36,9.999726683961105422e-01
1.234980542309804807e-13,1.234980542309804861e+02,1.624301581704995542e-26,1.275472895547579041e-05,4.548225693644181645e-36,9.999728386146017334e-01
1.235457184689883747e-13,1.235457184689883690e+02,1.154648542512601859e-26,9.066807152354389965e-06,4.548226244000155053e-36,9.999729596158585254e-01
1.235933827069962687e-13,1.235933827069962661e+02,1.159407746516776045e-26,9.104178511097596498e-06,4.548226796624573362e-36,9.999730811158555888e-01
1.236410469450041627e-13,1.236410469450041631e+02,1.656063556124643183e-26,1.300413791953535844e-05,4.548227585976863223e-36,9.999732546628391505e-01
1.236887111830120567e-13,1.236887111830120602e+02,1.082687633847330526e-26,8.501738512544382360e-06,4.548228102033122154e-36,9.999733681229612259e-01
1.237363754210199507e-13,1.237363754210199573e+02,1.239965004970220918e-26,9.736749462540843613e-06,4.548228693054651350e-36,9.999734980649465088e-01
1.237840396590278447e-13,1.237840396590278402e+02,1.380066085439890411e-26,1.083688463933739125e-05,4.548229350854480503e-36,9.999736426888078400e-01
1.238317038970357387e-13,1.238317038970357373e+02,9.257001536996693000e-27,7.269003913723917020e-06,4.548229792083643087e-36,9.999737396974455184e-01
1.238793681350436326e-13,1.238793681350436344e+02,1.609532164221874259e-26,1.263875300682853206e-05,4.548230559257036711e-36,9.999739083681773444e-01
1.239270323730515266e-13,1.239270323730515315e+02,1.514189387510973025e-26,1.189007967639102202e-05,4.548231280985895072e-36,9.999740670474742688e-01
1.239746966110594206e-13,1.239746966110594144e+02,9.667984201921240563e-27,7.591725541009986404e-06,4.548231741804288110e-36,9.999741683629997935e-01
1.240223608490673146e-13,1.240223608490673115e+02,1.506087385420924802e-26,1.182645919986178666e-05,4.548232459671378324e-36,9.999743261932484417e-01
1.240700250870752086e-13,1.240700250870752086e+02,1.289562400307256546e-26,1.012620997993899914e-05,4.548233074333194658e-36,9.999744613327868903e-01
1.241176893250831026e-13,1.241176893250831057e+02,1.044021739837439073e-26,8.198116941604552673e-06,4.548233571959597638e-36,9.999745707409209983e-01
1.241653535630909966e-13,1.241653535630910028e+02,1.521444904871864171e-26,1.194705318328915379e-05,4.548234297146752939e-36,9.999747301805590460e-01
1.242130178010988906e-13,1.242130178010988857e+02,1.248038195148301109e-26,9.800143695291227070e-06,4.548234892016317616e-36,9.999748609685733536e-01
1.242606820391067846e-13,1.242606820391067828e+02,1.060905058027519786e-26,8.330692166432871406e-06,4.548235397690048301e-36,9.999749721459928464e-01
1.243083462771146785e-13,1.243083462771146799e+02,1.332725032588501093e-26,1.046514191348687271e-05,4.548236032925062058e-36,9.999751118087543134e-01
1.243560105151225725e-13,1.243560105151225770e+02,7.863424051513355048e-27,6.174705705435790177e-06,4.548236407730229047e-36,9.999751942134131877e-01
1.244036747531304665e-13,1.244036747531304599e+02,1.412458686360528208e-26,1.109124555947633871e-05,4.548237080969788032e-36,9.999753422318533591e-01
1.244513389911383605e-13,1.244513389911383570e+02,1.660299061258339592e-26,1.303739696488647959e-05,4.548237872340904612e-36,9.999755162226962035e-01
1.244990032291462545e-13,1.244990032291462541e+02,9.199163549650811043e-27,7.223586987443970714e-06,4.548238310813256063e-36,9.999756126252213884e-01
1.245466674671541485e-13,1.245466674671541512e+02,1.360220995144133231e-26,1.068105227995888736e-05,4.548238959154047292e-36,9.999757551694188340e-01
1.245943317051620425e-13,1.245943317051620483e+02,1.242471410199846467e-26,9.756430856511355063e-06,4.548239551370239503e-36,9.999758853740627895e-01
1.246419959431699365e-13,1.246419959431699311e+02,8.541946119104488847e-27,6.707511014493583971e-06,4.548239958516734146e-36,9.999759748892854683e-01
1.246896601811778305e-13,1.246896601811778282e+02,1.429178223468138231e-26,1.122253470335855912e-05,4.548240639725555394e-36,9.999761246598475317e-01
1.247373244191857244e-13,1.247373244191857253e+02,1.163765432646144381e-26,9.138396975254227804e-06,4.548241194427037291e-36,9.999762466165077468e-01
1.247849886571936184e-13,1.247849886571936224e+02,9.445115588756749630e-27,7.416719323838664654e-06,4.548241644622538349e-36,9.999763455964844061e-01
1.248326528952015124e-13,1.248326528952015053e+02,1.272975983477402569e-26,9.995966154906663569e-06,4.548242251378543187e-36,9.999764789978513591e-01
1.248803171332094064e-13,1.248803171332094024e+02,9.186069537144911104e-27,7.213304994103974296e-06,4.548242689226776014e-36,9.999765752631578630e-01
1.249279813712173004e-13,1.249279813712172995e+02,1.185157506910431164e-26,9.306376931753427146e-06,4.548243254124656160e-36,9.999766994615979510e-01
1.249756456092251944e-13,1.249756456092251966e+02,1.606704899063513797e-26,1.261655207986625293e-05,4.548244019950451840e-36,9.999768678360468899e-01
1.250233098472330884e-13,1.250233098472330937e+02,9.237044280540974707e-27,7.253332599994085343e-06,4.548244460228364100e-36,9.999769646355426422e-01
1.250709740852409824e-13,1.250709740852409766e+02,1.235313807117327968e-26,9.700226215503389790e-06,4.548245049032929184e-36,9.999770940901062666e-01
1.251186383232488764e-13,1.251186383232488737e+02,1.329835059151151382e-26,1.044244857359414880e-05,4.548245682890455469e-36,9.999772334500133253e-01
1.251663025612567703e-13,1.251663025612567708e+02,7.576696223624849904e-27,5.949554429964434613e-06,4.548246044028920542e-36,9.999773128499113151e-01
1.252139667992646643e-13,1.252139667992646679e+02,1.388148520081703660e-26,1.090035146367457246e-05,4.548246705681191897e-36,9.999774583207705625e-01
1.252616310372725583e-13,1.252616310372725650e+02,1.159902864586879116e-26,9.108066395500500178e-06,4.548247258541604639e-36,9.999775798726533438e-01
1.253092952752804523e-13,1.253092952752804479e+02,8.232276613718442949e-27,6.464344926898612816e-06,4.548247650927897827e-36,9.999776661426983404e-01
1.253569595132883463e-13,1.253569595132883450e+02,1.224788291822460622e-26,9.617575249565260174e-06,4.548248234715541894e-36,9.999777944942418451e-01
1.254046237512962403e-13,1.254046237512962421e+02,8.370019123341018057e-27,6.572506391227104105e-06,4.548248633667245053e-36,9.999778822077577400e-01
1.254522879893041343e-13,1.254522879893041392e+02,1.105874366670995111e-26,8.683810915760565785e-06,4.548249160775313895e-36,9.999779980977305804e-01
1.254999522273120283e-13,1.254999522273120220e+02,1.516096058155916389e-26,1.190505169116803603e-05,4.548249883412975067e-36,9.999781569768368961e-01
1.255476164653199223e-13,1.255476164653199191e+02,9.926502548728316986e-27,7.794725493770040333e-06,4.548250356553482947e-36,9.999782610015024442e-01
1.255952807033278162e-13,1.255952807033278162e+02,1.093371768732417604e-26,8.585635029125980399e-06,4.548250877702267391e-36,9.999783755812670094e-01
1.256429449413357102e-13,1.256429449413357133e+02,1.300593279619531103e-26,1.021282928595539822e-05,4.548251497621882984e-36,9.999785118767852143e-01
1.256906091793436042e-13,1.256906091793436104e+02,6.521748066915319838e-27,5.121162833695420349e-06,4.548251808476906593e-36,9.999785802213664310e-01
1.257382734173514982e-13,1.257382734173514933e+02,1.287996388150876397e-26,1.011391296513547717e-05,4.548252422392293244e-36,9.999787151967949317e-01
1.257859376553593922e-13,1.257859376553593904e+02,1.224746768772859633e-26,9.617249192354560946e-06,4.548253006160146155e-36,9.999788435439870282e-01
1.258336018933672862e-13,1.258336018933672875e+02,7.247129550797350595e-27,5.690764213171050993e-06,4.548253351590023317e-36,9.999789194901951284e-01
1.258812661313751802e-13,1.258812661313751846e+02,1.184887491532228074e-26,9.304256652489045372e-06,4.548253916359201824e-36,9.999790436603389621e-01
1.259289303693830742e-13,1.259289303693830675e+02,8.198322468798895981e-27,6.437682641997727974e-06,4.548254307127091211e-36,9.999791295745616981e-01
1.259765946073909682e-13,1.259765946073909646e+02,1.028843254834129941e-26,8.078928815241499976e-06,4.548254797518765136e-36,9.999792373920683985e-01
1.260242588453988621e-13,1.260242588453988617e+02,1.334050688687821715e-26,1.047555154703365497e-05,4.548255433385644525e-36,9.999793771937518505e-01
1.260719230834067561e-13,1.260719230834067588e+02,1.002164348798104644e-26,7.869434335182617048e-06,4.548255911060984847e-36,9.999794822154456364e-01
1.261195873214146501e-13,1.261195873214146559e+02,1.066334254540747404e-26,8.373324600429239269e-06,4.548256419322508375e-36,9.999795939618172369e-01
1.261672515594225441e-13,1.261672515594225388e+02,1.222217868681483642e-26,9.597391158856175092e-06,4.548257001884976475e-36,9.999797220439934353e-01
1.262149157974304381e-13,1.262149157974304359e+02,8.849845309685653998e-27,6.949286973201379301e-06,4.548257423707293391e-36,9.999798147858421915e-01
1.262625800354383321e-13,1.262625800354383330e+02,1.118729101640604380e-26,8.784751936922250611e-06,4.548257956942490911e-36,9.999799320229254551e-01
1.263102442734462261e-13,1.263102442734462301e+02,1.257047849502540149e-26,9.870891455784211728e-06,4.548258556106450794e-36,9.999800637551055082e-01
1.263579085114541201e-13,1.263579085114541272e+02,6.401486838211958792e-27,5.026728438430364430e-06,4.548258861229299499e-36,9.999801308394108412e-01
1.264055727494620140e-13,1.264055727494620101e+02,1.090543656164881612e-26,8.563427447934911102e-06,4.548259381030081743e-36,9.999802451228035904e-01
1.264532369874699080e-13,1.264532369874699071e+02,8.568114884816844853e-27,6.728059877926327135e-06,4.548259789423894203e-36,9.999803349122616813e-01
1.265009012254778020e-13,1.265009012254778042e+02,8.157333286978491318e-27,6.405496137341542088e-06,4.548260178238060743e-36,9.999804203969390182e-01
1.265485654634856960e-13,1.265485654634857013e+02,1.345953243892925935e-26,1.056901563475518208e-05,4.548260819778217993e-36,9.999805614459491565e-01
1.265962297014935900e-13,1.265962297014935842e+02,8.589857863516998991e-27,6.745133419141132852e-06,4.548261229208396305e-36,9.999806514632625376e-01
1.266438939395014840e-13,1.266438939395014813e+02,9.167304046138779632e-27,7.198569506913941899e-06,4.548261666162184414e-36,9.999807475319163474e-01
1.266915581775093780e-13,1.266915581775093784e+02,1.164915366897339111e-26,9.147426763721963944e-06,4.548262221411775516e-36,9.999808696090838334e-01
1.267392224155172720e-13,1.267392224155172755e+02,7.308474271385972831e-27,5.738934780310188310e-06,4.548262569765609829e-36,9.999809461981531422e-01
1.267868866535251660e-13,1.267868866535251726e+02,9.784412830035271009e-27,7.683150410072389850e-06,4.548263036133500317e-36,9.999810487337911225e-01
1.268345508915330599e-13,1.268345508915330555e+02,1.154179617089742455e-26,9.063124944114078771e-06,4.548263586265963776e-36,9.999811696859070009e-01
1.268822151295409539e-13,1.268822151295409526e+02,6.551497521580280593e-27,5.144523411256793229e-06,4.548263898538976596e-36,9.999812383422472806e-01
1.269298793675488479e-13,1.269298793675488497e+02,9.756037718978624986e-27,7.660869027434743240e-06,4.548264363554385331e-36,9.999813405805286770e-01
1.269775436055567419e-13,1.269775436055567468e+02,8.320737657552059711e-27,6.533808421235169350e-06,4.548264760157117865e-36,9.999814277776000182e-01
1.270252078435646359e-13,1.270252078435646297e+02,6.861690109539222064e-27,5.388100246247060418e-06,4.548265087215266362e-36,9.999814996846000392e-01
1.270728720815725299e-13,1.270728720815725268e+02,1.291610049024129055e-26,1.014228901641467624e-05,4.548265702853081485e-36,9.999816350387216168e-01
1.271205363195804239e-13,1.271205363195804239e+02,9.072898812124806105e-27,7.124438373546297390e-06,4.548266135307103156e-36,9.999817301180569107e-01
1.271682005575883179e-13,1.271682005575883210e+02,8.724717641198815284e-27,6.851031235821317071e-06,4.548266551165287946e-36,9.999818215486316886e-01
1.272158647955962119e-13,1.272158647955962181e+02,1.103863387660263735e-26,8.668019825912517148e-06,4.548267077314836545e-36,9.999819372278642149e-01
1.272635290336041058e-13,1.272635290336041010e+02,7.844802620067063742e-27,6.160083340135184580e-06,4.548267451232425147e-36,9.999820194373801874e-01
1.273111932716119998e-13,1.273111932716119981e+02,9.555125477552126296e-27,7.503103917057751468e-06,4.548267906671477623e-36,9.999821195702039978e-01
1.273588575096198938e-13,1.273588575096198952e+02,1.014381369844528411e-26,7.965367746715043719e-06,4.548268390169984450e-36,9.999822258721791091e-01
1.274065217476277878e-13,1.274065217476277923e+02,8.006601535438990936e-27,6.287134950138092053e-06,4.548268771799616457e-36,9.999823097772647662e-01
1.274541859856356818e-13,1.274541859856356751e+02,9.056096228917994105e-27,7.111244247715934995e-06,4.548269203452753537e-36,9.999824046805175781e-01
1.275018502236435758e-13,1.275018502236435722e+02,8.801681653636418004e-27,6.911466756479806816e-06,4.548269622979380057e-36,9.999824969176358547e-01
1.275495144616514698e-13,1.275495144616514693e+02,6.369496756649697927e-27,5.001608422283984688e-06,4.548269926577441217e-36,9.999825636667014628e-01
1.275971786996593638e-13,1.275971786996593664e+02,1.143779364278458055e-26,8.981457594177059126e-06,4.548270471752689213e-36,9.999826835289239435e-01
1.276448429376672578e-13,1.276448429376672635e+02,1.073641232749752577e-26,8.430702200493876914e-06,4.548270983497037643e-36,9.999827960410293537e-01
1.276925071756751517e-13,1.276925071756751464e+02,7.262080930141617584e-27,5.702504692475789957e-06,4.548271329639562745e-36,9.999828721439202317e-01
1.277401714136830457e-13,1.277401714136830435e+02,1.065809091963511893e-26,8.369200793369242067e-06,4.548271837650770499e-36,9.999829838352574107e-01
1.277878356516909397e-13,1.277878356516909406e+02,6.340457199762238308e-27,4.978805287616229064e-06,4.548272139864678981e-36,9.999830502800031162e-01
1.278354998896988337e-13,1.278354998896988377e+02,8.550070461981891963e-27,6.713890605113316822e-06,4.548272547398416471e-36,9.999831398803651350e-01
1.278831641277067277e-13,1.278831641277067206e+02,9.690371211594797792e-27,7.609304803612816363e-06,4.548273009283872064e-36,9.999832414304949957e-01
1.279308283657146217e-13,1.279308283657146177e+02,6.442715220531456350e-27,5.059102773817389526e-06,4.548273316371844962e-36,9.999833089468525005e-01
1.279784926037225157e-13,1.279784926037225148e+02,8.454397966064511635e-27,6.638764362076653912e-06,4.548273719345412869e-36,9.999833975446156265e-01
1.280261568417304097e-13,1.280261568417303977e+02,7.762523040982952252e-27,6.095473803235830349e-06,4.548274089341196348e-36,9.999834788918835482e-01
1.280738210797383037e-13,1.280738210797383090e+02,6.436521044644318122e-27,5.054238835037001982e-06,4.548274396133928306e-36,9.999835463433294214e-01
1.281214853177461976e-13,1.281214853177461919e+02,9.473773426329231699e-27,7.439222715745934682e-06,4.548274847695386528e-36,9.999836456236254056e-01
1.281691495557540916e-13,1.281691495557541032e+02,1.062419301186994807e-26,8.342582668350326673e-06,4.548275354090871932e-36,9.999837569597298526e-01
1.282168137937619856e-13,1.282168137937619861e+02,6.827393919461551923e-27,5.361169372475024423e-06,4.548275679514313432e-36,9.999838285073232580e-01
1.282644780317698796e-13,1.282644780317698689e+02,9.559995769195492739e-27,7.506928283822207543e-06,4.548276135185505546e-36,9.999839286911852421e-01
1.283121422697777736e-13,1.283121422697777803e+02,7.674265375351462782e-27,6.026170010390229196e-06,4.548276500974543128e-36,9.999840091135581144e-01
1.283598065077856676e-13,1.283598065077856631e+02,7.187497367115277489e-27,5.643938405177339640e-06,4.548276843562090041e-36,9.999840844348514279e-01
1.284074707457935616e-13,1.284074707457935745e+02,1.021177514395084314e-26,8.018734056679222870e-06,4.548277330299936246e-36,9.999841914490276151e-01
1.284551349838014556e-13,1.284551349838014573e+02,6.164697603409436919e-27,4.840791138147096724e-06,4.548277624136374453e-36,9.999842560519028867e-01
1.285027992218093496e-13,1.285027992218093402e+02,8.140227947584421644e-27,6.392064274064417667e-06,4.548278012135225477e-36,9.999843413573249462e-01
1.285504634598172435e-13,1.285504634598172515e+02,7.649445530972155596e-27,6.006680379194840973e-06,4.548278376741240602e-36,9.999844215195984320e-01
1.285981276978251375e-13,1.285981276978251344e+02,7.655353513669557881e-27,6.011319586521100650e-06,4.548278741628856212e-36,9.999845017437846151e-01
1.286457919358330315e-13,1.286457919358330173e+02,8.815159311387239880e-27,6.922050004905013711e-06,4.548279161797887076e-36,9.999845941221420231e-01
1.286934561738409255e-13,1.286934561738409286e+02,1.011204663957058329e-26,7.940422857771813498e-06,4.548279643782236612e-36,9.999847000912144290e-01
1.287411204118488195e-13,1.287411204118488115e+02,9.071431253507183032e-27,7.123285982105884437e-06,4.548280076166308690e-36,9.999847951551705805e-01
1.287887846498567135e-13,1.287887846498567228e+02,8.868063066215601739e-27,6.963592355239635812e-06,4.548280498856962760e-36,9.999848880879320667e-01
1.288364488878646075e-13,1.288364488878646057e+02,9.358736860379004347e-27,7.348890954994725070e-06,4.548280944935275584e-36,9.999849861627037040e-01
1.288841131258725015e-13,1.288841131258724886e+02,6.093622699555781489e-27,4.784980004032563147e-06,4.548281235383973162e-36,9.999850500207504433e-01
1.289317773638803954e-13,1.289317773638803999e+02,9.767292853573623992e-27,7.669707053127356152e-06,4.548281700935850542e-36,9.999851523769798245e-01
1.289794416018882894e-13,1.289794416018882828e+02,8.764486553806456195e-27,6.882259531531774060e-06,4.548282118689596148e-36,9.999852442243125639e-01
1.290271058398961834e-13,1.290271058398961941e+02,7.046124864733521318e-27,5.532926511207261474e-06,4.548282454538710998e-36,9.999853180640944084e-01
1.290747700779040774e-13,1.290747700779040770e+02,8.665618554925348565e-27,6.804624039311473174e-06,4.548282867579974846e-36,9.999854088753409309e-01
1.291224343159119714e-13,1.291224343159119599e+02,5.709787943127316403e-27,4.483576106069401731e-06,4.548283139733430267e-36,9.999854687109959173e-01
1.291700985539198654e-13,1.291700985539198712e+02,8.837515506181686914e-27,6.939605070312243857e-06,4.548283560968054333e-36,9.999855613236345864e-01
1.292177627919277594e-13,1.292177627919277541e+02,9.962492786785070140e-27,7.822986608370143251e-06,4.548284035824014100e-36,9.999856657254594383e-01
1.292654270299356534e-13,1.292654270299356654e+02,7.622918542290143564e-27,5.985850223363256965e-06,4.548284399165637119e-36,9.999857456097436259e-01
1.293130912679435474e-13,1.293130912679435482e+02,8.496336246161510328e-27,6.671696140357295418e-06,4.548284804138166421e-36,9.999858346469984172e-01
1.293607555059514413e-13,1.293607555059514311e+02,8.922751772916421688e-27,7.006536328129342169e-06,4.548285229435523812e-36,9.999859281528695742e-01
1.294084197439593353e-13,1.294084197439593424e+02,6.700848766535644204e-27,5.261800564097397878e-06,4.548285548827270371e-36,9.999859983743345504e-01
1.294560839819672293e-13,1.294560839819672253e+02,8.897938091512936542e-27,6.987051536373074756e-06,4.548285972941899310e-36,9.999860916201710470e-01
1.295037482199751233e-13,1.295037482199751366e+02,8.989570756778970204e-27,7.059005527066680046e-06,4.548286401424141839e-36,9.999861858262710790e-01
1.295514124579830173e-13,1.295514124579830195e+02,5.759697647264133866e-27,4.522767396386614659e-06,4.548286675956511536e-36,9.999862461849541306e-01
1.295990766959909113e-13,1.295990766959909024e+02,8.620602638777219069e-27,6.769275566120360225e-06,4.548287086852119966e-36,9.999863365244568980e-01
1.296467409339988053e-13,1.296467409339988137e+02,4.932337402454821215e-27,3.873087817794942522e-06,4.548287321948883398e-36,9.999863882128281478e-01
1.296944051720066993e-13,1.296944051720066966e+02,8.334964116865259345e-27,6.544979661513437314e-06,4.548287719229711708e-36,9.999864755589855658e-01
1.297420694100145933e-13,1.297420694100145795e+02,1.038290711583327087e-26,8.153114392299243643e-06,4.548288214124456275e-36,9.999865843665373122e-01
1.297897336480224872e-13,1.297897336480224908e+02,5.869511091205183034e-27,4.608997732483757533e-06,4.548288493891014697e-36,9.999866458760090504e-01
1.298373978860303812e-13,1.298373978860303737e+02,9.010441674400305801e-27,7.075394287646027982e-06,4.548288923368056242e-36,9.999867403008254607e-01
1.298850621240382752e-13,1.298850621240382850e+02,8.358304847047277134e-27,6.563307827320062442e-06,4.548289321761405489e-36,9.999868278915817754e-01
1.299327263620461692e-13,1.299327263620461679e+02,7.633389438211788088e-27,5.994072430427870295e-06,4.548289685602117203e-36,9.999869078855956328e-01
1.299803906000540632e-13,1.299803906000540508e+02,7.793781654352334845e-27,6.120019438451673812e-06,4.548290057087823347e-36,9.999869895604379666e-01
1.300280548380619572e-13,1.300280548380619621e+02,8.768978592808744984e-27,6.885786877720249836e-06,4.548290475055678787e-36,9.999870814548448283e-01
1.300757190760698512e-13,1.300757190760698450e+02,6.949047980700693818e-27,5.456697480981164806e-06,4.548290806277685330e-36,9.999871542773106636e-01
1.301233833140777452e-13,1.301233833140777563e+02,7.358369723641201828e-27,5.778114879424436430e-06,4.548291157009755037e-36,9.999872313892587128e-01
1.301710475520856392e-13,1.301710475520856392e+02,7.566938692154606412e-27,5.941892387977942989e-06,4.548291517683133659e-36,9.999873106869028305e-01
1.302187117900935331e-13,1.302187117900935220e+02,6.733138907983240600e-27,5.287156200435924980e-06,4.548291838613969727e-36,9.999873812467520162e-01
1.302663760281014271e-13,1.302663760281014333e+02,1.064971851698087873e-26,8.362626415324936224e-06,4.548292346226111659e-36,9.999874928503506011e-01
1.303140402661093211e-13,1.303140402661093162e+02,7.170663969029355292e-27,5.630720082151379125e-06,4.548292688011304629e-36,9.999875679952384688e-01
1.303617045041172151e-13,1.303617045041172275e+02,7.717003301561371055e-27,6.059729705896670191e-06,4.548293055837419235e-36,9.999876488654829698e-01
1.304093687421251091e-13,1.304093687421251104e+02,8.981865496257465751e-27,7.052955018307096189e-06,4.548293483952395160e-36,9.999877429908357040e-01
1.304570329801330031e-13,1.304570329801329933e+02,5.650269774497951021e-27,4.436839827699407994e-06,4.548293753268954063e-36,9.999878022027706148e-01
1.305046972181408971e-13,1.305046972181409046e+02,7.109752197492231307e-27,5.582889485610410293e-06,4.548294092150825630e-36,9.999878767093342002e-01
1.305523614561487911e-13,1.305523614561487875e+02,7.397081685895363024e-27,5.808513211325840993e-06,4.548294444728076541e-36,9.999879542269637378e-01
1.306000256941566851e-13,1.306000256941566988e+02,6.466366795806498239e-27,5.077675028834621526e-06,4.548294752943387516e-36,9.999880219911778667e-01
1.306476899321645790e-13,1.306476899321645817e+02,6.335972094107749313e-27,4.975283385796763881e-06,4.548295054943516917e-36,9.999880883889221694e-01
1.306953541701724730e-13,1.306953541701724646e+02,6.288091549760338242e-27,4.937685480809758436e-06,4.548295354661450042e-36,9.999881542849028415e-01
1.307430184081803670e-13,1.307430184081803759e+02,5.118369909130984121e-27,4.019168707346963837e-06,4.548295598625336249e-36,9.999882079227995213e-01
1.307906826461882610e-13,1.307906826461882588e+02,8.712004192449926263e-27,6.841048077846971150e-06,4.548296013877542470e-36,9.999882992201438725e-01
1.308383468841961550e-13,1.308383468841961417e+02,7.823558072036517021e-27,6.143401188559195894e-06,4.548296386782522756e-36,9.999883812070277100e-01
1.308860111222040490e-13,1.308860111222040530e+02,5.391252226649289426e-27,4.233447880370646404e-06,4.548296643753173199e-36,9.999884377045913375e-01
1.309336753602119430e-13,1.309336753602119359e+02,8.199666767900078272e-27,6.438738244655743367e-06,4.548297034585138111e-36,9.999885236329018046e-01
1.309813395982198370e-13,1.309813395982198472e+02,4.779741350729153989e-27,3.753262700257740618e-06,4.548297262408506269e-36,9.999885737221444471e-01
1.310290038362277310e-13,1.310290038362277301e+02,5.964387407683553679e-27,4.683498780479125403e-06,4.548297546697285024e-36,9.999886362258714190e-01
1.310766680742356249e-13,1.310766680742356129e+02,7.737125417620328896e-27,6.075530474622957906e-06,4.548297915482507215e-36,9.999887173069853530e-01
1.311243323122435189e-13,1.311243323122435243e+02,4.686746282620460796e-27,3.680238891053704515e-06,4.548298138873324291e-36,9.999887664216873251e-01
1.311719965502514129e-13,1.311719965502514071e+02,5.532252639365789983e-27,4.344167593203864233e-06,4.548298402564670329e-36,9.999888243968629853e-01
1.312196607882593069e-13,1.312196607882593185e+02,5.942410621088150931e-27,4.666241643042709807e-06,4.548298685805939139e-36,9.999888866702845158e-01
1.312673250262672009e-13,1.312673250262672013e+02,4.939006512666245336e-27,3.878324695852503192e-06,4.548298921220581828e-36,9.999889384285446381e-01
1.313149892642750949e-13,1.313149892642750842e+02,7.551401059735267948e-27,5.929691557026928796e-06,4.548299281153368754e-36,9.999890175633622258e-01
1.313626535022829889e-13,1.313626535022829955e+02,8.063980381086130976e-27,6.332191338203610456e-06,4.548299665517927296e-36,9.999891020697487809e-01
1.314103177402908829e-13,1.314103177402908784e+02,4.759027974177269268e-27,3.736997647840893235e-06,4.548299892354006239e-36,9.999891519419259467e-01
1.314579819782987768e-13,1.314579819782987897e+02,7.189440245243175332e-27,5.645464038359870186e-06,4.548300235034158435e-36,9.999892272835795293e-01
1.315056462163066708e-13,1.315056462163066726e+02,5.750586457883226730e-27,4.515612890577816629e-06,4.548300509132249304e-36,9.999892875467820685e-01
1.315533104543145648e-13,1.315533104543145555e+02,5.224784857092167573e-27,4.102730395234457822e-06,4.548300758168336652e-36,9.999893422998528125e-01
1.316009746923224588e-13,1.316009746923224668e+02,7.891669740077738249e-27,6.196885459851920112e-06,4.548301134319816654e-36,9.999894250005120222e-01
1.316486389303303528e-13,1.316486389303303497e+02,3.932740472346980308e-27,3.088160434121018746e-06,4.548301321771420657e-36,9.999894662136190604e-01
1.316963031683382468e-13,1.316963031683382610e+02,5.385275295659878079e-27,4.228754531819233733e-06,4.548301578457184450e-36,9.999895226485475686e-01
1.317439674063461408e-13,1.317439674063461439e+02,5.569295590730145200e-27,4.373255344498625344e-06,4.548301843914159524e-36,9.999895810119144857e-01
1.317916316443540348e-13,1.317916316443540268e+02,4.146891171025207979e-27,3.256320962192378203e-06,4.548302041573122115e-36,9.999896244692113578e-01
1.318392958823619288e-13,1.318392958823619381e+02,6.849595269488470223e-27,5.378602846974368259e-06,4.548302368054777315e-36,9.999896962494635444e-01
1.318869601203698227e-13,1.318869601203698210e+02,6.799796884102438343e-27,5.339498969026257433e-06,4.548302692162823677e-36,9.999897675078541770e-01
1.319346243583777167e-13,1.319346243583777039e+02,4.730858167252694924e-27,3.714877479018925618e-06,4.548302917656205858e-36,9.999898170848260381e-01
1.319822885963856107e-13,1.319822885963856152e+02,6.180358495345216166e-27,4.853088757880507629e-06,4.548303212239110498e-36,9.999898818518194732e-01
1.320299528343935047e-13,1.320299528343934981e+02,5.928658710913248312e-27,4.655443039576670501e-06,4.548303494824903808e-36,9.999899439811280599e-01
1.320776170724013987e-13,1.320776170724014094e+02,3.932032115313434683e-27,3.087604201087181904e-06,4.548303682242744112e-36,9.999899851868119249e-01
1.321252813104092927e-13,1.321252813104092922e+02,6.658431315068481967e-27,5.228492519425188167e-06,4.548303999612689166e-36,9.999900549637636971e-01
1.321729455484171867e-13,1.321729455484171751e+02,4.653684998823131751e-27,3.654277719895306692e-06,4.548304221427660874e-36,9.999901037320002573e-01
1.322206097864250807e-13,1.322206097864250864e+02,4.149459591199042797e-27,3.258337798445572681e-06,4.548304419209045444e-36,9.999901472162128213e-01
1.322682740244329747e-13,1.322682740244329693e+02,5.382310904289477245e-27,4.226426761602589275e-06,4.548304675753513531e-36,9.999902036200760680e-01
1.323159382624408686e-13,1.323159382624408806e+02,3.250626545409564315e-27,2.552534639451191257e-06,4.548304830692585268e-36,9.999902376849781893e-01
1.323636025004487626e-13,1.323636025004487635e+02,6.085798031377725027e-27,4.778835731140032342e-06,4.548305120768325258e-36,9.999903014610264096e-01
1.324112667384566566e-13,1.324112667384566464e+02,6.287283814741662236e-27,4.937051211820114101e-06,4.548305420447757876e-36,9.999903673485424083e-01
1.324589309764645506e-13,1.324589309764645577e+02,4.504132301595585235e-27,3.536842377888471968e-06,4.548305635134394606e-36,9.999904145495434049e-01
1.325065952144724446e-13,1.325065952144724406e+02,5.339486311232071546e-27,4.192799011483525181e-06,4.548305889637654910e-36,9.999904705046267495e-01
1.325542594524803386e-13,1.325542594524803519e+02,5.135043840217511054e-27,4.032261809885698493e-06,4.548306134396293049e-36,9.999905243172575453e-01
1.326019236904882326e-13,1.326019236904882348e+02,3.802319963186976593e-27,2.985748525931846576e-06,4.548306315631485339e-36,9.999905641636244180e-01
1.326495879284961266e-13,1.326495879284961177e+02,5.880111794805079258e-27,4.617321870234832006e-06,4.548306595903319905e-36,9.999906257841860713e-01
1.326972521665040206e-13,1.326972521665040290e+02,5.292543694767577060e-27,4.155937608637571376e-06,4.548306848169089933e-36,9.999906812473348117e-01
1.327449164045119145e-13,1.327449164045119119e+02,3.297111946105261271e-27,2.589037016407442041e-06,4.548307005323859560e-36,9.999907157993803697e-01
1.327925806425198085e-13,1.327925806425197948e+02,5.061717139072878068e-27,3.974682465702751534e-06,4.548307246587426857e-36,9.999907688435849540e-01
1.328402448805277025e-13,1.328402448805277061e+02,2.651717221708549000e-27,2.082244751246111741e-06,4.548307372979862047e-36,9.999907966322240105e-01
1.328879091185355965e-13,1.328879091185355890e+02,5.733425266520769826e-27,4.502137169883668923e-06,4.548307646259975327e-36,9.999908567155859629e-01
1.329355733565434905e-13,1.329355733565435003e+02,6.438484722815615348e-27,5.055780801326561767e-06,4.548307953146304832e-36,9.999909241876101529e-01
1.329832375945513845e-13,1.329832375945513832e+02,3.477187936649423333e-27,2.730440588050134609e-06,4.548308118884283471e-36,9.999909606267598505e-01
1.330309018325592785e-13,1.330309018325592660e+02,5.516228517042499303e-27,4.331584749027327620e-06,4.548308381811849574e-36,9.999910184340109476e-01
1.330785660705671725e-13,1.330785660705671773e+02,4.869216204085496193e-27,3.823522282329511111e-06,4.548308613899981333e-36,9.999910694609044359e-01
1.331262303085750665e-13,1.331262303085750602e+02,3.846574366635095376e-27,3.020499025926714063e-06,4.548308797244531559e-36,9.999911097710346697e-01
1.331738945465829604e-13,1.331738945465829715e+02,5.071162669892130828e-27,3.982099511083801187e-06,4.548309038958314044e-36,9.999911629142236302e-01
1.332215587845908544e-13,1.332215587845908544e+02,4.485842900471706288e-27,3.522480737370447795e-06,4.548309252773197827e-36,9.999912099235610530e-01
1.332692230225987484e-13,1.332692230225987373e+02,3.266367556031030071e-27,2.564895171893160407e-06,4.548309408462555379e-36,9.999912441534209995e-01
1.333168872606066424e-13,1.333168872606066486e+02,4.765744077079336437e-27,3.742271426621742138e-06,4.548309635618752688e-36,9.999912940959794216e-01
1.333645514986145364e-13,1.333645514986145315e+02,2.828444020079421659e-27,2.221018390192114697e-06,4.548309770434760003e-36,9.999913237366250263e-01
1.334122157366224304e-13,1.334122157366224428e+02,4.838513028912074879e-27,3.799412801564343062e-06,4.548310001059443499e-36,9.999913744417647798e-01
1.334598799746303244e-13,1.334598799746303257e+02,6.360204529854018392e-27,4.994311757951040930e-06,4.548310304214596142e-36,9.999914410934523934e-01
1.335075442126382184e-13,1.335075442126382086e+02,2.495508318000205759e-27,1.959582663757373822e-06,4.548310423161432501e-36,9.999914672451022390e-01
1.335552084506461124e-13,1.335552084506461199e+02,5.006235719606948333e-27,3.931116019956255434e-06,4.548310661780512939e-36,9.999915197078900198e-01
1.336028726886540063e-13,1.336028726886540028e+02,4.453869767092956031e-27,3.497374029681647528e-06,4.548310874071417021e-36,9.999915663821652423e-01
1.336505369266619003e-13,1.336505369266619141e+02,3.129760382110671238e-27,2.457625222990027987e-06,4.548311023249479401e-36,9.999915991804519955e-01
1.336982011646697943e-13,1.336982011646697970e+02,4.900643143732018230e-27,3.848200094726315061e-06,4.548311256835556127e-36,9.999916505366835962e-01
1.337458654026776883e-13,1.337458654026776799e+02,3.895762617414745380e-27,3.059123799401960864e-06,4.548311442524633507e-36,9.999916913622816095e-01
1.337935296406855823e-13,1.337935296406855912e+02,3.292010542868568361e-27,2.585031170675992024e-06,4.548311599436247697e-36,9.999917258608669313e-01
1.338411938786934763e-13,1.338411938786934741e+02,4.202067908373935654e-27,3.299648158167387393e-06,4.548311799725174681e-36,9.999917698963877166e-01
1.338888581167013703e-13,1.338888581167013569e+02,3.251253243013467921e-27,2.553026749916690288e-06,4.548311954694117905e-36,9.999918039678574733e-01
1.339365223547092643e-13,1.339365223547092683e+02,4.289292505183255811e-27,3.368140740030525341e-06,4.548312159140550442e-36,9.999918489174473013e-01
1.339841865927171582e-13,1.339841865927171511e+02,6.271131425484075366e-27,4.924367646816895912e-06,4.548312458050089844e-36,9.999919146356945898e-01
1.340318508307250522e-13,1.340318508307250625e+02,3.363832707540646038e-27,2.641429086783807525e-06,4.548312618385062594e-36,9.999919498869394019e-01
1.340795150687329462e-13,1.340795150687329453e+02,4.488491439331227615e-27,3.524560486332200518e-06,4.548312832326187068e-36,9.999919969240321782e-01
1.341271793067408402e-13,1.341271793067408282e+02,4.897738841375882278e-27,3.845919509041088969e-06,4.548313065773831955e-36,9.999920482498281249e-01
1.341748435447487342e-13,1.341748435447487395e+02,2.565514523327720711e-27,2.014554608882033020e-06,4.548313188057470057e-36,9.999920751351071280e-01
1.342225077827566282e-13,1.342225077827566224e+02,5.159166883142938938e-27,4.051204281995599169e-06,4.548313433965918210e-36,9.999921292005351514e-01
1.342701720207645222e-13,1.342701720207645337e+02,3.773602036600229642e-27,2.963197949493158182e-06,4.548313613832288131e-36,9.999921687459527586e-01
1.343178362587724162e-13,1.343178362587724166e+02,3.220628260595788729e-27,2.528978669535355601e-06,4.548313767341510932e-36,9.999922024964884582e-01
1.343655004967803102e-13,1.343655004967802995e+02,4.389359588047738934e-27,3.446717805624580993e-06,4.548313976557578290e-36,9.999922484947301182e-01
1.344131647347882041e-13,1.344131647347882108e+02,3.312531711612003237e-27,2.601145293085289276e-06,4.548314134447320795e-36,9.999922832083667501e-01
1.344608289727960981e-13,1.344608289727960937e+02,3.852711149809890864e-27,3.025317897430297484e-06,4.548314318084377054e-36,9.999923235828074297e-01
1.345084932108039921e-13,1.345084932108040050e+02,5.399963207787752894e-27,4.240288125101599797e-06,4.548314575470230803e-36,9.999923801716577021e-01
1.345561574488118861e-13,1.345561574488118879e+02,4.052567596440876471e-27,3.182253951393071082e-06,4.548314768633319171e-36,9.999924226404915961e-01
1.346038216868197801e-13,1.346038216868197708e+02,4.166381582062406806e-27,3.271625688408881600e-06,4.548314967221279985e-36,9.999924663020379745e-01
1.346514859248276741e-13,1.346514859248276821e+02,5.011605212291899946e-27,3.935332381289418323e-06,4.548315206096293680e-36,9.999925188210951887e-01
1.346991501628355681e-13,1.346991501628355650e+02,2.514276505308259372e-27,1.974320268202020884e-06,4.548315325937703719e-36,9.999925451694260392e-01
1.347468144008434621e-13,1.347468144008434479e+02,4.432295499855930215e-27,3.480432968112747190e-06,4.548315537200284297e-36,9.999925916176140017e-01
1.347944786388513561e-13,1.347944786388513592e+02,4.298957206830179838e-27,3.375729887965273903e-06,4.548315742107378522e-36,9.999926366684850354e-01
1.348421428768592500e-13,1.348421428768592421e+02,2.281569086429871806e-27,1.791588188940814379e-06,4.548315850856935957e-36,9.999926605781611633e-01
1.348898071148671440e-13,1.348898071148671534e+02,4.216209241583593372e-27,3.310752553692812249e-06,4.548316051819900123e-36,9.999927047618757392e-01
1.349374713528750380e-13,1.349374713528750362e+02,2.291907478371342488e-27,1.799706348064350841e-06,4.548316161062230511e-36,9.999927287798929809e-01
1.349851355908829320e-13,1.349851355908829191e+02,3.507337984742816633e-27,2.754115729154296593e-06,4.548316328237291924e-36,9.999927655349997169e-01
1.350327998288908260e-13,1.350327998288908304e+02,5.269039645726275233e-27,4.137481197694269777e-06,4.548316579382755918e-36,9.999928207518379297e-01
1.350804640668987200e-13,1.350804640668987133e+02,3.278356084748851736e-27,2.574309090841034904e-06,4.548316735643539206e-36,9.999928551073316019e-01
1.351281283049066140e-13,1.351281283049066246e+02,3.552468686315631608e-27,2.789554336899016518e-06,4.548316904969727186e-36,9.999928923353850196e-01
1.351757925429145080e-13,1.351757925429145075e+02,4.599506278371585542e-27,3.611734210592767084e-06,4.548317124202304368e-36,9.999929405358564116e-01
1.352234567809224020e-13,1.352234567809223904e+02,2.537526139003907645e-27,1.992576901049156023e-06,4.548317245151893439e-36,9.999929671278313670e-01
1.352711210189302959e-13,1.352711210189303017e+02,3.825004721629936089e-27,3.003561593937153274e-06,4.548317427468340664e-36,9.999930072119229685e-01
1.353187852569381899e-13,1.353187852569381846e+02,4.470004052609065661e-27,3.510043378832451144e-06,4.548317640528275327e-36,9.999930540552772751e-01
1.353664494949460839e-13,1.353664494949460959e+02,1.609708425330384579e-27,1.264013708641680667e-06,4.548317717254016191e-36,9.999930709241976468e-01
1.354141137329539779e-13,1.354141137329539788e+02,3.924747092705795524e-27,3.081883681582582562e-06,4.548317904324620927e-36,9.999931120535382467e-01
1.354617779709618719e-13,1.354617779709618617e+02,2.636580375310637520e-27,2.070358635070360158e-06,4.548318029995568006e-36,9.999931396835509689e-01
1.355094422089697659e-13,1.355094422089697730e+02,3.384970559052273706e-27,2.658027455570033657e-06,4.548318191338062800e-36,9.999931751563095883e-01
1.355571064469776599e-13,1.355571064469776559e+02,5.237244083088397479e-27,4.112513926345109941e-06,4.548318440968011740e-36,9.999932300399467788e-01
1.356047706849855539e-13,1.356047706849855672e+02,2.966394530135990589e-27,2.329343185590900068e-06,4.548318582359342978e-36,9.999932611262428717e-01
1.356524349229934479e-13,1.356524349229934501e+02,3.640995982139335292e-27,2.859069855206111380e-06,4.548318755905129512e-36,9.999932992820171895e-01
1.357000991610013418e-13,1.357000991610013330e+02,4.529931288758618892e-27,3.557100874974024570e-06,4.548318971821457844e-36,9.999933467533781428e-01
1.357477633990092358e-13,1.357477633990092443e+02,3.315842385186404895e-27,2.603744979287479968e-06,4.548319129869002381e-36,9.999933815017091332e-01
1.357954276370171298e-13,1.357954276370171272e+02,3.178671684164318357e-27,2.496032524169826865e-06,4.548319281378391129e-36,9.999934148125612099e-01
1.358430918750250238e-13,1.358430918750250100e+02,4.149805103031065867e-27,3.258609109501228707e-06,4.548319479176243939e-36,9.999934583003944333e-01
1.358907561130329178e-13,1.358907561130329213e+02,2.508900079275507964e-27,1.970098462499847826e-06,4.548319598761389966e-36,9.999934845923830196e-01
1.359384203510408118e-13,1.359384203510408042e+02,3.263459787000994222e-27,2.562611864023429442e-06,4.548319754312150635e-36,9.999935187917711188e-01
1.359860845890487058e-13,1.359860845890487155e+02,3.493146962540593725e-27,2.742972315650967992e-06,4.548319920810806129e-36,9.999935553981632586e-01
1.360337488270565998e-13,1.360337488270565984e+02,2.341475137350036777e-27,1.838629049510413251e-06,4.548320032415747595e-36,9.999935799356240995e-01
1.360814130650644938e-13,1.360814130650644813e+02,5.010225476079740930e-27,3.934248951856463568e-06,4.548320271224996578e-36,9.999936324402223242e-01
1.361290773030723877e-13,1.361290773030723926e+02,3.696884543195508489e-27,2.902956006399462286e-06,4.548320447434676249e-36,9.999936711816801438e-01
1.361767415410802817e-13,1.361767415410802755e+02,2.796841435621971506e-27,2.196202653780394775e-06,4.548320580744366160e-36,9.999937004911466643e-01
1.362244057790881757e-13,1.362244057790881868e+02,4.408955540045890181e-27,3.462105407236011422e-06,4.548320790894461883e-36,9.999937466947438347e-01
1.362720700170960697e-13,1.362720700170960697e+02,2.406955407308241725e-27,1.890047031531437514e-06,4.548320905620478903e-36,9.999937719184044393e-01
1.363197342551039637e-13,1.363197342551039526e+02,2.900374614607368338e-27,2.277501450181944554e-06,4.548321043865012569e-36,9.999938023128456255e-01
1.363673984931118577e-13,1.363673984931118639e+02,3.770439659631545801e-27,2.960714712294788522e-06,4.548321223580650588e-36,9.999938418251234085e-01
1.364150627311197517e-13,1.364150627311197468e+02,2.161969607255402215e-27,1.697673428451251325e-06,4.548321326629573747e-36,9.999938644814582167e-01
1.364627269691276457e-13,1.364627269691276581e+02,2.746864901716083807e-27,2.156958885795225545e-06,4.548321457557163447e-36,9.999938932671963432e-01
1.365103912071355396e-13,1.365103912071355410e+02,3.020670895235717231e-27,2.371963369756994944e-06,4.548321601535543831e-36,9.999939249222810078e-01
1.365580554451434336e-13,1.365580554451434239e+02,1.857425194044365190e-27,1.458531788181847385e-06,4.548321690068548880e-36,9.999939443871462830e-01
1.366057196831513276e-13,1.366057196831513352e+02,4.383520938828334590e-27,3.442133041988419626e-06,4.548321899006319958e-36,9.999939903242017758e-01
1.366533839211592216e-13,1.366533839211592181e+02,3.697579418719443404e-27,2.903501653160224951e-06,4.548322075249119860e-36,9.999940290729413261e-01
1.367010481591671156e-13,1.367010481591671294e+02,2.095623631787195204e-27,1.645575656466361479e-06,4.548322175135703988e-36,9.999940510340044053e-01
1.367487123971750096e-13,1.367487123971750123e+02,4.093990882870746017e-27,3.214781334042260551e-06,4.548322370273207080e-36,9.999940939369331705e-01
1.367963766351829036e-13,1.367963766351828951e+02,2.420162086715888318e-27,1.900417495867843579e-06,4.548322485628712308e-36,9.999941192989929561e-01
1.368440408731907976e-13,1.368440408731908065e+02,2.860813509840726810e-27,2.246436334309309837e-06,4.548322621987591093e-36,9.999941492788541053e-01
1.368917051111986916e-13,1.368917051111986893e+02,3.564558133762539165e-27,2.799047501662478498e-06,4.548322791890015118e-36,9.999941866335987362e-01
1.369393693492065855e-13,1.369393693492065722e+02,1.886572410415716056e-27,1.481419461801727369e-06,4.548322881812303885e-36,9.999942064039119005e-01
1.369870335872144795e-13,1.369870335872144835e+02,2.681309135304058879e-27,2.105481620644982798e-06,4.548323009615219154e-36,9.999942345026591184e-01
1.370346978252223735e-13,1.370346978252223664e+02,2.646866767143609747e-27,2.078435961426322887e-06,4.548323135776460865e-36,9.999942622404680570e-01
1.370823620632302675e-13,1.370823620632302777e+02,2.112602630176913075e-27,1.658908311241528994e-06,4.548323236472338101e-36,9.999942843794621394e-01
1.371300263012381615e-13,1.371300263012381606e+02,3.746281949967118946e-27,2.941745018339839116e-06,4.548323415036513669e-36,9.999943236385794298e-01
1.371776905392460555e-13,1.371776905392460435e+02,3.506335730799757516e-27,2.753328715367431930e-06,4.548323582163802754e-36,9.999943603831829009e-01
1.372253547772539495e-13,1.372253547772539548e+02,2.142146202930818835e-27,1.682107221289803849e-06,4.548323684267856146e-36,9.999943828317786609e-01
1.372730190152618435e-13,1.372730190152618377e+02,3.491454070119477344e-27,2.741642982217736167e-06,4.548323850685820873e-36,9.999944194204301029e-01
1.373206832532697375e-13,1.373206832532697490e+02,2.516996110982728588e-27,1.976455821946124141e-06,4.548323970656858664e-36,9.999944457972608225e-01
1.373683474912776314e-13,1.373683474912776319e+02,2.408102105997129885e-27,1.890947469672673232e-06,4.548324085437533054e-36,9.999944710329382591e-01
1.374160117292855254e-13,1.374160117292855148e+02,3.235222572528366325e-27,2.540438763836088821e-06,4.548324239642384299e-36,9.999945049364148408e-01
1.374636759672934194e-13,1.374636759672934261e+02,1.740388549846891693e-27,1.366629478203776607e-06,4.548324322596911109e-36,9.999945231747958685e-01
1.375113402053013134e-13,1.375113402053013090e+02,2.279983275713663356e-27,1.790342940762289789e-06,4.548324431270881422e-36,9.999945470678535120e-01
1.375590044433092074e-13,1.375590044433092203e+02,2.360360613791703573e-27,1.853458754530809510e-06,4.548324543775987324e-36,9.999945718032245967e-01
1.376066686813171014e-13,1.376066686813171032e+02,1.899003132648769031e-27,1.491180610506450719e-06,4.548324634290778581e-36,9.999945917038053356e-01
1.376543329193249954e-13,1.376543329193249861e+02,3.168339647791664153e-27,2.487919355717882812e-06,4.548324785307697068e-36,9.999946249063829118e-01
1.377019971573328894e-13,1.377019971573328974e+02,3.246650270446382427e-27,2.549412293824057724e-06,4.548324940057242392e-36,9.999946589296159205e-01
1.377496613953407834e-13,1.377496613953407802e+02,2.046990241424523163e-27,1.607386583744372966e-06,4.548325037625746373e-36,9.999946803810257911e-01
1.377973256333486773e-13,1.377973256333486916e+02,2.863635960174226304e-27,2.248652646193725460e-06,4.548325174119155429e-36,9.999947103904648360e-01
1.378449898713565713e-13,1.378449898713565744e+02,2.459312198032397609e-27,1.931159881644173514e-06,4.548325291340726177e-36,9.999947361627977704e-01
1.378926541093644653e-13,1.378926541093644573e+02,1.912369086462816448e-27,1.501676144097610197e-06,4.548325382492596962e-36,9.999947562034469106e-01
1.379403183473723593e-13,1.379403183473723686e+02,3.012102240320143980e-27,2.365234885823215701e-06,4.548325526062558185e-36,9.999947877687366260e-01
1.379879825853802533e-13,1.379879825853802515e+02,1.841920495027075748e-27,1.446356817983629911e-06,4.548325613856541118e-36,9.999948070711204284e-01
1.380356468233881473e-13,1.380356468233881344e+02,1.927904600359216086e-27,1.513875311491426849e-06,4.548325705748902702e-36,9.999948272745737832e-01
1.380833110613960413e-13,1.380833110613960457e+02,2.208730801119135424e-27,1.734392370308114934e-06,4.548325811026669076e-36,9.999948504209420497e-01
1.381309752994039353e-13,1.381309752994039286e+02,1.826253440115474461e-27,1.434054358811099043e-06,4.548325898073891572e-36,9.999948695591431846e-01
1.381786395374118293e-13,1.381786395374118399e+02,2.847239362999691133e-27,2.235777318415383196e-06,4.548326033785766854e-36,9.999948993967542332e-01
1.382263037754197232e-13,1.382263037754197228e+02,2.977923531969081460e-27,2.338396263859401347e-06,4.548326175726621190e-36,9.999949306038685704e-01
1.382739680134276172e-13,1.382739680134276057e+02,2.061369426982312705e-27,1.618677751373329276e-06,4.548326273980500221e-36,9.999949522059650153e-01
1.383216322514355112e-13,1.383216322514355170e+02,2.574078556011427433e-27,2.021279463236472291e-06,4.548326396672336981e-36,9.999949791809905619e-01
1.383692964894434052e-13,1.383692964894433999e+02,2.556154311205004306e-27,2.007204559486299133e-06,4.548326518509826507e-36,9.999950059681793624e-01
1.384169607274512992e-13,1.384169607274513112e+02,1.639279346289500637e-27,1.287234093701049827e-06,4.548326596645046500e-36,9.999950231469877382e-01
1.384646249654591932e-13,1.384646249654591941e+02,2.691856105458506699e-27,2.113763564536231950e-06,4.548326724950676738e-36,9.999950513562618770e-01
1.385122892034670872e-13,1.385122892034670770e+02,1.998337206576418372e-27,1.569182085310189890e-06,4.548326820200164437e-36,9.999950722978129258e-01
1.385599534414749812e-13,1.385599534414749883e+02,1.552791706573400256e-27,1.219320202893914454e-06,4.548326894213005688e-36,9.999950885702751924e-01
1.386076176794828752e-13,1.386076176794828712e+02,2.071122721406678544e-27,1.626336466245425608e-06,4.548326992931768708e-36,9.999951102745811005e-01
1.386552819174907691e-13,1.386552819174907825e+02,1.271088341020309752e-27,9.981143557812476079e-07,4.548327053517395779e-36,9.999951235949362527e-01
1.387029461554986631e-13,1.387029461554986653e+02,2.738256957829645056e-27,2.150199550437057175e-06,4.548327184034693378e-36,9.999951522904674261e-01
1.387506103935065571e-13,1.387506103935065482e+02,2.855781632675026279e-27,2.242485083500430787e-06,4.548327320153730954e-36,9.999951822175972005e-01
1.387982746315144511e-13,1.387982746315144595e+02,1.629602511283926970e-27,1.279635418120533997e-06,4.548327397827710605e-36,9.999951992949973612e-01
1.388459388695223451e-13,1.388459388695223424e+02,2.446630334534596539e-27,1.921201525795316766e-06,4.548327514444808217e-36,9.999952249344308264e-01
1.388936031075302391e-13,1.388936031075302253e+02,2.099681373587024671e-27,1.648761973429360589e-06,4.548327614524802286e-36,9.999952469380168907e-01
1.389412673455381331e-13,1.389412673455381366e+02,1.429401708378884926e-27,1.122428960496939260e-06,4.548327682656336380e-36,9.999952619174150570e-01
1.389889315835460271e-13,1.389889315835460195e+02,2.455306071155077720e-27,1.928014094983803032e-06,4.548327799686957467e-36,9.999952876477657959e-01
1.390365958215539210e-13,1.390365958215539308e+02,1.715420023675877813e-27,1.347023095539622673e-06,4.548327881451375653e-36,9.999953056244896832e-01
1.390842600595618150e-13,1.390842600595618137e+02,1.503708033789730479e-27,1.180777548651232456e-06,4.548327953124673789e-36,9.999953213825799603e-01
1.391319242975697090e-13,1.391319242975696966e+02,1.984330303276878883e-27,1.558183250050566786e-06,4.548328047706531591e-36,9.999953421773459805e-01
1.391795885355776030e-13,1.391795885355776079e+02,1.034870337039293132e-27,8.126256110114004335e-07,4.548328097032975619e-36,9.999953530222572828e-01
1.392272527735854970e-13,1.392272527735854908e+02,2.798055156672924342e-27,2.197155720822058817e-06,4.548328230400516854e-36,9.999953823444430734e-01
1.392749170115933910e-13,1.392749170115934021e+02,2.665354924237749456e-27,2.092953673855962045e-06,4.548328357442984459e-36,9.999954102759982533e-01
1.393225812496012850e-13,1.393225812496012850e+02,1.378678491433558295e-27,1.082598864215906503e-06,4.548328423156829143e-36,9.999954247238432847e-01
1.393702454876091790e-13,1.393702454876091679e+02,2.580906555443263500e-27,2.026641108083840847e-06,4.548328546174118439e-36,9.999954517704228163e-01
1.394179097256170730e-13,1.394179097256170792e+02,1.984477636917624507e-27,1.558298942892025588e-06,4.548328640762998262e-36,9.999954725667326016e-01
1.394655739636249669e-13,1.394655739636249621e+02,1.732322755239797949e-27,1.360295862255681920e-06,4.548328723333073929e-36,9.999954907205883536e-01
1.395132382016328609e-13,1.395132382016328734e+02,2.241723521810444284e-27,1.760299702706304442e-06,4.548328830183417548e-36,9.999955142127033847e-01
1.395609024396407549e-13,1.395609024396407563e+02,1.648361261535253086e-27,1.294365612174028458e-06,4.548328908751521186e-36,9.999955314866856293e-01
1.396085666776486489e-13,1.396085666776486391e+02,1.750947845952983591e-27,1.374921100973265049e-06,4.548328992209350306e-36,9.999955498357226968e-01
1.396562309156565429e-13,1.396562309156565505e+02,1.772961032624335258e-27,1.392206821346981812e-06,4.548329076716423995e-36,9.999955684154467894e-01
1.397038951536644369e-13,1.397038951536644333e+02,1.607752354582367683e-27,1.262477716034784294e-06,4.548329153348930139e-36,9.999955852638685583e-01
1.397515593916723309e-13,1.397515593916723446e+02,2.343824386696200328e-27,1.840473783209908397e-06,4.548329265065846415e-36,9.999956098259482618e-01
1.397992236296802249e-13,1.397992236296802275e+02,2.561924975097371781e-27,2.011735938059669523e-06,4.548329387178390825e-36,9.999956366736105773e-01
1.398468878676881189e-13,1.398468878676881104e+02,1.873275212300683264e-27,1.470977918203248651e-06,4.548329476466876873e-36,9.999956563045758751e-01
1.398945521056960128e-13,1.398945521056960217e+02,2.288991620435540213e-27,1.797416688430775242e-06,4.548329585570224832e-36,9.999956802920364485e-01
1.399422163437039068e-13,1.399422163437039046e+02,2.091053977808147610e-27,1.641987363591470525e-06,4.548329685238998681e-36,9.999957022052117228e-01
1.399898805817118008e-13,1.399898805817117875e+02,1.703743495609046879e-27,1.337854173197190146e-06,4.548329766446862395e-36,9.999957200595714912e-01
1.400375448197196948e-13,1.400375448197196988e+02,2.059170207578816920e-27,1.616950827769907599e-06,4.548329864595916262e-36,9.999957416386211495e-01
1.400852090577275888e-13,1.400852090577275817e+02,1.820111842115818005e-27,1.429231706495702992e-06,4.548329951350403535e-36,9.999957607124615455e-01
1.401328732957354828e-13,1.401328732957354930e+02,1.649160522462173789e-27,1.294993226934883267e-06,4.548330029956604094e-36,9.999957779948197567e-01
1.401805375337433768e-13,1.401805375337433759e+02,1.765858010396440694e-27,1.386629216528890216e-06,4.548330114125116672e-36,9.999957965001077254e-01
1.402282017717512708e-13,1.402282017717512588e+02,1.465136182939023455e-27,1.150489238373569021e-06,4.548330183959912174e-36,9.999958118539848950e-01
1.402758660097591648e-13,1.402758660097591701e+02,1.982256847098751585e-27,1.556555081251684677e-06,4.548330278442939823e-36,9.999958326270220743e-01
1.403235302477670587e-13,1.403235302477670530e+02,2.800697917742612507e-27,2.199230932809636469e-06,4.548330411936446455e-36,9.999958619769026003e-01
1.403711944857749527e-13,1.403711944857749643e+02,1.821929727390325117e-27,1.430659189803584177e-06,4.548330498777582087e-36,9.999958810697935352e-01
1.404188587237828467e-13,1.404188587237828472e+02,2.012094894541154153e-27,1.579985225750404479e-06,4.548330594682821248e-36,9.999959021555180350e-01
1.404665229617907407e-13,1.404665229617907301e+02,2.241647832763629865e-27,1.760240268344613936e-06,4.548330701529556635e-36,9.999959256468398117e-01
1.405141871997986347e-13,1.405141871997986414e+02,1.332986862764440538e-27,1.046719791895044232e-06,4.548330765065537751e-36,9.999959396158597524e-01
1.405618514378065287e-13,1.405618514378065242e+02,2.096980256840021573e-27,1.646640938002617009e-06,4.548330865016784743e-36,9.999959615911395705e-01
1.406095156758144227e-13,1.406095156758144356e+02,1.866924073123077476e-27,1.465990724957777892e-06,4.548330954002547447e-36,9.999959811555481082e-01
1.406571799138223167e-13,1.406571799138223184e+02,1.397244744986942907e-27,1.097177901413142270e-06,4.548331020601340518e-36,9.999959957979578373e-01
1.407048441518302107e-13,1.407048441518302013e+02,1.850505905533165168e-27,1.453098459142516182e-06,4.548331108804541769e-36,9.999960151903124483e-01
1.407525083898381046e-13,1.407525083898381126e+02,1.426995066320378636e-27,1.120539159520640627e-06,4.548331176821365479e-36,9.999960301444904553e-01
1.408001726278459986e-13,1.408001726278459955e+02,1.852453791078918418e-27,1.454628024369331592e-06,4.548331265117411227e-36,9.999960495572578489e-01
1.408478368658538926e-13,1.408478368658538784e+02,2.826400993594415680e-27,2.219414116123886451e-06,4.548331399836039033e-36,9.999960791764934687e-01
1.408955011038617866e-13,1.408955011038617897e+02,1.627166787683260433e-27,1.277722781040888410e-06,4.548331477393921803e-36,9.999960962283684918e-01
1.409431653418696806e-13,1.409431653418696726e+02,1.920304495612675176e-27,1.507907375661825555e-06,4.548331568924028886e-36,9.999961163521766672e-01
1.409908295798775746e-13,1.409908295798775839e+02,2.439244200604877050e-27,1.915401609242657283e-06,4.548331685189071267e-36,9.999961419142072705e-01
1.410384938178854686e-13,1.410384938178854668e+02,9.492308768707008896e-28,7.453777480131335154e-07,4.548331730433564792e-36,9.999961518616610201e-01
1.410861580558933626e-13,1.410861580558933497e+02,2.078810263372694635e-27,1.632373061617539784e-06,4.548331829518749822e-36,9.999961736465283746e-01
1.411338222939012566e-13,1.411338222939012610e+02,1.858483685141800415e-27,1.459362961850680437e-06,4.548331918102207313e-36,9.999961931224861100e-01
1.411814865319091505e-13,1.411814865319091439e+02,1.043379962202070914e-27,8.193077421923598693e-07,4.548331967834257418e-36,9.999962040565739674e-01
1.412291507699170445e-13,1.412291507699170552e+02,1.919861724318460550e-27,1.507559692207559153e-06,4.548332059343260351e-36,9.999962241757420767e-01
1.412768150079249385e-13,1.412768150079249381e+02,1.119731432620861273e-27,8.792622679720785332e-07,4.548332112714555572e-36,9.999962359099543452e-01
1.413244792459328325e-13,1.413244792459328210e+02,1.754911409778532522e-27,1.378033465257213977e-06,4.548332196361305056e-36,9.999962543005275206e-01
1.413721434839407265e-13,1.413721434839407323e+02,2.529034136100121006e-27,1.985908607639429727e-06,4.548332316906128634e-36,9.999962808035107731e-01
1.414198077219486205e-13,1.414198077219486152e+02,1.563424380610373307e-27,1.227669445235423629e-06,4.548332391425769507e-36,9.999962971873980200e-01
1.414674719599565145e-13,1.414674719599565265e+02,1.773760871330239277e-27,1.392834889805253747e-06,4.548332475970966843e-36,9.999963157755039633e-01
1.415151361979644085e-13,1.415151361979644093e+02,2.244372253262960049e-27,1.762379602900529399e-06,4.548332582947560508e-36,9.999963392953763464e-01
1.415628004359723024e-13,1.415628004359722922e+02,1.192493932588286018e-27,9.363985766268510373e-07,4.548332639787034548e-36,9.999963517921023337e-01
1.416104646739801964e-13,1.416104646739802035e+02,1.704081496314286839e-27,1.338119586186419088e-06,4.548332721011008351e-36,9.999963696500041577e-01
1.416581289119880904e-13,1.416581289119880864e+02,1.923669480411508554e-27,1.510549709421259753e-06,4.548332812701505372e-36,9.999963898090755698e-01
1.417057931499959844e-13,1.417057931499959977e+02,8.226592424080578461e-28,6.459881451705393079e-07,4.548332851913041743e-36,9.999963984301234454e-01
1.417534573880038784e-13,1.417534573880038806e+02,1.736195992950955119e-27,1.363337298510030854e-06,4.548332934667732619e-36,9.999964166245686181e-01
1.418011216260117724e-13,1.418011216260117635e+02,1.119379372627027286e-27,8.789858150123574406e-07,4.548332988022247554e-36,9.999964283550915045e-01
1.418487858640196664e-13,1.418487858640196748e+02,1.545360987365468203e-27,1.213485276023872630e-06,4.548333061680908058e-36,9.999964445496836163e-01
1.418964501020275604e-13,1.418964501020275577e+02,2.457686327973345905e-27,1.929883177111370225e-06,4.548333178824982661e-36,9.999964703049782910e-01
1.419441143400354544e-13,1.419441143400354406e+02,1.544114429208963565e-27,1.212506423845648198e-06,4.548333252424226937e-36,9.999964864865070746e-01
1.419917785780433483e-13,1.419917785780433519e+02,1.633627704867696293e-27,1.282796176795681493e-06,4.548333330290064989e-36,9.999965036060891599e-01
1.420394428160512423e-13,1.420394428160512348e+02,2.168631398933037663e-27,1.702904559674856510e-06,4.548333433656517940e-36,9.999965263322361242e-01
1.420871070540591363e-13,1.420871070540591461e+02,1.255447960238438229e-27,9.858328423061571669e-07,4.548333493496656143e-36,9.999965394886880521e-01
1.421347712920670303e-13,1.421347712920670290e+02,1.423061643298459365e-27,1.117450463118636999e-06,4.548333561325995432e-36,9.999965544016456986e-01
1.421824355300749243e-13,1.421824355300749119e+02,1.908398204103478845e-27,1.498558032979706207e-06,4.548333652288597057e-36,9.999965744006820145e-01
1.422300997680828183e-13,1.422300997680828232e+02,9.141755815054505194e-28,7.178507914507578438e-07,4.548333695862201701e-36,9.999965839807741785e-01
1.422777640060907123e-13,1.422777640060907061e+02,1.577278846554814547e-27,1.238548579993066950e-06,4.548333771042207227e-36,9.999966005098490651e-01
1.423254282440986063e-13,1.423254282440986174e+02,1.191552538031469537e-27,9.356593523012950528e-07,4.548333827836810225e-36,9.999966129967097217e-01
1.423730924821065003e-13,1.423730924821065003e+02,1.405295421043973211e-27,1.103499645612146037e-06,4.548333894819333462e-36,9.999966277234864087e-01
1.424207567201143942e-13,1.424207567201143831e+02,2.311672334425616496e-27,1.815226580554159941e-06,4.548334005003743249e-36,9.999966519486291894e-01
1.424684209581222882e-13,1.424684209581222945e+02,1.491863083149262882e-27,1.171476373511603113e-06,4.548334076112459263e-36,9.999966675825905371e-01
1.425160851961301822e-13,1.425160851961301773e+02,1.583926001164872652e-27,1.243768217548762647e-06,4.548334151609296992e-36,9.999966841813242580e-01
1.425637494341380762e-13,1.425637494341380886e+02,2.000228662374801077e-27,1.570667339422564254e-06,4.548334246948939717e-36,9.999967051426967846e-01
1.426114136721459702e-13,1.426114136721459715e+02,1.208120928157044050e-27,9.486695794451028887e-07,4.548334304533265172e-36,9.999967178031857751e-01
1.426590779101538642e-13,1.426590779101538544e+02,1.360274401181491089e-27,1.068147164760511683e-06,4.548334369369889769e-36,9.999967320581651942e-01
1.427067421481617582e-13,1.427067421481617657e+02,1.609985759242376341e-27,1.264231483402073694e-06,4.548334446108849459e-36,9.999967489299917967e-01
1.427544063861696522e-13,1.427544063861696486e+02,9.936882733349580871e-28,7.802876470340108564e-07,4.548334493472376329e-36,9.999967593433362056e-01
1.428020706241775462e-13,1.428020706241775599e+02,1.256800251948889726e-27,9.868947211117814997e-07,4.548334553376970926e-36,9.999967725139595753e-01
1.428497348621854401e-13,1.428497348621854428e+02,1.181392583499346332e-27,9.276813100635251351e-07,4.548334609687306377e-36,9.999967848943490667e-01
1.428973991001933341e-13,1.428973991001933257e+02,1.076480534970265459e-27,8.452997647751466074e-07,4.548334660997074790e-36,9.999967961753141177e-01
1.429450633382012281e-13,1.429450633382012370e+02,2.104794139810389466e-27,1.652776741876687879e-06,4.548334761320764863e-36,9.999968182324792121e-01
1.429927275762091221e-13,1.429927275762091199e+02,1.491587867760209946e-27,1.171260262308407626e-06,4.548334832416363616e-36,9.999968338635565335e-01
1.430403918142170161e-13,1.430403918142170028e+02,1.168994987261336818e-27,9.179461733440709492e-07,4.548334888135775513e-36,9.999968461140257281e-01
1.430880560522249101e-13,1.430880560522249141e+02,1.814843075566957844e-27,1.425094439745654717e-06,4.548334974639130482e-36,9.999968651326521796e-01
1.431357202902328041e-13,1.431357202902327970e+02,1.246047110993895253e-27,9.784508828587268193e-07,4.548335034031183022e-36,9.999968781905880233e-01
1.431833845282406981e-13,1.431833845282407083e+02,1.104715823512948969e-27,8.674713526377623460e-07,4.548335086686768649e-36,9.999968897674443857e-01
1.432310487662485921e-13,1.432310487662485912e+02,1.468688657017942931e-27,1.153278796944977261e-06,4.548335156690890478e-36,9.999969051585495539e-01
1.432787130042564860e-13,1.432787130042564741e+02,1.020504536694617082e-27,8.013449540392827132e-07,4.548335205332598247e-36,9.999969158529148361e-01
1.433263772422643800e-13,1.433263772422643854e+02,1.031770456497304657e-27,8.101914487503556664e-07,4.548335254511289169e-36,9.999969266653411237e-01
1.433740414802722740e-13,1.433740414802722682e+02,1.210525259099617075e-27,9.505575656317316422e-07,4.548335312210214757e-36,9.999969393510260707e-01
1.434217057182801680e-13,1.434217057182801796e+02,7.436461368061243274e-28,5.839435866209385303e-07,4.548335347655640563e-36,9.999969471440569579e-01
1.434693699562880620e-13,1.434693699562880624e+02,1.853223970463678874e-27,1.455232803026839449e-06,4.548335435988396734e-36,9.999969665648954509e-01
1.435170341942959560e-13,1.435170341942959453e+02,1.563861759300743649e-27,1.228012894180460064e-06,4.548335510528885171e-36,9.999969829533662535e-01
1.435646984323038500e-13,1.435646984323038566e+02,7.494033673371297012e-28,5.884644167293524841e-07,4.548335546248725734e-36,9.999969908067298796e-01
1.436123626703117440e-13,1.436123626703117395e+02,1.735350702298363562e-27,1.362673539188249829e-06,4.548335628963126686e-36,9.999970089923170269e-01
1.436600269083196380e-13,1.436600269083196508e+02,1.142204435066435393e-27,8.969090558738772897e-07,4.548335683405583815e-36,9.999970209620347994e-01
1.437076911463275319e-13,1.437076911463275337e+02,1.111363748494984830e-27,8.726915951233479323e-07,4.548335736378038395e-36,9.999970326085579897e-01
1.437553553843354259e-13,1.437553553843354166e+02,1.406401290018040362e-27,1.104368022469212849e-06,4.548335803413272560e-36,9.999970473469236287e-01
1.438030196223433199e-13,1.438030196223433279e+02,7.351149893762180178e-28,5.772445552111777070e-07,4.548335838452066616e-36,9.999970550505524747e-01
1.438506838603512139e-13,1.438506838603512108e+02,1.060887435768528643e-27,8.330553788720539155e-07,4.548335889018599301e-36,9.999970661681095718e-01
1.438983480983591079e-13,1.438983480983591221e+02,1.064548339703317120e-27,8.359300813254768281e-07,4.548335939759627439e-36,9.999970773240313138e-01
1.439460123363670019e-13,1.439460123363670050e+02,8.737768898059949827e-28,6.861279655552419489e-07,4.548335981407654115e-36,9.999970864807659066e-01
1.439936765743748959e-13,1.439936765743748879e+02,1.540864615020804543e-27,1.209954527104765868e-06,4.548336054851997644e-36,9.999971026282382658e-01
1.440413408123827899e-13,1.440413408123827992e+02,1.536044590148986608e-27,1.206169632015631089e-06,4.548336128066598337e-36,9.999971187251993632e-01
1.440890050503906838e-13,1.440890050503906821e+02,7.853652942237003627e-28,6.167033001559987624e-07,4.548336165500541710e-36,9.999971269554256414e-01
1.441366692883985778e-13,1.441366692883985650e+02,1.399809602190380608e-27,1.099191939865595758e-06,4.548336232221586370e-36,9.999971416247136480e-01
1.441843335264064718e-13,1.441843335264064763e+02,1.090698712784704228e-27,8.564645020570968564e-07,4.548336284209055658e-36,9.999971530546779563e-01
1.442319977644143658e-13,1.442319977644143592e+02,9.034270627823225755e-28,7.094105827770429237e-07,4.548336327270338748e-36,9.999971625221310001e-01
1.442796620024222598e-13,1.442796620024222705e+02,1.281052909959574871e-27,1.005938972675671085e-06,4.548336388330920786e-36,9.999971759469097332e-01
1.443273262404301538e-13,1.443273262404301533e+02,7.210903193729415566e-28,5.662317687559668632e-07,4.548336422701238347e-36,9.999971835035673662e-01
1.443749904784380478e-13,1.443749904784380362e+02,9.226809696223506497e-28,7.245295955173224112e-07,4.548336466680246606e-36,9.999971931727914543e-01
1.444226547164459418e-13,1.444226547164459475e+02,8.260832569596866934e-28,6.486768316827933131e-07,4.548336506054986000e-36,9.999972018297211829e-01
1.444703189544538358e-13,1.444703189544538304e+02,9.131629275406917108e-28,7.170556111103785612e-07,4.548336549580323186e-36,9.999972113992011691e-01
1.445179831924617297e-13,1.445179831924617417e+02,1.284426754036152431e-27,1.008588263128840123e-06,4.548336610801717458e-36,9.999972248593360646e-01
1.445656474304696237e-13,1.445656474304696246e+02,1.410013564221733061e-27,1.107204538723330680e-06,4.548336678009128454e-36,9.999972396355565341e-01
1.446133116684775177e-13,1.446133116684775075e+02,9.804661864877563968e-28,7.699050840998052020e-07,4.548336724742433442e-36,9.999972499103403356e-01
1.446609759064854117e-13,1.446609759064854188e+02,1.149946962332363739e-27,9.029888281168887450e-07,4.548336779553932558e-36,9.999972619611957603e-01
1.447086401444933057e-13,1.447086401444933017e+02,1.172778091451096665e-27,9.209168328012921222e-07,4.548336835453663863e-36,9.999972742513099089e-01
1.447563043825011997e-13,1.447563043825012130e+02,6.946626123795626869e-28,5.454795732639539135e-07,4.548336868564320779e-36,9.999972815310185226e-01
1.448039686205090937e-13,1.448039686205090959e+02,1.250612720520059634e-27,9.820359998516953503e-07,4.548336928173990490e-36,9.999972946367996496e-01
1.448516328585169877e-13,1.448516328585169788e+02,7.606383278159612512e-28,5.972866008204718717e-07,4.548336964429338172e-36,9.999973026078998739e-01
1.448992970965248817e-13,1.448992970965248901e+02,7.183787063077415479e-28,5.641024911594722285e-07,4.548336998670408182e-36,9.999973101361411265e-01
1.449469613345327756e-13,1.449469613345327730e+02,9.039432120074183547e-28,7.098158858033297409e-07,4.548337041756293403e-36,9.999973196090031768e-01
1.449946255725406696e-13,1.449946255725406559e+02,7.485066543550230042e-28,5.877602783374152763e-07,4.548337077433392450e-36,9.999973274529697642e-01
1.450422898105485636e-13,1.450422898105485672e+02,1.391997837742951541e-27,1.093057799548722215e-06,4.548337143782094927e-36,9.999973420403945878e-01
1.450899540485564576e-13,1.450899540485564501e+02,1.209662057298542716e-27,9.498797416900087021e-07,4.548337201439877311e-36,9.999973547170337707e-01
1.451376182865643516e-13,1.451376182865643614e+02,9.442570664928236336e-28,7.414720937947114081e-07,4.548337246447296606e-36,9.999973646123644366e-01
1.451852825245722456e-13,1.451852825245722443e+02,1.222734595685562737e-27,9.601448726093218970e-07,4.548337304728173277e-36,9.999973774259971471e-01
1.452329467625801396e-13,1.452329467625801271e+02,1.000893369849905175e-27,7.859454050625248234e-07,4.548337352435127026e-36,9.999973879148473799e-01
1.452806110005880336e-13,1.452806110005880385e+02,7.591013394238430176e-28,5.960796900737247039e-07,4.548337388617215564e-36,9.999973958698408216e-01
1.453282752385959276e-13,1.453282752385959213e+02,1.091262143589934714e-27,8.569069326553813168e-07,4.548337440631539455e-36,9.999974073057094071e-01
1.453759394766038215e-13,1.453759394766038326e+02,8.555807999879215977e-28,6.718395971701418471e-07,4.548337481412261333e-36,9.999974162717583104e-01
1.454236037146117155e-13,1.454236037146117155e+02,6.664505794409576528e-28,5.233262467223919989e-07,4.548337513178208897e-36,9.999974232558190845e-01
1.454712679526196095e-13,1.454712679526195984e+02,8.638197356970157540e-28,6.783091711110094390e-07,4.548337554351634080e-36,9.999974323082078120e-01
1.455189321906275035e-13,1.455189321906275097e+02,6.410579153479410933e-28,5.033868123456858315e-07,4.548337584907256895e-36,9.999974390261666679e-01
1.455665964286353975e-13,1.455665964286353926e+02,1.416372407119116398e-27,1.112197781267701180e-06,4.548337652417758072e-36,9.999974538690244996e-01
1.456142606666432915e-13,1.456142606666433039e+02,1.128399947004051002e-27,8.860691659428463839e-07,4.548337706202232649e-36,9.999974656940783246e-01
1.456619249046511855e-13,1.456619249046511868e+02,8.210638020421274599e-28,6.447353353683898821e-07,4.548337745337722851e-36,9.999974742984066856e-01
1.457095891426590795e-13,1.457095891426590697e+02,1.279825803695508544e-27,1.004975394977168771e-06,4.548337806339815442e-36,9.999974877103259274e-01
1.457572533806669735e-13,1.457572533806669810e+02,8.519182590126803913e-28,6.689636092407026150e-07,4.548337846945964357e-36,9.999974966379931995e-01
1.458049176186748674e-13,1.458049176186748639e+02,9.854745673081354036e-28,7.738378845470401354e-07,4.548337893917989998e-36,9.999975069652621285e-01
1.458525818566827614e-13,1.458525818566827752e+02,9.679904937905019798e-28,7.601086226127543005e-07,4.548337940056648939e-36,9.999975171093070658e-01
1.459002460946906554e-13,1.459002460946906581e+02,8.436042120357551328e-28,6.624350546355619600e-07,4.548337980266513712e-36,9.999975259498473656e-01
1.459479103326985494e-13,1.459479103326985410e+02,7.476710896486506019e-28,5.871041562554953101e-07,4.548338015903786560e-36,9.999975337850577350e-01
1.459955745707064434e-13,1.459955745707064523e+02,7.400287588880790016e-28,5.811030627062994013e-07,4.548338051176792314e-36,9.999975415401802792e-01
1.460432388087143374e-13,1.460432388087143352e+02,7.389833159660170003e-28,5.802821350374778936e-07,4.548338086399967712e-36,9.999975492843471425e-01
1.460909030467222314e-13,1.460909030467222181e+02,1.161007192816990757e-27,9.116738065473369667e-07,4.548338141738646281e-36,9.999975614511082966e-01
1.461385672847301254e-13,1.461385672847301294e+02,1.202444827424945988e-27,9.442124560157275733e-07,4.548338199052423801e-36,9.999975740521145351e-01
1.461862315227380194e-13,1.461862315227380122e+02,7.986262367075300654e-28,6.271163742415302758e-07,4.548338237118441282e-36,9.999975824213086506e-01
1.462338957607459133e-13,1.462338957607459236e+02,1.174419657839195126e-27,9.222058627806039865e-07,4.548338293096416437e-36,9.999975947286254829e-01
1.462815599987538073e-13,1.462815599987538064e+02,9.378282160419618210e-28,7.364238782465889311e-07,4.548338337797409272e-36,9.999976045565851512e-01
1.463292242367617013e-13,1.463292242367616893e+02,8.567782469308443616e-28,6.727798850678800818e-07,4.548338378635206036e-36,9.999976135351825723e-01
1.463768884747695953e-13,1.463768884747696006e+02,9.014690661043612921e-28,7.078730778454214571e-07,4.548338421603162865e-36,9.999976229821170293e-01
1.464245527127774893e-13,1.464245527127774835e+02,7.125149718508115599e-28,5.594980294937684840e-07,4.548338455564741201e-36,9.999976304489092138e-01
1.464722169507853833e-13,1.464722169507853948e+02,7.478834715732679043e-28,5.872709278645392834e-07,4.548338491212137145e-36,9.999976382863451363e-01
1.465198811887932773e-13,1.465198811887932777e+02,7.753353881110719061e-28,6.088273776452811282e-07,4.548338528168011112e-36,9.999976464114630481e-01
1.465675454268011713e-13,1.465675454268011606e+02,7.588293499674469303e-28,5.958661120144435854e-07,4.548338564337135405e-36,9.999976543636062143e-01
1.466152096648090652e-13,1.466152096648090719e+02,9.909750232293053492e-28,7.781570839615000080e-07,4.548338611571337214e-36,9.999976647485172565e-01
1.466628739028169592e-13,1.466628739028169548e+02,1.339989062559746430e-27,1.052218226513784674e-06,4.548338675441074477e-36,9.999976787909168330e-01
1.467105381408248532e-13,1.467105381408248661e+02,7.268982018614843147e-28,5.707923730046470046e-07,4.548338710088220302e-36,9.999976864084377803e-01
1.467582023788327472e-13,1.467582023788327490e+02,9.724870587281600787e-28,7.636395227643335082e-07,4.548338756441204903e-36,9.999976965996043576e-01
1.468058666168406412e-13,1.468058666168406319e+02,1.048915470048228708e-27,8.236544659168138946e-07,4.548338806437101654e-36,9.999977075917014790e-01
1.468535308548485352e-13,1.468535308548485432e+02,6.089357631397438736e-28,4.781630885312922773e-07,4.548338835461642564e-36,9.999977139730367171e-01
1.469011950928564292e-13,1.469011950928564261e+02,1.077245225454684411e-27,8.459002333071883790e-07,4.548338886807859469e-36,9.999977252620152468e-01
1.469488593308643232e-13,1.469488593308643090e+02,6.570159301258906811e-28,5.159177459760386088e-07,4.548338918124111029e-36,9.999977321472058867e-01
1.469965235688722172e-13,1.469965235688722203e+02,6.865214657633947925e-28,5.390867876109956591e-07,4.548338950846725274e-36,9.999977393415994120e-01
1.470441878068801111e-13,1.470441878068801032e+02,7.662111987030401569e-28,6.016626636445898237e-07,4.548338987367700332e-36,9.999977473711004761e-01
1.470918520448880051e-13,1.470918520448880145e+02,6.811777323914493582e-28,5.348906536210287085e-07,4.548339019835609455e-36,9.999977545094945741e-01
1.471395162828958991e-13,1.471395162828958973e+02,1.097088948340181077e-27,8.614823954944840848e-07,4.548339072127665004e-36,9.999977660064250928e-01
1.471871805209037931e-13,1.471871805209037802e+02,1.100622355712651119e-27,8.642569820511153103e-07,4.548339124588138140e-36,9.999977775403839919e-01
1.472348447589116871e-13,1.472348447589116915e+02,8.181326329632673063e-28,6.424336527532508115e-07,4.548339163583915580e-36,9.999977861139951463e-01
1.472825089969195811e-13,1.472825089969195744e+02,9.684201687610947721e-28,7.604460222588908881e-07,4.548339209743054580e-36,9.999977962625428152e-01
1.473301732349274751e-13,1.473301732349274857e+02,9.797504146239248806e-28,7.693430286157771813e-07,4.548339256442242395e-36,9.999978065298256169e-01
1.473778374729353691e-13,1.473778374729353686e+02,6.891961491219111760e-28,5.411870663808894233e-07,4.548339289292344176e-36,9.999978137522484989e-01
1.474255017109432631e-13,1.474255017109432515e+02,1.050706584896508837e-27,8.250609279110182184e-07,4.548339339373613709e-36,9.999978247631157169e-01
1.474731659489511570e-13,1.474731659489511628e+02,6.795824364702648011e-28,5.336379572432336700e-07,4.548339371765483344e-36,9.999978318847917436e-01
1.475208301869590510e-13,1.475208301869590457e+02,6.212095702305778987e-28,4.878010205790501537e-07,4.548339401375047011e-36,9.999978383947499827e-01
1.475684944249669450e-13,1.475684944249669570e+02,8.200500888158992383e-28,6.439393232494120412e-07,4.548339440462219641e-36,9.999978469884552856e-01
1.476161586629748390e-13,1.476161586629748399e+02,6.128570528030135052e-28,4.812422572875286375e-07,4.548339469673665651e-36,9.999978534108834305e-01
1.476638229009827330e-13,1.476638229009827228e+02,1.145564605040407803e-27,8.995476088214991755e-07,4.548339524276282859e-36,9.999978654158140357e-01
1.477114871389906270e-13,1.477114871389906341e+02,9.038156191486027003e-28,7.097156942903017249e-07,4.548339567356086873e-36,9.999978748873391554e-01
1.477591513769985210e-13,1.477591513769985170e+02,9.053569408830958051e-28,7.109260077676799842e-07,4.548339610509356502e-36,9.999978843750164659e-01
1.478068156150064150e-13,1.478068156150064283e+02,1.018303969140160226e-27,7.996169718085537029e-07,4.548339659046175629e-36,9.999978950463208616e-01
1.478544798530143090e-13,1.478544798530143112e+02,8.244633572834625893e-28,6.474048153566371177e-07,4.548339698343703528e-36,9.999979036862747250e-01
1.479021440910222029e-13,1.479021440910221941e+02,7.481817018251562678e-28,5.875051113481979842e-07,4.548339734005313903e-36,9.999979115268359253e-01
1.479498083290300969e-13,1.479498083290301054e+02,7.567946531294504253e-28,5.942683787506510065e-07,4.548339770077455592e-36,9.999979194576564812e-01
1.479974725670379909e-13,1.479974725670379883e+02,7.933634405414975048e-28,6.229837956981294117e-07,4.548339807892625418e-36,9.999979277716992687e-01
1.480451368050458849e-13,1.480451368050458711e+02,5.376650403589928720e-28,4.221981888003486206e-07,4.548339833520091736e-36,9.999979334061536163e-01
1.480928010430537789e-13,1.480928010430537825e+02,6.376587934408434510e-28,5.007176726305017579e-07,4.548339863913697568e-36,9.999979400884914105e-01
1.481404652810616729e-13,1.481404652810616653e+02,5.481537992808715875e-28,4.304344226767857541e-07,4.548339890041104525e-36,9.999979458328627224e-01
1.481881295190695669e-13,1.481881295190695766e+02,9.345160980201018721e-28,7.338230578008545780e-07,4.548339934584227171e-36,9.999979556261130442e-01
1.482357937570774609e-13,1.482357937570774595e+02,9.729938671930255798e-28,7.640374910157043701e-07,4.548339980961368221e-36,9.999979658225907064e-01
1.482834579950853549e-13,1.482834579950853424e+02,6.548160366469143610e-28,5.141902930589633710e-07,4.548340012172763212e-36,9.999979726847275652e-01
1.483311222330932488e-13,1.483311222330932537e+02,8.834167469566364143e-28,6.936976045010389557e-07,4.548340054280267543e-36,9.999979819424829053e-01
1.483787864711011428e-13,1.483787864711011366e+02,8.024011556950262671e-28,6.300806063186703807e-07,4.548340092526214876e-36,9.999979903512362656e-01
1.484264507091090368e-13,1.484264507091090479e+02,6.516014188284890160e-28,5.116660340524296866e-07,4.548340123584386948e-36,9.999979971796856271e-01
1.484741149471169308e-13,1.484741149471169308e+02,6.749241897137753937e-28,5.299800974309948410e-07,4.548340155754224005e-36,9.999980042525455914e-01
1.485217791851248248e-13,1.485217791851248137e+02,6.914322982320905858e-28,5.429429888109118653e-07,4.548340188710910296e-36,9.999980114984021728e-01
1.485694434231327188e-13,1.485694434231327250e+02,4.588075017483172323e-28,3.602757882804057191e-07,4.548340210579681635e-36,9.999980163064698946e-01
1.486171076611406128e-13,1.486171076611406079e+02,5.769221370839128747e-28,4.530245842151497251e-07,4.548340238078313107e-36,9.999980223523186051e-01
1.486647718991485068e-13,1.486647718991485192e+02,4.755354551697842274e-28,3.734113115276757951e-07,4.548340260744411586e-36,9.999980273356867677e-01
1.487124361371564008e-13,1.487124361371564021e+02,8.351867426208162798e-28,6.558252881926913899e-07,4.548340300553062972e-36,9.999980360880162955e-01
1.487601003751642947e-13,1.487601003751642850e+02,1.012690750020746408e-27,7.952092257814479598e-07,4.548340348822331670e-36,9.999980467004970786e-01
1.488077646131721887e-13,1.488077646131721963e+02,5.737422341527351096e-28,4.505275848617832542e-07,4.548340376169394665e-36,9.999980527130218899e-01
1.488554288511800827e-13,1.488554288511800792e+02,8.700065930503653104e-28,6.831673630574418160e-07,4.548340417637711993e-36,9.999980618302456437e-01
1.489030930891879767e-13,1.489030930891879905e+02,8.669693052315694201e-28,6.807823513499579524e-07,4.548340458961259688e-36,9.999980709156401915e-01
1.489507573271958707e-13,1.489507573271958734e+02,6.021904823990192381e-28,4.728663980308603567e-07,4.548340487664290390e-36,9.999980772262881956e-01
1.489984215652037647e-13,1.489984215652037562e+02,6.479448000878268003e-28,5.087946965215197009e-07,4.548340518548172143e-36,9.999980840164179874e-01
1.490460858032116587e-13,1.490460858032116676e+02,6.051922368103411839e-28,4.752235073471689001e-07,4.548340547394279949e-36,9.999980903585228287e-01
1.490937500412195527e-13,1.490937500412195504e+02,5.544446568512180547e-28,4.353742801583654898e-07,4.548340573821536361e-36,9.999980961688190728e-01
1.491414142792274466e-13,1.491414142792274333e+02,5.536035550962555391e-28,4.347138101428612748e-07,4.548340600208701970e-36,9.999981019703009233e-01
1.491890785172353406e-13,1.491890785172353446e+02,5.070852209985095605e-28,3.981855724338138784e-07,4.548340624378600108e-36,9.999981072842943908e-01
1.492367427552432346e-13,1.492367427552432275e+02,7.428527499655340056e-28,5.833205844504949088e-07,4.548340659786209635e-36,9.999981150690109288e-01
1.492844069932511286e-13,1.492844069932511388e+02,1.037172112212327537e-27,8.144330659064255959e-07,4.548340709222367313e-36,9.999981259380439358e-01
1.493320712312590226e-13,1.493320712312590217e+02,6.200859827010223853e-28,4.869187303345138720e-07,4.548340738778376126e-36,9.999981324362275936e-01
1.493797354692669166e-13,1.493797354692669046e+02,6.884750809507325949e-28,5.406208520038677641e-07,4.548340771594108158e-36,9.999981396510939646e-01
1.494273997072748106e-13,1.494273997072748159e+02,8.815823949811047915e-28,6.922571908167594112e-07,4.548340813614179005e-36,9.999981488896262372e-01
1.494750639452827046e-13,1.494750639452826988e+02,5.935313569243083967e-28,4.660668726431265728e-07,4.548340841904478039e-36,9.999981551095309396e-01
1.495227281832905986e-13,1.495227281832906101e+02,7.010060959856395353e-28,5.504607550186428837e-07,4.548340875317493468e-36,9.999981624557160442e-01
1.495703924212984925e-13,1.495703924212984930e+02,5.570490437667643041e-28,4.374193590757985030e-07,4.548340901868886437e-36,9.999981682933050120e-01
1.496180566593063865e-13,1.496180566593063759e+02,5.171861457778372964e-28,4.061172619187640946e-07,4.548340926520239037e-36,9.999981737131510284e-01
1.496657208973142805e-13,1.496657208973142872e+02,5.418021304725310934e-28,4.254468135420157158e-07,4.548340952344897258e-36,9.999981793909600292e-01
1.497133851353221745e-13,1.497133851353221701e+02,5.129807332995219379e-28,4.028149874574793482e-07,4.548340976795801191e-36,9.999981847667354096e-01
1.497610493733300685e-13,1.497610493733300814e+02,6.168498907637171225e-28,4.843776089072968587e-07,4.548341006197564085e-36,9.999981912310066390e-01
1.498087136113379625e-13,1.498087136113379643e+02,8.789993377396926308e-28,6.902288608956552336e-07,4.548341048094515362e-36,9.999982004424697868e-01
1.498563778493458565e-13,1.498563778493458472e+02,7.130842285941238172e-28,5.599450348743458620e-07,4.548341082083226937e-36,9.999982079152274217e-01
1.499040420873537505e-13,1.499040420873537585e+02,4.878229845114720115e-28,3.830600188890989884e-07,4.548341105335003001e-36,9.999982130273625813e-01
1.499517063253616445e-13,1.499517063253616413e+02,8.261845608747614620e-28,6.487563799633256882e-07,4.548341144714570744e-36,9.999982216853537942e-01
1.499993705633695384e-13,1.499993705633695527e+02,5.503336630884262804e-28,4.321461474167214838e-07,4.548341170945879425e-36,9.999982274525689441e-01
1.500470348013774324e-13,1.500470348013774355e+02,5.775043457061011361e-28,4.534817599795023719e-07,4.548341198472260877e-36,9.999982335045187742e-01
1.500946990393853264e-13,1.500946990393853184e+02,6.054309558269479818e-28,4.754109599968265729e-07,4.548341227329747311e-36,9.999982398491253921e-01
1.501423632773932204e-13,1.501423632773932297e+02,3.866874679362157645e-28,3.036439722498177499e-07,4.548341245760962363e-36,9.999982439014121205e-01
1.501900275154011144e-13,1.501900275154011126e+02,5.500743366214145391e-28,4.319425128925068063e-07,4.548341271979910175e-36,9.999982496659095554e-01
1.502376917534090084e-13,1.502376917534089955e+02,4.081899702086888512e-28,3.205286808186546452e-07,4.548341291436028260e-36,9.999982539435314788e-01
1.502853559914169024e-13,1.502853559914169068e+02,6.106688112002007278e-28,4.795239539350393409e-07,4.548341320543173636e-36,9.999982603430280781e-01
1.503330202294247964e-13,1.503330202294247897e+02,8.008035486579084453e-28,6.288260951512054621e-07,4.548341358712971898e-36,9.999982687350393862e-01
1.503806844674326904e-13,1.503806844674327010e+02,7.094537062042080485e-28,5.570941893434589655e-07,4.548341392528636658e-36,9.999982761697508993e-01
1.504283487054405843e-13,1.504283487054405839e+02,5.455745457510995916e-28,4.284090795970133358e-07,4.548341418533105125e-36,9.999982818870930545e-01
1.504760129434484783e-13,1.504760129434484668e+02,7.091571129927724142e-28,5.568612913358164783e-07,4.548341452334632964e-36,9.999982893186964983e-01
1.505236771814563723e-13,1.505236771814563781e+02,5.897402601252793423e-28,4.630899370382969364e-07,4.548341480444232390e-36,9.999982954988726469e-01
1.505713414194642663e-13,1.505713414194642610e+02,5.604083952205103499e-28,4.400572692854122820e-07,4.548341507155746015e-36,9.999983013716656766e-01
1.506190056574721603e-13,1.506190056574721723e+02,6.004261861252147010e-28,4.714809951584509529e-07,4.548341535774682852e-36,9.999983076638246926e-01
1.506666698954800543e-13,1.506666698954800552e+02,3.656798815112015878e-28,2.871478933271751121e-07,4.548341553204584693e-36,9.999983114959626329e-01
1.507143341334879483e-13,1.507143341334879381e+02,4.673565603267063432e-28,3.669888843101085633e-07,4.548341575480841729e-36,9.999983163936202457e-01
1.507619983714958423e-13,1.507619983714958494e+02,4.306441948373051953e-28,3.381607235543850566e-07,4.548341596007227015e-36,9.999983209065510525e-01
1.508096626095037363e-13,1.508096626095037323e+02,5.818634955422272057e-28,4.569047557619563348e-07,4.548341623741384518e-36,9.999983270041825634e-01
1.508573268475116302e-13,1.508573268475116436e+02,6.646525793931263391e-28,5.219143781672959873e-07,4.548341655421632554e-36,9.999983339694014095e-01
1.509049910855195242e-13,1.509049910855195265e+02,6.888403335646856342e-28,5.409076643879546828e-07,4.548341688254774306e-36,9.999983411880954964e-01
1.509526553235274182e-13,1.509526553235274093e+02,5.985383414454777228e-28,4.699985766549359028e-07,4.548341716783727843e-36,9.999983474604707823e-01
1.510003195615353122e-13,1.510003195615353206e+02,6.259899209455414568e-28,4.915547617788509143e-07,4.548341746621144702e-36,9.999983540205249488e-01
1.510479837995432062e-13,1.510479837995432035e+02,6.360160233465297485e-28,4.994276974482367363e-07,4.548341776936448551e-36,9.999983606856471807e-01
1.510956480375511002e-13,1.510956480375510864e+02,4.059755359586324074e-28,3.187898098499060365e-07,4.548341796287017153e-36,9.999983649400628893e-01
1.511433122755589942e-13,1.511433122755589977e+02,6.197071041327128063e-28,4.866212182529978593e-07,4.548341825824967431e-36,9.999983714342762786e-01
1.511909765135668882e-13,1.511909765135668806e+02,3.600143011714247416e-28,2.826990309716097741e-07,4.548341842984822480e-36,9.999983752070418230e-01
1.512386407515747822e-13,1.512386407515747919e+02,4.346151253448914078e-28,3.412788724804070516e-07,4.548341863700479598e-36,9.999983797615858983e-01
1.512863049895826761e-13,1.512863049895826748e+02,4.054133088596171636e-28,3.183483244545747336e-07,4.548341883024250393e-36,9.999983840101098753e-01
1.513339692275905701e-13,1.513339692275905577e+02,5.419099344011681689e-28,4.255314659184948339e-07,4.548341908854047004e-36,9.999983896890485280e-01
1.513816334655984641e-13,1.513816334655984690e+02,7.590495800565876107e-28,5.960390463467416878e-07,4.548341945033667913e-36,9.999983976434995148e-01
1.514292977036063581e-13,1.514292977036063519e+02,6.222495724005470060e-28,4.886176759305237413e-07,4.548341974692803347e-36,9.999984041643565913e-01
1.514769619416142521e-13,1.514769619416142632e+02,6.849509661902442210e-28,5.378535624140344353e-07,4.548342007340560803e-36,9.999984113422921705e-01
1.515246261796221461e-13,1.515246261796221461e+02,6.509774656747561612e-28,5.111760786496636984e-07,4.548342038368992354e-36,9.999984181642026515e-01
1.515722904176300401e-13,1.515722904176300290e+02,6.032937032194128565e-28,4.737326954414304029e-07,4.548342067124607697e-36,9.999984244864118521e-01
1.516199546556379341e-13,1.516199546556379403e+02,4.932249291159865499e-28,3.873018628938776397e-07,4.548342090633863882e-36,9.999984296551566176e-01
1.516676188936458280e-13,1.516676188936458232e+02,4.968531403899690539e-28,3.901508936350946031e-07,4.548342114316057298e-36,9.999984348619233021e-01
1.517152831316537220e-13,1.517152831316537345e+02,4.948865733237552474e-28,3.886066588584471766e-07,4.548342137904514851e-36,9.999984400480812496e-01
1.517629473696616160e-13,1.517629473696616174e+02,3.105589961308611428e-28,2.438645547691893658e-07,4.548342152707113704e-36,9.999984433025804753e-01
1.518106116076695100e-13,1.518106116076695002e+02,4.437746555674026628e-28,3.484713376398011774e-07,4.548342173859354242e-36,9.999984479531117687e-01
1.518582758456774040e-13,1.518582758456774116e+02,4.139712267157504558e-28,3.250683771780123654e-07,4.548342193591032364e-36,9.999984522913182294e-01
1.519059400836852980e-13,1.519059400836852944e+02,7.650820741248945302e-28,6.007760254664692932e-07,4.548342230058189300e-36,9.999984603089868695e-01
1.519536043216931920e-13,1.519536043216932057e+02,5.947516261370721493e-28,4.670250815888555223e-07,4.548342258406651704e-36,9.999984665416794538e-01
1.520012685597010860e-13,1.520012685597010886e+02,4.706001633907947161e-28,3.695359038037527664e-07,4.548342280837512811e-36,9.999984714733282098e-01
1.520489327977089800e-13,1.520489327977089715e+02,6.847809065761548281e-28,5.377200241408212999e-07,4.548342313477164439e-36,9.999984786494816591e-01
1.520965970357168739e-13,1.520965970357168828e+02,5.503039556190341073e-28,4.321228198078390812e-07,4.548342339707056554e-36,9.999984844163853914e-01
1.521442612737247679e-13,1.521442612737247657e+02,5.088733025071272800e-28,3.995896525165764912e-07,4.548342363962183145e-36,9.999984897491170921e-01
1.521919255117326619e-13,1.521919255117326486e+02,3.812617140227637388e-28,2.993834321306269133e-07,4.548342382134782821e-36,9.999984937445446365e-01
1.522395897497405559e-13,1.522395897497405599e+02,4.074020241201914233e-28,3.199099509655590496e-07,4.548342401553344552e-36,9.999984980139093871e-01
1.522872539877484499e-13,1.522872539877484428e+02,3.469745035934593031e-28,2.724596095726207457e-07,4.548342418091666209e-36,9.999985016500245738e-01
1.523349182257563439e-13,1.523349182257563541e+02,3.447184451824797902e-28,2.706880534857541537e-07,4.548342434522454523e-36,9.999985052624974502e-01
1.523825824637642379e-13,1.523825824637642370e+02,4.345310585028189050e-28,3.412128595061629251e-07,4.548342455234104499e-36,9.999985098161605634e-01
1.524302467017721319e-13,1.524302467017721199e+02,5.656745617639455883e-28,4.441924943970819021e-07,4.548342482196626812e-36,9.999985157441403372e-01
1.524779109397800259e-13,1.524779109397800312e+02,6.305569749191641285e-28,4.951410130153633188e-07,4.548342512251728998e-36,9.999985223520546640e-01
1.525255751777879198e-13,1.525255751777879141e+02,4.250308794213941576e-28,3.337529019110430905e-07,4.548342532510558508e-36,9.999985268061606369e-01
1.525732394157958138e-13,1.525732394157958254e+02,5.672129464552735026e-28,4.454005015792545674e-07,4.548342559546407454e-36,9.999985327502620702e-01
1.526209036538037078e-13,1.526209036538037083e+02,5.353546947977059439e-28,4.203840040602974454e-07,4.548342585063752525e-36,9.999985383605051181e-01
1.526685678918116018e-13,1.526685678918115912e+02,3.654492754744855212e-28,2.869668113454213137e-07,4.548342602482662620e-36,9.999985421902264360e-01
1.527162321298194958e-13,1.527162321298195025e+02,3.702718762776040743e-28,2.907537291688756127e-07,4.548342620131439167e-36,9.999985460704862161e-01
1.527638963678273898e-13,1.527638963678273853e+02,3.983009458714923209e-28,3.127633848615671818e-07,4.548342639116203836e-36,9.999985502444763696e-01
1.528115606058352838e-13,1.528115606058352967e+02,3.429032321357705156e-28,2.692626685284288169e-07,4.548342655460470747e-36,9.999985538379266847e-01
1.528592248438431778e-13,1.528592248438431795e+02,3.044134981230673022e-28,2.390388399962253325e-07,4.548342669970148621e-36,9.999985570280242042e-01
1.529068890818510718e-13,1.529068890818510624e+02,4.114275547417010140e-28,3.230709742975333788e-07,4.548342689580584790e-36,9.999985613395744322e-01
1.529545533198589657e-13,1.529545533198589737e+02,5.056272438823598133e-28,3.970407048089079147e-07,4.548342713680989709e-36,9.999985666382891214e-01
1.530022175578668597e-13,1.530022175578668566e+02,6.408971483458333688e-28,5.032605710392704869e-07,4.548342744228949708e-36,9.999985733545632138e-01
1.530498817958747537e-13,1.530498817958747395e+02,3.847386194254903206e-28,3.021136508606398985e-07,4.548342762567274159e-36,9.999985773864269456e-01
1.530975460338826477e-13,1.530975460338826508e+02,5.081947492394710471e-28,3.990568227078581158e-07,4.548342786790057624e-36,9.999985827120477788e-01
1.531452102718905417e-13,1.531452102718905337e+02,5.721021603603435492e-28,4.492397269341331632e-07,4.548342814058947597e-36,9.999985887073855606e-01
1.531928745098984357e-13,1.531928745098984450e+02,3.833247461050670410e-28,3.010034154719352678e-07,4.548342832329880958e-36,9.999985927244328110e-01
1.532405387479063297e-13,1.532405387479063279e+02,4.671456228495473312e-28,3.668232469446083048e-07,4.548342854596083723e-36,9.999985976198797477e-01
1.532882029859142237e-13,1.532882029859142108e+02,3.403683712912166454e-28,2.672721845335665064e-07,4.548342870819528305e-36,9.999986011867660896e-01
1.533358672239221177e-13,1.533358672239221221e+02,3.550783834652033045e-28,2.788231317421511374e-07,4.548342887744115913e-36,9.999986049078056771e-01
1.533835314619300116e-13,1.533835314619300050e+02,3.277194411954645965e-28,2.573396894375062653e-07,4.548342903364657609e-36,9.999986083421378291e-01
1.534311956999379056e-13,1.534311956999379163e+02,4.136800261081591057e-28,3.248397136795997397e-07,4.548342923082456064e-36,9.999986126772927308e-01
1.534788599379457996e-13,1.534788599379457992e+02,4.519875912222475914e-28,3.549204951968819560e-07,4.548342944626160413e-36,9.999986174138911776e-01
1.535265241759536936e-13,1.535265241759536821e+02,5.581596794174438133e-28,4.382914789365596220e-07,4.548342971230490828e-36,9.999986232631189464e-01
1.535741884139615876e-13,1.535741884139615934e+02,4.311723329763047850e-28,3.385754408020847541e-07,4.548342991782049547e-36,9.999986277815843261e-01
1.536218526519694816e-13,1.536218526519694763e+02,4.355575310149286920e-28,3.420188907764436417e-07,4.548343012542625149e-36,9.999986323460042792e-01
1.536695168899773756e-13,1.536695168899773876e+02,5.236828852592387591e-28,4.112187869134410607e-07,4.548343037503640928e-36,9.999986378339328352e-01
1.537171811279852696e-13,1.537171811279852705e+02,3.415557071019313764e-28,2.682045327264987906e-07,4.548343053783679298e-36,9.999986414132617796e-01
1.537648453659931636e-13,1.537648453659931533e+02,4.207053370627976453e-28,3.303562961950395124e-07,4.548343073836335080e-36,9.999986458220384566e-01
1.538125096040010575e-13,1.538125096040010646e+02,2.575525892364634440e-28,2.022415975267272920e-07,4.548343086112416895e-36,9.999986485210575760e-01
1.538601738420089515e-13,1.538601738420089475e+02,3.047289172997093218e-28,2.392865209780541705e-07,4.548343100637129738e-36,9.999986517144607845e-01
1.539078380800168455e-13,1.539078380800168588e+02,2.879860138470490208e-28,2.261392583101066438e-07,4.548343114363801811e-36,9.999986547324066777e-01
1.539555023180247395e-13,1.539555023180247417e+02,3.613325520701091948e-28,2.837341794377205600e-07,4.548343131586490886e-36,9.999986585189869492e-01
1.540031665560326335e-13,1.540031665560326246e+02,4.918313743564765558e-28,3.862075825310212390e-07,4.548343155029324858e-36,9.999986636731280631e-01
1.540508307940405275e-13,1.540508307940405359e+02,4.905972865963618247e-28,3.852385226553908026e-07,4.548343178413335956e-36,9.999986688143364111e-01
1.540984950320484215e-13,1.540984950320484188e+02,4.889025163935496668e-28,3.839077147055521544e-07,4.548343201716567419e-36,9.999986739377845213e-01
1.541461592700563155e-13,1.541461592700563017e+02,3.995715300040531901e-28,3.137611032907354327e-07,4.548343220761892927e-36,9.999986781250895795e-01
1.541938235080642094e-13,1.541938235080642130e+02,4.815959715187819811e-28,3.781702949721513721e-07,4.548343243716862480e-36,9.999986831719688274e-01
1.542414877460721034e-13,1.542414877460720959e+02,3.724843845977161308e-28,2.924910878128992860e-07,4.548343261471096968e-36,9.999986870754146162e-01
1.542891519840799974e-13,1.542891519840800072e+02,3.294652244676787113e-28,2.587105550884971223e-07,4.548343277174849848e-36,9.999986905280414673e-01
1.543368162220878914e-13,1.543368162220878901e+02,3.691080849604594773e-28,2.898398691457059272e-07,4.548343294768154500e-36,9.999986943961052255e-01
1.543844804600957854e-13,1.543844804600957730e+02,2.239267672241858900e-28,1.758371261833283124e-07,4.548343305441483556e-36,9.999986967427432205e-01
1.544321446981036794e-13,1.544321446981036843e+02,3.163847897678867022e-28,2.484392236378115811e-07,4.548343320521765289e-36,9.999987000582937213e-01
1.544798089361115734e-13,1.544798089361115672e+02,3.369836216363289930e-28,2.646143305416424400e-07,4.548343336583878453e-36,9.999987035897097698e-01
1.545274731741194674e-13,1.545274731741194785e+02,4.599673930573244451e-28,3.611865858460074223e-07,4.548343358507935261e-36,9.999987084099325463e-01
1.545751374121273614e-13,1.545751374121273614e+02,4.783437499181924753e-28,3.756165078253629918e-07,4.548343381307889138e-36,9.999987134227300567e-01
1.546228016501352553e-13,1.546228016501352442e+02,3.824093756766240927e-28,3.002846264342251788e-07,4.548343399535192288e-36,9.999987174301847581e-01
1.546704658881431493e-13,1.546704658881431556e+02,4.069252120142097534e-28,3.195355371717793650e-07,4.548343418931026833e-36,9.999987216945526169e-01
1.547181301261510433e-13,1.547181301261510384e+02,4.733756691818997714e-28,3.717153527729976851e-07,4.548343441494180439e-36,9.999987266552873288e-01
1.547657943641589373e-13,1.547657943641589497e+02,3.225789415809006253e-28,2.533031435141397257e-07,4.548343456869703112e-36,9.999987300357494613e-01
1.548134586021668313e-13,1.548134586021668326e+02,2.540044725740431443e-28,1.994554605900092526e-07,4.548343468976666408e-36,9.999987326975863233e-01
1.548611228401747253e-13,1.548611228401747155e+02,3.238924498770970250e-28,2.543345678806153403e-07,4.548343484414796590e-36,9.999987360918133339e-01
1.549087870781826193e-13,1.549087870781826268e+02,1.912873102329262588e-28,1.502071919478129746e-07,4.548343493532386150e-36,9.999987380964064920e-01
1.549564513161905133e-13,1.549564513161905097e+02,2.812003126516165582e-28,2.208108278945098443e-07,4.548343506935622289e-36,9.999987410432418233e-01
1.550041155541984073e-13,1.550041155541984210e+02,2.430837757138869814e-28,1.908800500858837099e-07,4.548343518522057976e-36,9.999987435906353417e-01
1.550517797922063012e-13,1.550517797922063039e+02,4.164299651792524204e-28,3.269990865381209542e-07,4.548343538370930817e-36,9.999987479546083025e-01
1.550994440302141952e-13,1.550994440302141868e+02,4.934573888602740893e-28,3.874844004881792327e-07,4.548343561891266947e-36,9.999987531257891193e-01
1.551471082682220892e-13,1.551471082682220981e+02,3.213429760390901167e-28,2.523326091219024653e-07,4.548343577207877878e-36,9.999987564932989459e-01
1.551947725062299832e-13,1.551947725062299810e+02,4.060640805878256106e-28,3.188593389791356418e-07,4.548343596562667444e-36,9.999987607486426899e-01
1.552424367442378772e-13,1.552424367442378639e+02,4.371899973840399228e-28,3.433007750214302140e-07,4.548343617401053908e-36,9.999987653301700696e-01
1.552901009822457712e-13,1.552901009822457752e+02,3.087612127501485726e-28,2.424528563506248823e-07,4.548343632117963257e-36,9.999987685658295877e-01
1.553377652202536652e-13,1.553377652202536581e+02,2.609185370002690161e-28,2.048846874485240369e-07,4.548343644554481114e-36,9.999987713001221579e-01
1.553854294582615592e-13,1.553854294582615694e+02,3.245629383131111363e-28,2.548610648295479527e-07,4.548343660024569544e-36,9.999987747013756589e-01
1.554330936962694532e-13,1.554330936962694523e+02,2.243462347660734299e-28,1.761665105084226471e-07,4.548343670717892216e-36,9.999987770524093600e-01
1.554807579342773471e-13,1.554807579342773352e+02,2.576513172202375947e-28,2.023191230729400944e-07,4.548343682998680101e-36,9.999987797524633182e-01
1.555284221722852411e-13,1.555284221722852465e+02,3.115744908422879226e-28,2.446619657885379135e-07,4.548343697849682723e-36,9.999987830176044756e-01
1.555760864102931351e-13,1.555760864102931293e+02,4.238727695975855030e-28,3.328435032458119883e-07,4.548343718053311624e-36,9.999987874595740456e-01
1.556237506483010291e-13,1.556237506483010407e+02,5.288218922780958302e-28,4.152541607851457740e-07,4.548343743259274929e-36,9.999987930013568560e-01
1.556714148863089231e-13,1.556714148863089235e+02,3.328298722287718220e-28,2.613526241911045398e-07,4.548343759123401711e-36,9.999987964892435022e-01
1.557190791243168171e-13,1.557190791243168064e+02,4.067913598830748405e-28,3.194304306033952693e-07,4.548343778512856366e-36,9.999988007522087052e-01
1.557667433623247111e-13,1.557667433623247177e+02,4.633077259528696669e-28,3.638095618489622987e-07,4.548343800596128432e-36,9.999988056074365916e-01
1.558144076003326051e-13,1.558144076003326006e+02,3.270769991142656243e-28,2.568352157173807596e-07,4.548343816186047595e-36,9.999988090350360181e-01
1.558620718383404991e-13,1.558620718383405119e+02,3.211088311061012385e-28,2.521487482434665472e-07,4.548343831491498396e-36,9.999988124000922518e-01
1.559097360763483930e-13,1.559097360763483948e+02,3.154093543993031769e-28,2.476732689727420497e-07,4.548343846525287388e-36,9.999988157054209292e-01
1.559574003143562870e-13,1.559574003143562777e+02,2.317279390569208275e-28,1.819629487142145775e-07,4.548343857570454143e-36,9.999988181338110849e-01
1.560050645523641810e-13,1.560050645523641890e+02,2.857853499960949457e-28,2.244112004631414635e-07,4.548343871192232897e-36,9.999988211286952033e-01
1.560527287903720750e-13,1.560527287903720719e+02,2.884431092452250264e-28,2.264981896795147036e-07,4.548343884940692681e-36,9.999988241514313758e-01
1.561003930283799690e-13,1.561003930283799832e+02,3.465954805804038951e-28,2.721619840667503986e-07,4.548343901460948453e-36,9.999988277835746286e-01
1.561480572663878630e-13,1.561480572663878661e+02,4.986197477797068557e-28,3.915381112971739400e-07,4.548343925227345316e-36,9.999988330088542821e-01
1.561957215043957570e-13,1.561957215043957490e+02,3.348878487449711077e-28,2.629686376800099190e-07,4.548343941189564567e-36,9.999988365183075656e-01
1.562433857424036510e-13,1.562433857424036603e+02,3.394480656672912048e-28,2.665495201637487473e-07,4.548343957369143067e-36,9.999988400755495110e-01
1.562910499804115450e-13,1.562910499804115432e+02,4.451416806419287228e-28,3.495447857295713798e-07,4.548343978586541599e-36,9.999988447404064562e-01
1.563387142184194389e-13,1.563387142184194261e+02,2.733819518941279646e-28,2.146715078654533892e-07,4.548343991617120837e-36,9.999988476053094377e-01
1.563863784564273329e-13,1.563863784564273374e+02,2.608972795485078420e-28,2.048679951643723950e-07,4.548344004052625716e-36,9.999988503393792971e-01
1.564340426944352269e-13,1.564340426944352203e+02,2.911699130828613894e-28,2.286393957372774259e-07,4.548344017931056702e-36,9.999988533906909449e-01
1.564817069324431209e-13,1.564817069324431316e+02,1.996848101617542466e-28,1.568012774736916891e-07,4.548344027448907477e-36,9.999988554832854870e-01
1.565293711704510149e-13,1.565293711704510145e+02,2.634775441915006413e-28,2.068941322146254189e-07,4.548344040007398956e-36,9.999988582443952723e-01
1.565770354084589089e-13,1.565770354084588973e+02,2.553129253041355275e-28,2.004829151040818389e-07,4.548344052176729212e-36,9.999988609199440548e-01
1.566246996464668029e-13,1.566246996464668086e+02,3.228504254806863111e-28,2.535163245881806472e-07,4.548344067565192076e-36,9.999988643032513558e-01
1.566723638844746969e-13,1.566723638844746915e+02,5.265090911561298084e-28,4.134380478310703313e-07,4.548344092660917201e-36,9.999988698207971094e-01
1.567200281224825908e-13,1.567200281224826028e+02,3.567666777285774603e-28,2.801488545001021777e-07,4.548344109665976408e-36,9.999988735595292111e-01
1.567676923604904848e-13,1.567676923604904857e+02,2.990736406851349473e-28,2.348457495597673084e-07,4.548344123921134248e-36,9.999988766936679374e-01
1.568153565984983788e-13,1.568153565984983686e+02,4.530849861045594384e-28,3.557822178251589787e-07,4.548344145517145270e-36,9.999988814417666294e-01
1.568630208365062728e-13,1.568630208365062799e+02,2.626811721594965192e-28,2.062687859408581978e-07,4.548344158037678145e-36,9.999988841945308682e-01
1.569106850745141668e-13,1.569106850745141628e+02,3.313305598411906638e-28,2.601752982967892616e-07,4.548344173830341212e-36,9.999988876667055271e-01
1.569583493125220608e-13,1.569583493125220741e+02,3.183873717240605501e-28,2.500117388868156014e-07,4.548344189006075392e-36,9.999988910032422407e-01
1.570060135505299548e-13,1.570060135505299570e+02,1.812257586838990894e-28,1.423064200514585407e-07,4.548344197644087439e-36,9.999988929023955198e-01
1.570536777885378488e-13,1.570536777885378399e+02,2.924119934522453275e-28,2.296147317605164051e-07,4.548344211581720831e-36,9.999988959667233113e-01
1.571013420265457428e-13,1.571013420265457512e+02,2.837670957849986468e-28,2.228263786716881880e-07,4.548344225107301438e-36,9.999988989404573481e-01
1.571490062645536367e-13,1.571490062645536341e+02,3.535457765637085519e-28,2.776196615341533313e-07,4.548344241958839046e-36,9.999989026454361163e-01
1.571966705025615307e-13,1.571966705025615170e+02,4.783663795950390253e-28,3.756342776408811548e-07,4.548344264759871383e-36,9.999989076584707703e-01
1.572443347405694247e-13,1.572443347405694283e+02,3.682106738287479399e-28,2.891351825360559707e-07,4.548344282310401776e-36,9.999989115171301624e-01
1.572919989785773187e-13,1.572919989785773112e+02,2.996791049114016845e-28,2.353211866451737526e-07,4.548344296594418125e-36,9.999989146576138133e-01
1.573396632165852127e-13,1.573396632165852225e+02,4.607068057112233146e-28,3.617672051160342116e-07,4.548344318553718677e-36,9.999989194855852803e-01
1.573873274545931067e-13,1.573873274545931054e+02,2.892557553852592205e-28,2.271363150972077321e-07,4.548344332340912835e-36,9.999989225168376406e-01
1.574349916926010007e-13,1.574349916926009882e+02,2.765659474264375525e-28,2.171717209088603942e-07,4.548344345523254993e-36,9.999989254151072648e-01
1.574826559306088947e-13,1.574826559306088996e+02,3.002634079824044671e-28,2.357800070626648043e-07,4.548344359835121550e-36,9.999989285617140178e-01
1.575303201686167887e-13,1.575303201686167824e+02,1.841747065035583677e-28,1.446220633142148125e-07,4.548344368613692957e-36,9.999989304917705768e-01
1.575779844066246826e-13,1.575779844066246937e+02,2.633780699098730405e-28,2.068160206425817033e-07,4.548344381167443620e-36,9.999989332518380847e-01
1.576256486446325766e-13,1.576256486446325766e+02,2.231396396559148267e-28,1.752190390682408766e-07,4.548344391803254409e-36,9.999989355902272337e-01
1.576733128826404706e-13,1.576733128826404595e+02,3.499730320721244003e-28,2.748141857450149733e-07,4.548344408484498817e-36,9.999989392577653957e-01
1.577209771206483646e-13,1.577209771206483708e+02,4.740093001336031720e-28,3.722129076075065676e-07,4.548344431077853996e-36,9.999989442251401295e-01
1.577686413586562586e-13,1.577686413586562537e+02,3.802845212431059602e-28,2.986160974692458632e-07,4.548344449203877405e-36,9.999989482103274208e-01
1.578163055966641526e-13,1.578163055966641650e+02,3.126586690303564122e-28,2.455133100883899749e-07,4.548344464106555928e-36,9.999989514868301566e-01
1.578639698346720466e-13,1.578639698346720479e+02,4.318223343325354771e-28,3.390858503967556670e-07,4.548344484689096668e-36,9.999989560121073096e-01
1.579116340726799406e-13,1.579116340726799308e+02,3.052219794395967590e-28,2.396736950117006862e-07,4.548344499237310463e-36,9.999989592106773850e-01
1.579592983106878346e-13,1.579592983106878421e+02,2.207011956792018425e-28,1.733042658299214355e-07,4.548344509756894074e-36,9.999989615235128637e-01
1.580069625486957285e-13,1.580069625486957250e+02,3.436192688149693850e-28,2.698249319571065301e-07,4.548344526135290854e-36,9.999989651244669542e-01
1.580546267867036225e-13,1.580546267867036363e+02,1.856469475383587329e-28,1.457781315941149664e-07,4.548344534984035699e-36,9.999989670699518385e-01
1.581022910247115165e-13,1.581022910247115192e+02,2.506886712111645548e-28,1.968517478232384188e-07,4.548344546932953740e-36,9.999989696970408293e-01
1.581499552627194105e-13,1.581499552627194021e+02,2.766781328456981090e-28,2.172598138240887946e-07,4.548344560120643432e-36,9.999989725964860687e-01
1.581976195007273045e-13,1.581976195007273134e+02,3.553224228632814721e-28,2.790147621888614780e-07,4.548344577056863580e-36,9.999989763200832771e-01
1.582452837387351985e-13,1.582452837387351963e+02,5.063928973317509589e-28,3.976419295033121805e-07,4.548344601193762429e-36,9.999989816268214371e-01
1.582929479767430925e-13,1.582929479767430792e+02,3.660241655628851111e-28,2.874182402758191635e-07,4.548344618640074376e-36,9.999989854625673802e-01
1.583406122147509865e-13,1.583406122147509905e+02,3.157200309734571429e-28,2.479172258549357163e-07,4.548344633688671152e-36,9.999989887711516756e-01
1.583882764527588805e-13,1.583882764527588733e+02,4.586371050964875716e-28,3.601419853503656975e-07,4.548344655549320627e-36,9.999989935774337146e-01
1.584359406907667744e-13,1.584359406907667847e+02,3.460284386565276832e-28,2.717167178596066778e-07,4.548344672042548734e-36,9.999989972036346098e-01
1.584836049287746684e-13,1.584836049287746675e+02,2.111514239017091239e-28,1.658053658731341040e-07,4.548344682106949155e-36,9.999989994163935858e-01
1.585312691667825624e-13,1.585312691667825504e+02,3.448860492358900894e-28,2.708196635449429687e-07,4.548344698545725695e-36,9.999990030306228350e-01
1.585789334047904564e-13,1.585789334047904617e+02,1.846661436400552282e-28,1.450079613238746292e-07,4.548344707347721212e-36,9.999990049658293856e-01
1.586265976427983504e-13,1.586265976427983446e+02,2.575994134082363587e-28,2.022783659216026644e-07,4.548344719626035453e-36,9.999990076653394455e-01
1.586742618808062444e-13,1.586742618808062559e+02,2.474281921859384887e-28,1.942914765841917767e-07,4.548344731419544922e-36,9.999990102582602125e-01
1.587219261188141384e-13,1.587219261188141388e+02,3.117599819700567182e-28,2.448076215636097202e-07,4.548344746279389049e-36,9.999990135253453705e-01
1.587695903568220324e-13,1.587695903568220217e+02,4.867647341552798350e-28,3.822290342608565994e-07,4.548344769480724030e-36,9.999990186263905123e-01
1.588172545948299264e-13,1.588172545948299330e+02,3.159683314915372673e-28,2.481122023201000076e-07,4.548344784541155809e-36,9.999990219375768374e-01
1.588649188328378203e-13,1.588649188328378159e+02,3.201831569524558184e-28,2.514218682684779558e-07,4.548344799802485278e-36,9.999990252929326084e-01
1.589125830708457143e-13,1.589125830708457272e+02,4.257252734628429755e-28,3.342981705906241641e-07,4.548344820094412971e-36,9.999990297543155382e-01
1.589602473088536083e-13,1.589602473088536101e+02,2.745759321631508314e-28,2.156090735786867242e-07,4.548344833181902050e-36,9.999990326317306222e-01
1.590079115468615023e-13,1.590079115468614930e+02,2.157233408484413734e-28,1.693954357295770115e-07,4.548344843464219661e-36,9.999990348924008288e-01
1.590555757848693963e-13,1.590555757848694043e+02,3.088213258385377592e-28,2.425000597861024361e-07,4.548344858183994213e-36,9.999990381286902874e-01
1.591032400228772903e-13,1.591032400228772872e+02,1.964764395785860077e-28,1.542819240704845169e-07,4.548344867548920083e-36,9.999990401876628354e-01
1.591509042608851843e-13,1.591509042608851701e+02,2.208353366998284135e-28,1.734095992470142795e-07,4.548344878074897616e-36,9.999990425019040785e-01
1.591985684988930783e-13,1.591985684988930814e+02,2.324004497193765454e-28,1.824910336041083747e-07,4.548344889152118838e-36,9.999990449373418189e-01
1.592462327369009722e-13,1.592462327369009643e+02,2.760941186641869846e-28,2.168012202553064912e-07,4.548344902311971686e-36,9.999990478306668429e-01
1.592938969749088662e-13,1.592938969749088756e+02,5.085563907347783603e-28,3.993407994830857740e-07,4.548344926551992479e-36,9.999990531600774224e-01
1.593415612129167602e-13,1.593415612129167584e+02,3.412904102520920346e-28,2.679962099956368081e-07,4.548344942819385331e-36,9.999990567366262573e-01
1.593892254509246542e-13,1.593892254509246413e+02,2.700343726871669857e-28,2.120428417407208566e-07,4.548344955690404525e-36,9.999990595664483006e-01
1.594368896889325482e-13,1.594368896889325526e+02,4.236692469507123819e-28,3.326836883305027496e-07,4.548344975884332626e-36,9.999990640062851321e-01
1.594845539269404422e-13,1.594845539269404355e+02,2.899603087071646811e-28,2.276895612897129206e-07,4.548344989705108736e-36,9.999990670449206975e-01
1.595322181649483362e-13,1.595322181649483468e+02,2.787077259693419879e-28,2.188535394273602074e-07,4.548345002989537143e-36,9.999990699656350346e-01
1.595798824029562302e-13,1.595798824029562297e+02,2.948939152974528535e-28,2.315636457295015978e-07,4.548345017045470442e-36,9.999990730559722429e-01
1.596275466409641242e-13,1.596275466409641126e+02,2.321179880189078525e-28,1.822692322791352578e-07,4.548345028109228948e-36,9.999990754884501287e-01
1.596752108789720181e-13,1.596752108789720239e+02,2.264716910526991834e-28,1.778355120748784885e-07,4.548345038903859426e-36,9.999990778617573461e-01
1.597228751169799121e-13,1.597228751169799068e+02,2.790286821945741207e-28,2.191055683427732941e-07,4.548345052203586069e-36,9.999990807858351038e-01
1.597705393549878061e-13,1.597705393549878181e+02,2.471545416149653673e-28,1.940765941448353095e-07,4.548345063984052446e-36,9.999990833758882758e-01
1.598182035929957001e-13,1.598182035929957010e+02,4.656626086441205499e-28,3.656587190982779691e-07,4.548345086179567934e-36,9.999990882557939775e-01
1.598658678310035941e-13,1.598658678310035839e+02,3.813249808214368595e-28,2.994331119978415363e-07,4.548345104355183824e-36,9.999990922518846581e-01
1.599135320690114881e-13,1.599135320690114952e+02,1.995759228975234533e-28,1.567157744145547982e-07,4.548345113867844759e-36,9.999990943433382240e-01
1.599611963070193821e-13,1.599611963070193781e+02,4.291585324782048815e-28,3.369941162615579016e-07,4.548345134323416479e-36,9.999990988406999293e-01
1.600088605450272761e-13,1.600088605450272894e+02,2.805098908406780390e-28,2.202686783846739996e-07,4.548345147693744203e-36,9.999991017802999371e-01
1.600565247830351701e-13,1.600565247830351723e+02,2.468346687253269523e-28,1.938254159120800220e-07,4.548345159458963793e-36,9.999991043670010127e-01
1.601041890210430640e-13,1.601041890210430552e+02,2.906204211956034062e-28,2.282079105891898635e-07,4.548345173311203021e-36,9.999991074125541557e-01
1.601518532590509580e-13,1.601518532590509665e+02,1.663283053780749427e-28,1.306082858390180589e-07,4.548345181239137659e-36,9.999991091555897604e-01
1.601995174970588520e-13,1.601995174970588494e+02,2.215440548452386115e-28,1.739661158417371428e-07,4.548345191798895596e-36,9.999991114772579515e-01
1.602471817350667460e-13,1.602471817350667322e+02,2.030686811111047724e-28,1.594584414674600226e-07,4.548345201478037031e-36,9.999991136053139051e-01
1.602948459730746400e-13,1.602948459730746436e+02,2.511852240990761939e-28,1.972416629454488899e-07,4.548345213450622404e-36,9.999991162376062892e-01
1.603425102110825340e-13,1.603425102110825264e+02,4.485457618186331622e-28,3.522178196809221527e-07,4.548345234830274459e-36,9.999991209381363655e-01
1.603901744490904280e-13,1.603901744490904377e+02,3.619530626240664574e-28,2.842214315600407043e-07,4.548345252082539679e-36,9.999991247312191023e-01
1.604378386870983220e-13,1.604378386870983206e+02,2.012365921032578047e-28,1.580198047647323262e-07,4.548345261674355877e-36,9.999991268400756361e-01
1.604855029251062160e-13,1.604855029251062035e+02,4.094196283299314916e-28,3.214942623474176614e-07,4.548345281189085019e-36,9.999991311305838071e-01
1.605331671631141099e-13,1.605331671631141148e+02,2.723671553323060251e-28,2.138746450638176960e-07,4.548345294171294566e-36,9.999991339848521843e-01
1.605808314011220039e-13,1.605808314011219977e+02,2.299089222985713881e-28,1.805345769155574814e-07,4.548345305129758838e-36,9.999991363941800326e-01
1.606284956391298979e-13,1.606284956391299090e+02,3.131037995887529121e-28,2.458628461404442631e-07,4.548345320053654436e-36,9.999991396753474815e-01
1.606761598771377919e-13,1.606761598771377919e+02,1.480877145412240601e-28,1.162849733007419795e-07,4.548345327112162768e-36,9.999991412272309921e-01
1.607238241151456859e-13,1.607238241151456748e+02,2.312413047082227827e-28,1.815808220643376111e-07,4.548345338134133934e-36,9.999991436505214493e-01
1.607714883531535799e-13,1.607714883531535861e+02,2.019985140633817000e-28,1.586180993299819735e-07,4.548345347762266322e-36,9.999991457673624851e-01
1.608191525911614739e-13,1.608191525911614690e+02,3.076822104988056238e-28,2.416055764234711013e-07,4.548345362427745664e-36,9.999991489917146037e-01
1.608668168291693679e-13,1.608668168291693803e+02,4.125407422495568363e-28,3.239450979885550412e-07,4.548345382091240890e-36,9.999991533149303891e-01
1.609144810671772619e-13,1.609144810671772632e+02,3.462133279311888579e-28,2.718619010332020117e-07,4.548345398593281771e-36,9.999991569430688454e-01
1.609621453051851558e-13,1.609621453051851461e+02,2.691415356390733680e-28,2.113417469022926811e-07,4.548345411421743868e-36,9.999991597635343732e-01
1.610098095431930498e-13,1.610098095431930574e+02,3.809078725437311939e-28,2.991055802705352726e-07,4.548345429577478397e-36,9.999991637552538837e-01
1.610574737812009438e-13,1.610574737812009403e+02,3.158110793115780495e-28,2.479887210063077535e-07,4.548345444630415075e-36,9.999991670647923048e-01
1.611051380192088378e-13,1.611051380192088516e+02,1.791705747661191652e-28,1.406925994334043152e-07,4.548345453170467623e-36,9.999991689424081454e-01
1.611528022572167318e-13,1.611528022572167345e+02,3.059608383886366172e-28,2.402538794883690612e-07,4.548345467753899102e-36,9.999991721487212493e-01
1.612004664952246258e-13,1.612004664952246173e+02,1.648814505073540317e-28,1.294721518893986779e-07,4.548345475612869728e-36,9.999991738765944271e-01
1.612481307332325198e-13,1.612481307332325287e+02,1.968109615728639181e-28,1.545446054231789657e-07,4.548345484993740644e-36,9.999991759390726154e-01
1.612957949712404138e-13,1.612957949712404115e+02,1.910855811083138482e-28,1.500487853849039044e-07,4.548345494101714933e-36,9.999991779415516868e-01
1.613434592092483078e-13,1.613434592092482944e+02,2.562547772693138003e-28,2.012224986067600412e-07,4.548345506315937613e-36,9.999991806269704631e-01
1.613911234472562017e-13,1.613911234472562057e+02,4.016290250377663790e-28,3.153767386984595912e-07,4.548345525459332872e-36,9.999991848358371627e-01
1.614387876852640957e-13,1.614387876852640886e+02,3.159232165825899963e-28,2.480767761134180689e-07,4.548345540517614411e-36,9.999991881465506438e-01
1.614864519232719897e-13,1.614864519232719999e+02,2.562073993926818743e-28,2.011852954185262544e-07,4.548345552729579273e-36,9.999991908314731504e-01
1.615341161612798837e-13,1.615341161612798828e+02,3.476695235621400469e-28,2.730053697577373744e-07,4.548345569301028512e-36,9.999991944748717332e-01
1.615817803992877777e-13,1.615817803992877657e+02,2.855344253984655937e-28,2.242141634555394352e-07,4.548345582910847312e-36,9.999991974671262884e-01
1.616294446372956717e-13,1.616294446372956770e+02,1.446511332967080861e-28,1.135864188696576503e-07,4.548345589805553255e-36,9.999991989829962735e-01
1.616771088753035657e-13,1.616771088753035599e+02,2.924710472791651011e-28,2.296611034173952153e-07,4.548345603746001736e-36,9.999992020479430144e-01
1.617247731133114597e-13,1.617247731133114712e+02,1.859009897350855617e-28,1.459776166773655199e-07,4.548345612606855541e-36,9.999992039960902135e-01
1.617724373513193536e-13,1.617724373513193541e+02,1.730395453070325338e-28,1.358782459999364591e-07,4.548345620854676682e-36,9.999992058094561154e-01
1.618201015893272476e-13,1.618201015893272370e+02,1.996270322634226296e-28,1.567559077319431771e-07,4.548345630369773841e-36,9.999992079014452528e-01
1.618677658273351416e-13,1.618677658273351483e+02,2.238346596245955704e-28,1.757647992533575582e-07,4.548345641038712213e-36,9.999992102471179090e-01
1.619154300653430356e-13,1.619154300653430312e+02,4.376005574999346718e-28,3.436231648446716231e-07,4.548345661896667993e-36,9.999992148329477359e-01
1.619630943033509296e-13,1.619630943033509425e+02,2.966659634392835492e-28,2.329551357089289605e-07,4.548345676037064666e-36,9.999992179418552007e-01
1.620107585413588236e-13,1.620107585413588254e+02,2.514044190008717662e-28,1.974137844032073573e-07,4.548345688020098544e-36,9.999992205764448583e-01
1.620584227793667176e-13,1.620584227793667083e+02,3.646408423062046741e-28,2.863319941380640715e-07,4.548345705400474722e-36,9.999992243976940642e-01
1.621060870173746116e-13,1.621060870173746196e+02,2.598783181631811652e-28,2.040678619605189741e-07,4.548345717787412126e-36,9.999992271210860206e-01
1.621537512553825056e-13,1.621537512553825024e+02,2.337151617217881872e-28,1.835234031735370673e-07,4.548345728927298321e-36,9.999992295703011846e-01
1.622014154933903995e-13,1.622014154933904138e+02,2.603078005407795188e-28,2.044051103741830364e-07,4.548345741334705761e-36,9.999992322981936521e-01
1.622490797313982935e-13,1.622490797313982966e+02,2.251189900821345035e-28,1.767733119002501287e-07,4.548345752064861136e-36,9.999992346573254309e-01
1.622967439694061875e-13,1.622967439694061795e+02,1.743255248420863484e-28,1.368880535748747844e-07,4.548345760373977458e-36,9.999992364841676640e-01
1.623444082074140815e-13,1.623444082074140908e+02,2.335799132914435935e-28,1.834172001697273947e-07,4.548345771507417613e-36,9.999992389319656283e-01
1.623920724454219755e-13,1.623920724454219737e+02,1.914241957037235815e-28,1.503146804276388608e-07,4.548345780631531391e-36,9.999992409379931946e-01
1.624397366834298695e-13,1.624397366834298566e+02,4.079359881972727844e-28,3.203292429955517178e-07,4.548345800075544525e-36,9.999992452129536913e-01
1.624874009214377635e-13,1.624874009214377679e+02,3.161194688439230556e-28,2.482308820028905693e-07,4.548345815143180073e-36,9.999992485257237496e-01
1.625350651594456575e-13,1.625350651594456508e+02,1.892768440010425757e-28,1.486284856194662284e-07,4.548345824164941663e-36,9.999992505092482054e-01
1.625827293974535515e-13,1.625827293974535621e+02,3.620215775818380333e-28,2.842752325121308013e-07,4.548345841420473002e-36,9.999992543030490344e-01
1.626303936354614454e-13,1.626303936354614450e+02,2.256966727689534549e-28,1.772269337014991852e-07,4.548345852178163198e-36,9.999992566682346373e-01
1.626780578734693394e-13,1.626780578734693279e+02,2.300700744866679901e-28,1.806611206869177442e-07,4.548345863144308328e-36,9.999992590792511349e-01
1.627257221114772334e-13,1.627257221114772392e+02,2.297788738790766400e-28,1.804324571885051714e-07,4.548345874096574459e-36,9.999992614872162955e-01
1.627733863494851274e-13,1.627733863494851221e+02,1.681658351380148044e-28,1.320511948590937548e-07,4.548345882112092923e-36,9.999992632495080525e-01
1.628210505874930214e-13,1.628210505874930334e+02,1.745786883332760506e-28,1.370868486599695786e-07,4.548345890433276778e-36,9.999992650790033855e-01
1.628687148255009154e-13,1.628687148255009163e+02,1.803331262658620629e-28,1.416054858975323523e-07,4.548345899028741752e-36,9.999992669688022584e-01
1.629163790635088094e-13,1.629163790635087992e+02,1.962138871789174178e-28,1.540757564023556031e-07,4.548345908381153737e-36,9.999992690250233407e-01
1.629640433015167034e-13,1.629640433015167105e+02,3.866401141337081434e-28,3.036067879656430189e-07,4.548345926810111639e-36,9.999992730768137994e-01
1.630117075395245974e-13,1.630117075395245934e+02,3.383931856885017060e-28,2.657211821037749556e-07,4.548345942939410089e-36,9.999992766230011432e-01
1.630593717775324913e-13,1.630593717775325047e+02,1.533353560460067237e-28,1.204056517389634323e-07,4.548345950248043761e-36,9.999992782298772198e-01
1.631070360155403853e-13,1.631070360155403876e+02,3.484059269505008114e-28,2.735836260203814290e-07,4.548345966854593082e-36,9.999992818809929629e-01
1.631547002535482793e-13,1.631547002535482704e+02,2.363225338287482367e-28,1.855708261942937859e-07,4.548345978118758159e-36,9.999992843575321588e-01
1.632023644915561733e-13,1.632023644915561817e+02,2.124591784821966667e-28,1.668322721694939152e-07,4.548345988245491463e-36,9.999992865839956169e-01
1.632500287295640673e-13,1.632500287295640646e+02,2.610446131892534656e-28,2.049836880058311444e-07,4.548346000688019032e-36,9.999992893196095745e-01
1.632976929675719613e-13,1.632976929675719475e+02,1.319578345898622163e-28,1.036190835927463438e-07,4.548346006977706595e-36,9.999992907024601863e-01
1.633453572055798553e-13,1.633453572055798588e+02,1.936043363637077801e-28,1.520266225642537976e-07,4.548346016205735461e-36,9.999992927313344770e-01
1.633930214435877493e-13,1.633930214435877417e+02,1.758342983605193090e-28,1.380728087644013495e-07,4.548346024586766527e-36,9.999992945739878403e-01
1.634406856815956433e-13,1.634406856815956530e+02,2.485132370424819526e-28,1.951435014301700829e-07,4.548346036431993993e-36,9.999992971782794005e-01
1.634883499196035372e-13,1.634883499196035359e+02,3.539173606723537642e-28,2.779114456857735235e-07,4.548346053301242675e-36,9.999993008871521649e-01
1.635360141576114312e-13,1.635360141576114188e+02,3.152909578559719716e-28,2.475802988102757075e-07,4.548346068329388124e-36,9.999993041912400571e-01
1.635836783956193252e-13,1.635836783956193301e+02,2.164885609635950319e-28,1.699963201509181417e-07,4.548346078648179619e-36,9.999993064599294046e-01
1.636313426336272192e-13,1.636313426336272130e+02,3.243621841905330718e-28,2.547034238810308383e-07,4.548346094108698883e-36,9.999993098590789220e-01
1.636790068716351132e-13,1.636790068716351243e+02,2.607047347023177281e-28,2.047168004999954310e-07,4.548346106535026825e-36,9.999993125911311731e-01
1.637266711096430072e-13,1.637266711096430072e+02,1.623777897278992348e-28,1.275061675550805698e-07,4.548346114274661847e-36,9.999993142927672274e-01
1.637743353476509012e-13,1.637743353476508901e+02,2.674735358624881927e-28,2.100319602661307886e-07,4.548346127023619885e-36,9.999993170957529598e-01
1.638219995856587952e-13,1.638219995856588014e+02,1.302318041366402231e-28,1.022637287222157878e-07,4.548346133231037078e-36,9.999993184605157071e-01
1.638696638236666892e-13,1.638696638236666843e+02,1.845579906366157325e-28,1.449230348385391103e-07,4.548346142027877500e-36,9.999993203945888309e-01
1.639173280616745831e-13,1.639173280616745956e+02,1.283956104905992800e-28,1.008218688774180295e-07,4.548346148147773675e-36,9.999993217401091927e-01
1.639649922996824771e-13,1.639649922996824785e+02,2.232766695714579785e-28,1.753266409724211501e-07,4.548346158790116033e-36,9.999993240799344152e-01
1.640126565376903711e-13,1.640126565376903613e+02,3.568515630908763277e-28,2.802155102123544110e-07,4.548346175799221807e-36,9.999993278195561386e-01
1.640603207756982651e-13,1.640603207756982727e+02,2.515937379144050315e-28,1.975624459236700320e-07,4.548346187791278938e-36,9.999993304561296537e-01
1.641079850137061591e-13,1.641079850137061555e+02,2.007206956564672263e-28,1.576147002310656340e-07,4.548346197358505033e-36,9.999993325595798455e-01
1.641556492517140531e-13,1.641556492517140668e+02,3.073006597026982075e-28,2.413059659913992930e-07,4.548346212005797547e-36,9.999993357799333848e-01
1.642033134897219471e-13,1.642033134897219497e+02,2.358472143184734669e-28,1.851975844521758746e-07,4.548346223247306934e-36,9.999993382514915652e-01
1.642509777277298411e-13,1.642509777277298326e+02,1.363181881322035279e-28,1.070430245781533847e-07,4.548346229744828013e-36,9.999993396800364032e-01
1.642986419657377350e-13,1.642986419657377439e+02,2.567612005481904240e-28,2.016201643931858790e-07,4.548346241983189099e-36,9.999993423707622675e-01
1.643463062037456290e-13,1.643463062037456268e+02,1.459118229641796659e-28,1.145763677305514787e-07,4.548346248937984806e-36,9.999993438998435735e-01
1.643939704417535230e-13,1.643939704417535097e+02,1.715147986071233116e-28,1.346809479672223231e-07,4.548346257113129465e-36,9.999993456972308126e-01
1.644416346797614170e-13,1.644416346797614210e+02,1.433162231040046833e-28,1.125381887946760329e-07,4.548346263944207570e-36,9.999993471991115435e-01
1.644892989177693110e-13,1.644892989177693039e+02,2.223660417455030837e-28,1.746115760343462059e-07,4.548346274543144897e-36,9.999993495293937329e-01
1.645369631557772050e-13,1.645369631557772152e+02,3.817855188193884573e-28,2.997947466476954135e-07,4.548346292740712204e-36,9.999993535303106640e-01
1.645846273937850990e-13,1.645846273937850981e+02,2.348251473711114657e-28,1.843950126247034960e-07,4.548346303933505109e-36,9.999993559911579677e-01
1.646322916317929930e-13,1.646322916317929810e+02,2.012916014772943651e-28,1.580630005396887403e-07,4.548346313527942620e-36,9.999993581005908183e-01
1.646799558698008870e-13,1.646799558698008923e+02,3.187789373558787799e-28,2.503192134074571903e-07,4.548346328722340716e-36,9.999993614412310272e-01
1.647276201078087809e-13,1.647276201078087752e+02,2.381100616325069449e-28,1.869744714836979314e-07,4.548346340071706850e-36,9.999993639365024611e-01
1.647752843458166749e-13,1.647752843458166865e+02,1.815148166944273087e-28,1.425334010886145971e-07,4.548346348723496999e-36,9.999993658386849837e-01
1.648229485838245689e-13,1.648229485838245694e+02,2.438850347931249861e-28,1.915092338836404896e-07,4.548346360348123821e-36,9.999993683944752298e-01
1.648706128218324629e-13,1.648706128218324523e+02,1.586357680312655976e-28,1.245677678746485599e-07,4.548346367909397904e-36,9.999993700568968746e-01
1.649182770598403569e-13,1.649182770598403636e+02,1.770702879764541224e-28,1.390433620606976656e-07,4.548346376349342049e-36,9.999993719125028768e-01
1.649659412978482509e-13,1.649659412978482464e+02,1.635746588918386825e-28,1.284460017554013345e-07,4.548346384146025230e-36,9.999993736266815647e-01
1.650136055358561449e-13,1.650136055358561578e+02,1.993932123311118667e-28,1.565723020583046041e-07,4.548346393649977629e-36,9.999993757162203289e-01
1.650612697738640389e-13,1.650612697738640406e+02,3.696366082854479445e-28,2.902548888583505695e-07,4.548346411268474425e-36,9.999993795898228788e-01
1.651089340118719329e-13,1.651089340118719235e+02,2.398114281453786290e-28,1.883104591457195720e-07,4.548346422698935581e-36,9.999993821029238283e-01
1.651565982498798268e-13,1.651565982498798348e+02,1.617219142853381616e-28,1.269911453699985484e-07,4.548346430407308611e-36,9.999993837976866029e-01
1.652042624878877208e-13,1.652042624878877177e+02,3.127225617562614587e-28,2.455634814611402059e-07,4.548346445313033418e-36,9.999993870748591362e-01
1.652519267258956148e-13,1.652519267258956006e+02,1.969593785492032595e-28,1.546611489472955145e-07,4.548346454700978474e-36,9.999993891388925249e-01
1.652995909639035088e-13,1.652995909639035119e+02,1.753888789126311510e-28,1.377230458636383131e-07,4.548346463060779101e-36,9.999993909768781775e-01
1.653472552019114028e-13,1.653472552019113948e+02,2.132604375614346713e-28,1.674614559672506949e-07,4.548346473225703540e-36,9.999993932117383633e-01
1.653949194399192968e-13,1.653949194399193061e+02,1.377468790761364368e-28,1.081648954152105801e-07,4.548346479791321987e-36,9.999993946552551138e-01
1.654425836779271908e-13,1.654425836779271890e+02,1.644911487670618060e-28,1.291656698318578197e-07,4.548346487631689502e-36,9.999993963790382301e-01
1.654902479159350848e-13,1.654902479159350719e+02,1.473356990832516066e-28,1.156944577557962958e-07,4.548346494654352718e-36,9.999993979230409336e-01
1.655379121539429788e-13,1.655379121539429832e+02,1.960797943065394565e-28,1.539704607933808971e-07,4.548346504000373455e-36,9.999993999778569176e-01
1.655855763919508727e-13,1.655855763919508661e+02,3.626206862392882927e-28,2.847456789259449164e-07,4.548346521284460612e-36,9.999994037779360578e-01
1.656332406299587667e-13,1.656332406299587774e+02,2.537537164952839262e-28,1.992585559108206409e-07,4.548346533379471972e-36,9.999994064371450220e-01
1.656809048679666607e-13,1.656809048679666603e+02,1.604069976528699288e-28,1.259586151160678159e-07,4.548346541025170674e-36,9.999994081181282635e-01
1.657285691059745547e-13,1.657285691059745432e+02,3.077352217205248824e-28,2.416472031615253863e-07,4.548346555693176447e-36,9.999994113430358267e-01
1.657762333439824487e-13,1.657762333439824545e+02,2.104915040062648375e-28,1.652871678061296600e-07,4.548346565726121769e-36,9.999994135488790015e-01
1.658238975819903427e-13,1.658238975819903374e+02,2.068367871214227042e-28,1.624173236958855805e-07,4.548346575584867647e-36,9.999994157164228126e-01
1.658715618199982367e-13,1.658715618199982487e+02,2.270109995853762192e-28,1.782590008059828801e-07,4.548346586405204107e-36,9.999994180953818423e-01
1.659192260580061307e-13,1.659192260580061316e+02,1.404436985919511210e-28,1.102825564674117191e-07,4.548346593099364495e-36,9.999994195671598751e-01
1.659668902960140247e-13,1.659668902960140144e+02,1.802143565736041325e-28,1.415122227221505535e-07,4.548346601689168553e-36,9.999994214557140770e-01
1.660145545340219186e-13,1.660145545340219257e+02,1.678754410135876665e-28,1.318231646466597477e-07,4.548346609690846105e-36,9.999994232149627127e-01
1.660622187720298126e-13,1.660622187720298086e+02,2.048229866233228007e-28,1.608359991553587545e-07,4.548346619453604984e-36,9.999994253614027384e-01
1.661098830100377066e-13,1.661098830100377199e+02,3.399183536855862630e-28,2.669188109575226596e-07,4.548346635655599961e-36,9.999994289235731859e-01
1.661575472480456006e-13,1.661575472480456028e+02,2.694995419416106503e-28,2.116228691646019966e-07,4.548346648501126324e-36,9.999994317477903794e-01
1.662052114860534946e-13,1.662052114860534857e+02,1.743661860380372239e-28,1.369199825306303266e-07,4.548346656812181069e-36,9.999994335750588270e-01
1.662528757240613886e-13,1.662528757240613970e+02,3.059524365192542279e-28,2.402472819717564121e-07,4.548346671395211633e-36,9.999994367812836682e-01
1.663005399620692826e-13,1.663005399620692799e+02,2.195937378129305722e-28,1.724346413049565208e-07,4.548346681862009478e-36,9.999994390825137636e-01
1.663482042000771766e-13,1.663482042000771628e+02,1.836897453064995093e-28,1.442412504964426302e-07,4.548346690617465479e-36,9.999994410074881657e-01
1.663958684380850706e-13,1.663958684380850741e+02,2.259882826366579872e-28,1.774559185689158114e-07,4.548346701389055388e-36,9.999994433757297685e-01
1.664435326760929645e-13,1.664435326760929570e+02,1.131054600691145758e-28,8.881537165356006134e-08,4.548346706780155447e-36,9.999994445610169702e-01
1.664911969141008585e-13,1.664911969141008683e+02,1.709270408992827844e-28,1.342194148172559129e-07,4.548346714927285523e-36,9.999994463522449140e-01
1.665388611521087525e-13,1.665388611521087512e+02,1.165534644856131966e-28,9.152289606066926256e-08,4.548346720482733215e-36,9.999994475736655453e-01
1.665865253901166465e-13,1.665865253901166341e+02,2.016773411710308236e-28,1.583659002780373321e-07,4.548346730095557343e-36,9.999994496871409400e-01
1.666341896281245405e-13,1.666341896281245454e+02,3.160709835575731070e-28,2.481928092279399275e-07,4.548346745160882286e-36,9.999994529994030712e-01
1.666818538661324345e-13,1.666818538661324283e+02,2.429334087334789480e-28,1.907619753329831700e-07,4.548346756740150285e-36,9.999994555452207390e-01
1.667295181041403285e-13,1.667295181041403396e+02,1.624825121686252907e-28,1.275884002119997860e-07,4.548346764484777364e-36,9.999994572479543598e-01
1.667771823421482225e-13,1.667771823421482225e+02,2.845578344719154361e-28,2.234473013956349373e-07,4.548346778048047295e-36,9.999994602299746571e-01
1.668248465801561164e-13,1.668248465801561053e+02,2.103171591980491830e-28,1.651502646104034917e-07,4.548346788072682991e-36,9.999994624339909599e-01
1.668725108181640104e-13,1.668725108181640167e+02,1.463301951334113356e-28,1.149048919209584729e-07,4.548346795047419527e-36,9.999994639674564256e-01
1.669201750561719044e-13,1.669201750561718995e+02,2.305274347002113489e-28,1.810202600009754701e-07,4.548346806035365063e-36,9.999994663832659780e-01
1.669678392941797984e-13,1.669678392941798108e+02,1.243388075816177016e-28,9.763628917272231752e-08,4.548346811961896066e-36,9.999994676862730136e-01
1.670155035321876924e-13,1.670155035321876937e+02,1.535962473310982797e-28,1.206105150270171033e-07,4.548346819282964776e-36,9.999994692958831255e-01
1.670631677701955864e-13,1.670631677701955766e+02,1.279258761771632332e-28,1.004530128770025050e-07,4.548346825380471202e-36,9.999994706364807584e-01
1.671108320082034804e-13,1.671108320082034879e+02,2.135988475267878135e-28,1.677271903254836378e-07,4.548346835561526444e-36,9.999994728748874406e-01
1.671584962462113744e-13,1.671584962462113708e+02,3.273625663767696417e-28,2.570594556659728606e-07,4.548346851165057330e-36,9.999994763054794733e-01
1.672061604842192684e-13,1.672061604842192821e+02,2.282949689310505796e-28,1.792672298919895352e-07,4.548346862046593420e-36,9.999994786978938510e-01
1.672538247222271623e-13,1.672538247222271650e+02,1.649697905064906438e-28,1.295415203341262697e-07,4.548346869909774987e-36,9.999994804266928439e-01
1.673014889602350563e-13,1.673014889602350479e+02,2.894814984488657094e-28,2.273135784590310540e-07,4.548346883707728359e-36,9.999994834603107563e-01
1.673491531982429503e-13,1.673491531982429592e+02,2.210279537683914419e-28,1.735608506235684372e-07,4.548346894242887506e-36,9.999994857765706069e-01
1.673968174362508443e-13,1.673968174362508421e+02,1.564093207931810385e-28,1.228194637804280945e-07,4.548346901698039467e-36,9.999994874156602487e-01
1.674444816742587383e-13,1.674444816742587250e+02,2.298780351970882778e-28,1.805103230077810830e-07,4.548346912655031046e-36,9.999994898246642450e-01
1.674921459122666323e-13,1.674921459122666363e+02,1.320304421487656151e-28,1.036760982348769882e-07,4.548346918948179171e-36,9.999994912082756926e-01
1.675398101502745263e-13,1.675398101502745192e+02,1.607641252498700844e-28,1.262390473802213720e-07,4.548346926610900712e-36,9.999994928930016069e-01
1.675874743882824203e-13,1.675874743882824305e+02,1.264701018433873789e-28,9.930987497350068384e-08,4.548346932639018157e-36,9.999994942183434432e-01
1.676351386262903143e-13,1.676351386262903134e+02,2.012612440065459613e-28,1.580391625212117006e-07,4.548346942232009035e-36,9.999994963274582149e-01
1.676828028642982082e-13,1.676828028642981963e+02,3.210151586884311043e-28,2.520751925496567730e-07,4.548346957532994983e-36,9.999994996915327894e-01
1.677304671023061022e-13,1.677304671023061076e+02,2.113782503009093306e-28,1.659834799176151988e-07,4.548346967608206738e-36,9.999995019066687529e-01
1.677781313403139962e-13,1.677781313403139904e+02,1.708422036852325267e-28,1.341527969131218176e-07,4.548346975751292920e-36,9.999995036970075191e-01
1.678257955783218902e-13,1.678257955783219018e+02,2.898924918989979456e-28,2.276363085553355723e-07,4.548346989568836322e-36,9.999995067349324307e-01
1.678734598163297842e-13,1.678734598163297846e+02,1.995357552211208270e-28,1.566842329920100178e-07,4.548346999079582888e-36,9.999995088259651110e-01
1.679211240543376782e-13,1.679211240543376675e+02,1.425605724532621989e-28,1.119448187368120065e-07,4.548347005874642817e-36,9.999995103199268431e-01
1.679687882923455722e-13,1.679687882923455788e+02,2.107243007882926446e-28,1.654699700572581128e-07,4.548347015918684122e-36,9.999995125282096220e-01
1.680164525303534662e-13,1.680164525303534617e+02,1.414488293928646670e-28,1.110718292893340855e-07,4.548347022660753817e-36,9.999995140105210067e-01
1.680641167683613602e-13,1.680641167683613730e+02,1.413592375392642033e-28,1.110014778335352645e-07,4.548347029398553102e-36,9.999995154918934759e-01
1.681117810063692541e-13,1.681117810063692559e+02,1.280821653921502574e-28,1.005757380284322649e-07,4.548347035503509191e-36,9.999995168341290208e-01
1.681594452443771481e-13,1.681594452443771388e+02,1.841622240701063079e-28,1.446122615595912234e-07,4.548347044281485908e-36,9.999995187640547956e-01
1.682071094823850421e-13,1.682071094823850501e+02,3.311051297412001378e-28,2.599982806877337437e-07,4.548347060063403792e-36,9.999995222338671219e-01
1.682547737203929361e-13,1.682547737203929330e+02,2.289365924920231872e-28,1.797710608741069341e-07,4.548347070975522324e-36,9.999995246330053433e-01
1.683024379584008301e-13,1.683024379584008443e+02,1.352236580706839570e-28,1.061835515329047095e-07,4.548347077420873041e-36,9.999995260500800232e-01
1.683501021964087241e-13,1.683501021964087272e+02,2.908686013430620064e-28,2.284027925340588496e-07,4.548347091284942594e-36,9.999995290982341967e-01
1.683977664344166181e-13,1.683977664344166101e+02,1.965801147949048031e-28,1.543633344008345571e-07,4.548347100654810405e-36,9.999995311582932089e-01
1.684454306724245121e-13,1.684454306724245214e+02,1.529496404263945701e-28,1.201027709046738963e-07,4.548347107945058797e-36,9.999995327611270746e-01
1.684930949104324061e-13,1.684930949104324043e+02,2.221759524599920635e-28,1.744623095839935623e-07,4.548347118534936120e-36,9.999995350894174129e-01
1.685407591484403000e-13,1.685407591484402872e+02,1.281358627264122040e-28,1.006179035321698105e-07,4.548347124642451382e-36,9.999995364322156188e-01
1.685884233864481940e-13,1.685884233864481985e+02,1.388036127624974082e-28,1.089946890877321003e-07,4.548347131258438079e-36,9.999995378868064000e-01
1.686360876244560880e-13,1.686360876244560814e+02,1.421518419708146178e-28,1.116238656220592966e-07,4.548347138034016225e-36,9.999995393764848917e-01
1.686837518624639820e-13,1.686837518624639927e+02,1.818864128401346734e-28,1.428251946922643568e-07,4.548347146703518118e-36,9.999995412825614105e-01
1.687314161004718760e-13,1.687314161004718756e+02,3.008505518000752207e-28,2.362410581591251741e-07,4.548347161043370526e-36,9.999995444353212415e-01
1.687790803384797700e-13,1.687790803384797584e+02,2.146099607475911123e-28,1.685211608060828768e-07,4.548347171272619725e-36,9.999995466843237812e-01
1.688267445764876640e-13,1.688267445764876697e+02,1.373055161181936444e-28,1.078183178483994809e-07,4.548347177817200840e-36,9.999995481232153427e-01
1.688744088144955580e-13,1.688744088144955526e+02,2.850273280441084345e-28,2.238159683554598515e-07,4.548347191402849161e-36,9.999995511101557044e-01
1.689220730525034520e-13,1.689220730525034639e+02,1.793406103060842533e-28,1.408261188025584213e-07,4.548347199951006868e-36,9.999995529895535640e-01
1.689697372905113459e-13,1.689697372905113468e+02,1.410776665813947894e-28,1.107803759587474481e-07,4.548347206675384865e-36,9.999995544679752824e-01
1.690174015285192399e-13,1.690174015285192297e+02,2.039862182107351564e-28,1.601789318704857103e-07,4.548347216398260081e-36,9.999995566056464336e-01
1.690650657665271339e-13,1.690650657665271410e+02,1.085853747120106478e-28,8.526600223627740340e-08,4.548347221573913921e-36,9.999995577435656369e-01
1.691127300045350279e-13,1.691127300045350239e+02,1.212099899422148079e-28,9.517940423268515645e-08,4.548347227351312004e-36,9.999995590137843449e-01
1.691603942425429219e-13,1.691603942425429352e+02,1.139647377879272460e-28,8.949011423365598989e-08,4.548347232783369509e-36,9.999995602080763435e-01
1.692080584805508159e-13,1.692080584805508181e+02,1.671264588952776229e-28,1.312350310131558545e-07,4.548347240749346943e-36,9.999995619594760354e-01
1.692557227185587099e-13,1.692557227185587010e+02,2.752474798606343557e-28,2.161364023062180538e-07,4.548347253868845053e-36,9.999995648439287121e-01
1.693033869565666039e-13,1.693033869565666123e+02,2.064777697056646186e-28,1.621354074630956594e-07,4.548347263710478555e-36,9.999995670077101995e-01
1.693510511945744978e-13,1.693510511945744952e+02,1.363188020223733014e-28,1.070435066316594648e-07,4.548347270208028366e-36,9.999995684362613657e-01
1.693987154325823918e-13,1.693987154325823781e+02,2.634508941358951829e-28,2.068732054212438890e-07,4.548347282765249614e-36,9.999995711970918189e-01
1.694463796705902858e-13,1.694463796705902894e+02,1.722714242599001420e-28,1.352750836394783583e-07,4.548347290976459223e-36,9.999995730024082707e-01
1.694940439085981798e-13,1.694940439085981723e+02,1.275346836942717283e-28,1.001458313692763727e-07,4.548347297055319774e-36,9.999995743389065161e-01
1.695417081466060738e-13,1.695417081466060836e+02,2.083315013512616380e-28,1.635910389149199954e-07,4.548347306985309532e-36,9.999995765221139088e-01
1.695893723846139678e-13,1.695893723846139665e+02,9.598097572769147753e-29,7.536847492346688681e-08,4.548347311560181994e-36,9.999995775279453269e-01
1.696370366226218618e-13,1.696370366226218493e+02,1.146202039703751368e-28,9.000481504973397115e-08,4.548347317023482114e-36,9.999995787291063865e-01
1.696847008606297558e-13,1.696847008606297607e+02,1.004177285035142003e-28,7.885240794030681678e-08,4.548347321809829733e-36,9.999995797814327236e-01
1.697323650986376498e-13,1.697323650986376435e+02,1.816620660757378653e-28,1.426490277658666382e-07,4.548347330468637894e-36,9.999995816851581232e-01
1.697800293366455437e-13,1.697800293366455548e+02,2.715804851723967538e-28,2.132569171258524250e-07,4.548347343413351224e-36,9.999995845311826503e-01
1.698276935746534377e-13,1.698276935746534377e+02,1.756521896472153434e-28,1.379298090096277076e-07,4.548347351785702486e-36,9.999995863719276512e-01
1.698753578126613317e-13,1.698753578126613206e+02,1.454006089345663790e-28,1.141749400363723052e-07,4.548347358716131265e-36,9.999995878956516870e-01
1.699230220506692257e-13,1.699230220506692319e+02,2.578455231810047426e-28,2.024716221173923278e-07,4.548347371006176271e-36,9.999995905977407951e-01
1.699706862886771197e-13,1.699706862886771148e+02,1.786046161778366711e-28,1.402481839089184201e-07,4.548347379519253272e-36,9.999995924694258242e-01
1.700183505266850137e-13,1.700183505266850261e+02,1.294795599744868736e-28,1.016730335887090085e-07,4.548347385690814658e-36,9.999995938263052109e-01
1.700660147646929077e-13,1.700660147646929090e+02,1.933659182736547927e-28,1.518394062153343878e-07,4.548347394907479597e-36,9.999995958526810558e-01
1.701136790027008017e-13,1.701136790027007919e+02,1.005151685216380421e-28,7.892892211935980642e-08,4.548347399698471813e-36,9.999995969060284651e-01
1.701613432407086957e-13,1.701613432407087032e+02,1.088606863975608032e-28,8.548218905570913999e-08,4.548347404887248261e-36,9.999995980468328050e-01
1.702090074787165896e-13,1.702090074787165861e+02,1.067832098406745967e-28,8.385086327896363764e-08,4.548347409977002784e-36,9.999995991658661154e-01
1.702566717167244836e-13,1.702566717167244974e+02,1.658167783848456928e-28,1.302066123920710815e-07,4.548347417880555126e-36,9.999996009035411193e-01
1.703043359547323776e-13,1.703043359547323803e+02,2.572274200394779641e-28,2.019862604009783924e-07,4.548347430141138914e-36,9.999996035991528531e-01
1.703520001927402716e-13,1.703520001927402632e+02,1.665222224493504325e-28,1.307605580347615441e-07,4.548347438078315972e-36,9.999996053442204991e-01
1.703996644307481656e-13,1.703996644307481745e+02,1.519386355391506430e-28,1.193088854923404214e-07,4.548347445320375752e-36,9.999996069364596174e-01
1.704473286687560596e-13,1.704473286687560574e+02,2.456984422805113977e-28,1.929332010365361697e-07,4.548347457031437111e-36,9.999996095112534400e-01
1.704949929067639536e-13,1.704949929067639403e+02,1.558818206184755270e-28,1.224052474902935726e-07,4.548347464461446374e-36,9.999996111448151703e-01
1.705426571447718476e-13,1.705426571447718516e+02,1.167408333950777698e-28,9.167002635234791967e-08,4.548347470025825110e-36,9.999996123681994531e-01
1.705903213827797416e-13,1.705903213827797344e+02,1.793645399856432647e-28,1.408449094372659383e-07,4.548347478575122751e-36,9.999996142478478900e-01
1.706379856207876355e-13,1.706379856207876458e+02,9.144178755295165861e-29,7.180410513531861802e-08,4.548347482933638919e-36,9.999996152061111365e-01
1.706856498587955295e-13,1.706856498587955286e+02,1.018721727419222122e-28,7.999450139454547097e-08,4.548347487789312041e-36,9.999996162736793925e-01
1.707333140968034235e-13,1.707333140968034115e+02,1.014740348741687609e-28,7.968186606577998515e-08,4.548347492626007866e-36,9.999996173370753194e-01
1.707809783348113175e-13,1.707809783348113228e+02,1.608697023220089622e-28,1.263219511312372918e-07,4.548347500293760886e-36,9.999996190229073489e-01
1.708286425728192115e-13,1.708286425728192057e+02,2.567534246060399605e-28,2.016140583821088907e-07,4.548347512531751794e-36,9.999996217135518339e-01
1.708763068108271055e-13,1.708763068108271170e+02,1.626243448719672583e-28,1.276997734759628834e-07,4.548347520283138963e-36,9.999996234177717103e-01
1.709239710488349995e-13,1.709239710488349999e+02,1.490893666311755566e-28,1.170715144861298919e-07,4.548347527389390223e-36,9.999996249801520465e-01
1.709716352868428935e-13,1.709716352868428828e+02,2.340428827759499802e-28,1.837807441295465366e-07,4.548347538544896723e-36,9.999996274328015744e-01
1.710192995248507875e-13,1.710192995248507941e+02,1.554311409744267614e-28,1.220513540526255209e-07,4.548347545953424976e-36,9.999996290616405270e-01
1.710669637628586814e-13,1.710669637628586770e+02,1.305866808030178761e-28,1.025423934568470502e-07,4.548347552177756760e-36,9.999996304301219663e-01
1.711146280008665754e-13,1.711146280008665883e+02,1.787388896061469187e-28,1.403536212983361104e-07,4.548347560697233697e-36,9.999996323032140921e-01
1.711622922388744694e-13,1.711622922388744712e+02,9.193394089464658810e-29,7.219056554073553481e-08,4.548347565079207384e-36,9.999996332666347687e-01
1.712099564768823634e-13,1.712099564768823541e+02,1.061632529915763455e-28,8.336404595000193410e-08,4.548347570139411822e-36,9.999996343791712761e-01
1.712576207148902574e-13,1.712576207148902654e+02,1.183714580936796803e-28,9.295046443681622516e-08,4.548347575781513219e-36,9.999996356196435565e-01
1.713052849528981514e-13,1.713052849528981483e+02,1.434047918073221913e-28,1.126077368279647203e-07,4.548347582616812288e-36,9.999996371224523228e-01
1.713529491909060454e-13,1.713529491909060312e+02,2.372752913722366023e-28,1.863189732357270163e-07,4.548347593926390310e-36,9.999996396089759765e-01
1.714006134289139394e-13,1.714006134289139425e+02,1.605755767083145740e-28,1.260909907896486661e-07,4.548347601580124011e-36,9.999996412917258048e-01
1.714482776669218334e-13,1.714482776669218254e+02,1.445320747149584977e-28,1.134929288455670900e-07,4.548347608469155006e-36,9.999996428063480103e-01
1.714959419049297273e-13,1.714959419049297367e+02,2.282109743113509913e-28,1.792012736299226289e-07,4.548347619346687294e-36,9.999996451978820922e-01
1.715436061429376213e-13,1.715436061429376196e+02,1.337021613775558882e-28,1.049888055481639317e-07,4.548347625719517218e-36,9.999996465990124150e-01
1.715912703809455153e-13,1.715912703809455024e+02,1.285702321512444402e-28,1.009589894698234314e-07,4.548347631847736383e-36,9.999996479463626464e-01
1.716389346189534093e-13,1.716389346189534137e+02,1.656149650007982153e-28,1.300481396649553030e-07,4.548347639741669444e-36,9.999996496819226754e-01
1.716865988569613033e-13,1.716865988569612966e+02,8.284850480821455580e-29,6.505628234911909584e-08,4.548347643690591770e-36,9.999996505501326238e-01
1.717342630949691973e-13,1.717342630949692079e+02,9.403553972408624470e-29,7.384083318466105292e-08,4.548347648172736669e-36,9.999996515355769056e-01
1.717819273329770913e-13,1.717819273329770908e+02,9.675190742883645941e-29,7.597384433282043979e-08,4.548347652784355637e-36,9.999996525494874167e-01
1.718295915709849853e-13,1.718295915709849737e+02,1.357426721165720122e-28,1.065911041422199137e-07,4.548347659254444795e-36,9.999996539720011901e-01
1.718772558089928792e-13,1.718772558089928850e+02,2.294291250011759180e-28,1.801578190184540913e-07,4.548347670190039556e-36,9.999996563763008384e-01
1.719249200470007732e-13,1.719249200470007679e+02,1.492111335519094396e-28,1.171671312168649240e-07,4.548347677302094725e-36,9.999996579399572649e-01
1.719725842850086672e-13,1.719725842850086792e+02,1.486035026544552667e-28,1.166899927661428944e-07,4.548347684385187147e-36,9.999996594972457853e-01
1.720202485230165612e-13,1.720202485230165621e+02,2.217978442636602395e-28,1.741654024323675715e-07,4.548347694957042017e-36,9.999996618215737376e-01
1.720679127610244552e-13,1.720679127610244450e+02,1.190912984845187146e-28,9.351571470682569767e-08,4.548347700633454363e-36,9.999996630695896505e-01
1.721155769990323492e-13,1.721155769990323563e+02,1.452819836870542777e-28,1.140817902853448673e-07,4.548347707558228908e-36,9.999996645920704585e-01
1.721632412370402432e-13,1.721632412370402392e+02,1.596598090568205958e-28,1.253718898349640383e-07,4.548347715168313021e-36,9.999996662652234081e-01
1.722109054750481372e-13,1.722109054750481505e+02,7.981057902512458722e-29,6.267076968407009641e-08,4.548347718972434309e-36,9.999996671015974892e-01
1.722585697130560312e-13,1.722585697130560334e+02,9.991905107413265909e-29,7.846082453488412772e-08,4.548347723735013032e-36,9.999996681486980066e-01
1.723062339510639251e-13,1.723062339510639163e+02,1.049168994651282982e-28,8.238535445627946307e-08,4.548347728735811265e-36,9.999996692481734062e-01
1.723538981890718191e-13,1.723538981890718276e+02,1.446597759073335239e-28,1.135932054268608700e-07,4.548347735630928813e-36,9.999996707641338745e-01
1.724015624270797131e-13,1.724015624270797105e+02,2.128864701144832798e-28,1.671678003137833496e-07,4.548347745778028584e-36,9.999996729950750840e-01
1.724492266650876071e-13,1.724492266650875933e+02,1.430890476300020564e-28,1.123598006413385373e-07,4.548347752598277983e-36,9.999996744945750526e-01
1.724968909030955011e-13,1.724968909030955047e+02,1.493175532183989868e-28,1.172506966099479931e-07,4.548347759715405391e-36,9.999996760593465872e-01
1.725445551411033951e-13,1.725445551411033875e+02,2.121476111654434216e-28,1.665876158371149745e-07,4.548347769827288146e-36,9.999996782825449904e-01
1.725922193791112891e-13,1.725922193791112988e+02,1.146025094890110791e-28,8.999092056632349148e-08,4.548347775289745009e-36,9.999996794835206426e-01
1.726398836171191831e-13,1.726398836171191817e+02,1.346400772234103197e-28,1.057252982371855152e-07,4.548347781707279594e-36,9.999996808944797699e-01
1.726875478551270771e-13,1.726875478551270646e+02,1.473424759492434192e-28,1.156997792484222195e-07,4.548347788730266215e-36,9.999996824385534167e-01
1.727352120931349710e-13,1.727352120931349759e+02,5.975460662269429616e-29,4.692193986005525690e-08,4.548347791578431778e-36,9.999996830647510659e-01
1.727828763311428650e-13,1.727828763311428588e+02,9.236356169845969453e-29,7.252792265273920066e-08,4.548347795980882852e-36,9.999996840326739189e-01
1.728305405691507590e-13,1.728305405691507701e+02,7.817135384561477248e-29,6.138357812450192532e-08,4.548347799706871210e-36,9.999996848518697412e-01
1.728782048071586530e-13,1.728782048071586530e+02,1.349761519987058923e-28,1.059891989016894428e-07,4.548347806140425011e-36,9.999996862663507180e-01
1.729258690451665470e-13,1.729258690451665359e+02,1.936298428984087586e-28,1.520466514148298756e-07,4.548347815369669985e-36,9.999996882954924615e-01
1.729735332831744410e-13,1.729735332831744472e+02,1.345629798403240681e-28,1.056647579880398112e-07,4.548347821783529519e-36,9.999996897056434575e-01
1.730211975211823350e-13,1.730211975211823301e+02,1.436601701179479388e-28,1.128082710864932114e-07,4.548347828631001027e-36,9.999996912111285274e-01
1.730688617591902290e-13,1.730688617591902414e+02,1.938997619801146297e-28,1.522586037250317243e-07,4.548347837873111354e-36,9.999996932430986751e-01
1.731165259971981230e-13,1.731165259971981243e+02,1.138028754131636512e-28,8.936301279255339752e-08,4.548347843297453923e-36,9.999996944356945860e-01
1.731641902352060169e-13,1.731641902352060072e+02,1.262728023576470590e-28,9.915494675745899419e-08,4.548347849316167914e-36,9.999996957589689650e-01
1.732118544732139109e-13,1.732118544732139185e+02,1.391933487608684702e-28,1.093007268998849767e-07,4.548347855950731662e-36,9.999996972176440346e-01
1.732595187112218049e-13,1.732595187112218014e+02,5.768564026874985078e-29,4.529729666818812142e-08,4.548347858700280893e-36,9.999996978221599164e-01
1.733071829492296989e-13,1.733071829492297127e+02,8.900507691318862297e-29,6.989069298925162674e-08,4.548347862942652070e-36,9.999996987548875893e-01
1.733548471872375929e-13,1.733548471872375956e+02,7.673872678235802225e-29,6.025861647378811114e-08,4.548347866600355299e-36,9.999996995590701987e-01
1.734025114252454869e-13,1.734025114252454784e+02,1.458337746531833732e-28,1.145150807710728349e-07,4.548347873551430517e-36,9.999997010873334924e-01
1.734501756632533809e-13,1.734501756632533898e+02,1.947242285151825005e-28,1.529060110357241635e-07,4.548347882832838504e-36,9.999997031279437287e-01
1.734978399012612749e-13,1.734978399012612726e+02,1.305593205607454250e-28,1.025209089937232173e-07,4.548347889055865979e-36,9.999997044961385084e-01
1.735455041392691689e-13,1.735455041392691555e+02,1.584549954318605507e-28,1.244258172951528688e-07,4.548347896608524405e-36,9.999997061566658907e-01
1.735931683772770628e-13,1.735931683772770668e+02,1.832208295132898271e-28,1.438730372340352124e-07,4.548347905341630079e-36,9.999997080767263347e-01
1.736408326152849568e-13,1.736408326152849497e+02,1.272007033677906768e-28,9.988357535791082357e-08,4.548347911404571644e-36,9.999997094097246020e-01
1.736884968532928508e-13,1.736884968532928610e+02,1.198608399049850919e-28,9.411999240676843113e-08,4.548347917117663008e-36,9.999997106658047308e-01
1.737361610913007448e-13,1.737361610913007439e+02,1.448907791671006204e-28,1.137745993255892072e-07,4.548347924023791010e-36,9.999997121841859293e-01
1.737838253293086388e-13,1.737838253293086268e+02,6.515417390743373165e-29,5.116191708900152551e-08,4.548347927129323768e-36,9.999997128669683155e-01
1.738314895673165328e-13,1.738314895673165381e+02,9.121841579058919651e-29,7.162870382331289500e-08,4.548347931477191641e-36,9.999997138228905458e-01
1.738791538053244268e-13,1.738791538053244210e+02,7.595442792369277771e-29,5.964275058564043906e-08,4.548347935097512247e-36,9.999997146188541741e-01
1.739268180433323208e-13,1.739268180433323323e+02,1.391465366261577080e-28,1.092639679570391453e-07,4.548347941729844236e-36,9.999997160770386362e-01
1.739744822813402148e-13,1.739744822813402152e+02,1.861974385017753670e-28,1.462104012606535933e-07,4.548347950604828280e-36,9.999997180282924614e-01
1.740221465193481087e-13,1.740221465193480981e+02,1.044830957822172258e-28,8.204471276401379753e-08,4.548347955584949337e-36,9.999997191232218308e-01
1.740698107573560027e-13,1.740698107573560094e+02,1.545280844605657389e-28,1.213422344411255515e-07,4.548347962950433382e-36,9.999997207425970203e-01
1.741174749953638967e-13,1.741174749953638923e+02,1.736323345068527725e-28,1.363437300982468153e-07,4.548347971226509655e-36,9.999997225621750641e-01
1.741651392333717907e-13,1.741651392333718036e+02,1.040514948816800462e-28,8.170580079315228777e-08,4.548347976186058441e-36,9.999997236525813848e-01
1.742128034713796847e-13,1.742128034713796865e+02,1.215895666601292272e-28,9.547746453191391785e-08,4.548347981981549137e-36,9.999997249267779109e-01
1.742604677093875787e-13,1.742604677093875694e+02,1.138628079456205515e-28,8.941007444758795389e-08,4.548347987408748224e-36,9.999997261200017640e-01
1.743081319473954727e-13,1.743081319473954807e+02,6.148800977648464674e-29,4.828308409867351825e-08,4.548347990339535625e-36,9.999997267643646603e-01
1.743557961854033667e-13,1.743557961854033636e+02,7.117580452714809190e-29,5.589036575207741727e-08,4.548347993732085226e-36,9.999997275102505689e-01
1.744034604234112606e-13,1.744034604234112749e+02,7.252319715330355452e-29,5.694839758168261720e-08,4.548347997188858023e-36,9.999997282702566270e-01
1.744511246614191546e-13,1.744511246614191577e+02,1.261047047846885105e-28,9.902294916505936455e-08,4.548348003199559733e-36,9.999997295917694151e-01
1.744987888994270486e-13,1.744987888994270406e+02,1.722629622052069906e-28,1.352684388627181095e-07,4.548348011410365755e-36,9.999997313969970492e-01
1.745464531374349426e-13,1.745464531374349519e+02,1.086981980955652826e-28,8.535459610907093964e-08,4.548348016591397198e-36,9.999997325360986400e-01
1.745941173754428366e-13,1.745941173754428348e+02,1.455459684971190056e-28,1.142890827449879813e-07,4.548348023528753783e-36,9.999997340613456798e-01
1.746417816134507306e-13,1.746417816134507177e+02,1.611963641147013422e-28,1.265784603086480176e-07,4.548348031212077662e-36,9.999997357506011930e-01
1.746894458514586246e-13,1.746894458514586290e+02,9.064459098219009580e-29,7.117811139752853284e-08,4.548348035532595134e-36,9.999997367005101223e-01
1.747371100894665186e-13,1.747371100894665119e+02,1.249262643629044182e-28,9.809758602195047806e-08,4.548348041487126689e-36,9.999997380096733446e-01
1.747847743274744126e-13,1.747847743274744232e+02,1.060968084084949859e-28,8.331187074699112009e-08,4.548348046544164569e-36,9.999997391215136311e-01
1.748324385654823065e-13,1.748324385654823061e+02,6.484071677192255659e-29,5.091577678798623304e-08,4.548348049634756572e-36,9.999997398010110894e-01
1.748801028034902005e-13,1.748801028034901890e+02,7.235349263254765799e-29,5.681513814334061347e-08,4.548348053083440246e-36,9.999997405592386812e-01
1.749277670414980945e-13,1.749277670414981003e+02,8.214717741896594386e-29,6.450556930052822304e-08,4.548348056998933636e-36,9.999997414200990642e-01
1.749754312795059885e-13,1.749754312795059832e+02,1.237113997910471022e-28,9.714362103748095761e-08,4.548348062895559743e-36,9.999997427165311370e-01
1.750230955175138825e-13,1.750230955175138945e+02,1.598009676846820278e-28,1.254827337852734163e-07,4.548348070512372541e-36,9.999997443911634587e-01
1.750707597555217765e-13,1.750707597555217774e+02,1.172335705342870917e-28,9.205694518119709027e-08,4.548348076100236860e-36,9.999997456197112777e-01
1.751184239935296705e-13,1.751184239935296603e+02,1.345306482913826674e-28,1.056393698367196981e-07,4.548348082512555545e-36,9.999997470295235447e-01
1.751660882315375645e-13,1.751660882315375716e+02,1.562207120663147660e-28,1.226713599297077361e-07,4.548348089958717662e-36,9.999997486666366564e-01
1.752137524695454585e-13,1.752137524695454545e+02,8.983344345639387795e-29,7.054116275751208797e-08,4.548348094240572256e-36,9.999997496080451631e-01
1.752614167075533524e-13,1.752614167075533658e+02,1.217774411262042021e-28,9.562499180883289101e-08,4.548348100045017381e-36,9.999997508842104477e-01
1.753090809455612464e-13,1.753090809455612487e+02,9.715857957365597668e-29,7.629318115052336808e-08,4.548348104676019907e-36,9.999997519023825499e-01
1.753567451835691404e-13,1.753567451835691315e+02,5.445126361280130794e-29,4.275752215517935220e-08,4.548348107271405406e-36,9.999997524730039888e-01
1.754044094215770344e-13,1.754044094215770428e+02,6.541886288563437617e-29,5.136976249237220508e-08,4.548348110389554950e-36,9.999997531585602673e-01
1.754520736595849284e-13,1.754520736595849257e+02,7.209557450180774985e-29,5.661260950658109366e-08,4.548348113825945242e-36,9.999997539140850211e-01
1.754997378975928224e-13,1.754997378975928086e+02,1.122087350499457264e-28,8.811122380959337856e-08,4.548348119174303784e-36,9.999997550899750731e-01
1.755474021356007164e-13,1.755474021356007199e+02,1.406171526575674964e-28,1.104187602129526134e-07,4.548348125876732369e-36,9.999997565635708741e-01
1.755950663736086104e-13,1.755950663736086028e+02,1.197533609770261317e-28,9.403559523508664489e-08,4.548348131584700712e-36,9.999997578185247926e-01
1.756427306116165044e-13,1.756427306116165141e+02,1.298232782842492331e-28,1.019429362919651046e-07,4.548348137772646145e-36,9.999997591790062978e-01
1.756903948496243983e-13,1.756903948496243970e+02,1.415301878959528753e-28,1.111357155569337269e-07,4.548348144518593354e-36,9.999997606621702229e-01
1.757380590876322923e-13,1.757380590876322799e+02,8.886321411719127442e-29,6.977929609521470302e-08,4.548348148754202436e-36,9.999997615934111961e-01
1.757857233256401863e-13,1.757857233256401912e+02,1.070190640364891186e-28,8.403606634559293658e-08,4.548348153855199277e-36,9.999997627149161961e-01
1.758333875636480803e-13,1.758333875636480741e+02,9.842899518734671197e-29,7.729076725127818906e-08,4.548348158546755291e-36,9.999997637464016487e-01
1.758810518016559743e-13,1.758810518016559854e+02,4.865961611183662660e-29,3.820966633132904933e-08,4.548348160866085624e-36,9.999997642563296374e-01
1.759287160396638683e-13,1.759287160396638683e+02,6.366242079488429328e-29,4.999052706923172066e-08,4.548348163900514822e-36,9.999997649234791952e-01
1.759763802776717623e-13,1.759763802776717512e+02,6.234228007744191004e-29,4.895389463448456976e-08,4.548348166872020458e-36,9.999997655767943749e-01
1.760240445156796563e-13,1.760240445156796625e+02,1.211084452858969909e-28,9.509966691156211811e-08,4.548348172644578164e-36,9.999997668459488231e-01
1.760717087536875503e-13,1.760717087536875454e+02,1.376576964826491553e-28,1.080948653284158258e-07,4.548348179205945578e-36,9.999997682885309880e-01
1.761193729916954442e-13,1.761193729916954567e+02,1.049296226398234064e-28,8.239534525149366253e-08,4.548348184207350528e-36,9.999997693881398364e-01
1.761670372297033382e-13,1.761670372297033396e+02,1.300614797071834769e-28,1.021299825043529335e-07,4.548348190406649198e-36,9.999997707511175671e-01
1.762147014677112322e-13,1.762147014677112224e+02,1.349176157654586728e-28,1.059432336820804765e-07,4.548348196837412632e-36,9.999997721649850346e-01
1.762623657057191262e-13,1.762623657057191338e+02,9.820971000758499654e-29,7.711857490329822954e-08,4.548348201518516132e-36,9.999997731941724366e-01
1.763100299437270202e-13,1.763100299437270166e+02,1.016568537741397193e-28,7.982542349029595656e-08,4.548348206363926507e-36,9.999997742594842753e-01
1.763576941817349142e-13,1.763576941817349280e+02,9.639500853601719977e-29,7.569359165722797937e-08,4.548348210958533995e-36,9.999997752696546671e-01
1.764053584197428082e-13,1.764053584197428108e+02,4.933567469836177038e-29,3.874053720692710227e-08,4.548348213310087847e-36,9.999997757866672110e-01
1.764530226577507022e-13,1.764530226577506937e+02,6.148324309987228833e-29,4.827934109497926475e-08,4.548348216240648063e-36,9.999997764309801473e-01
1.765006868957585962e-13,1.765006868957586050e+02,5.938580307540629291e-29,4.663233912725668397e-08,4.548348219071234852e-36,9.999997770533128882e-01
1.765483511337664901e-13,1.765483511337664879e+02,1.150285372297716881e-28,9.032545624751216879e-08,4.548348224553998045e-36,9.999997782587531914e-01
1.765960153717743841e-13,1.765960153717743708e+02,1.259330081301463885e-28,9.888812541582998906e-08,4.548348230556515749e-36,9.999997795784666410e-01
1.766436796097822781e-13,1.766436796097822821e+02,9.108192754284290359e-29,7.152152726046153435e-08,4.548348234897878113e-36,9.999997805329584599e-01
1.766913438477901721e-13,1.766913438477901650e+02,1.290741878323798177e-28,1.013547175901954341e-07,4.548348241050118083e-36,9.999997818855899112e-01
1.767390080857980661e-13,1.767390080857980763e+02,1.217092752432350464e-28,9.557146496559915507e-08,4.548348246851314463e-36,9.999997831610408783e-01
1.767866723238059601e-13,1.767866723238059592e+02,1.006970906604786451e-28,7.907177536767572003e-08,4.548348251650977796e-36,9.999997842162947626e-01
1.768343365618138541e-13,1.768343365618138421e+02,8.807420274869335736e-29,6.915972973750565947e-08,4.548348255848979075e-36,9.999997851392672388e-01
1.768820007998217481e-13,1.768820007998217534e+02,7.858004821687589634e-29,6.170450288316605166e-08,4.548348259594447878e-36,9.999997859627459684e-01
1.769296650378296420e-13,1.769296650378296363e+02,5.051908040828373608e-29,3.966979931221749842e-08,4.548348262002408425e-36,9.999997864921601476e-01
1.769773292758375360e-13,1.769773292758375476e+02,5.087275336844614711e-29,3.994751884389567617e-08,4.548348264427226098e-36,9.999997870252805843e-01
1.770249935138454300e-13,1.770249935138454305e+02,5.425526412977344943e-29,4.260361475832700321e-08,4.548348267013268948e-36,9.999997875938478886e-01
1.770726577518533240e-13,1.770726577518533134e+02,1.032009560699900332e-28,8.103792038649582839e-08,4.548348271932277908e-36,9.999997886753411169e-01
1.771203219898612180e-13,1.771203219898612247e+02,1.288554262648217326e-28,1.011829364055000626e-07,4.548348278074090754e-36,9.999997900256800687e-01
1.771679862278691120e-13,1.771679862278691076e+02,8.821952018152845051e-29,6.927383936401796816e-08,4.548348282279018502e-36,9.999997909501753268e-01
1.772156504658770060e-13,1.772156504658770189e+02,1.186722402027443569e-28,9.318665175073542965e-08,4.548348287935456609e-36,9.999997921937997525e-01
1.772633147038849000e-13,1.772633147038849017e+02,1.154011685628241610e-28,9.061806272570157664e-08,4.548348293435980991e-36,9.999997934031450431e-01
1.773109789418927940e-13,1.773109789418927846e+02,8.938704900647137394e-29,7.019063424235705599e-08,4.548348297696557706e-36,9.999997943398752920e-01
1.773586431799006879e-13,1.773586431799006959e+02,9.142331668107876977e-29,7.178960099600338570e-08,4.548348302054193197e-36,9.999997952979450266e-01
1.774063074179085819e-13,1.774063074179085788e+02,7.677507269152725511e-29,6.028715687695679409e-08,4.548348305713629046e-36,9.999997961025085536e-01
1.774539716559164759e-13,1.774539716559164617e+02,5.588244021006869154e-29,4.388134483633468766e-08,4.548348308377230850e-36,9.999997966881279954e-01
1.775016358939243699e-13,1.775016358939243730e+02,5.048611089504825709e-29,3.964391020333224283e-08,4.548348310783619143e-36,9.999997972171964511e-01
1.775493001319322639e-13,1.775493001319322559e+02,6.893178919685207541e-29,5.412826642075653467e-08,4.548348314069209378e-36,9.999997979395662817e-01
1.775969643699401579e-13,1.775969643699401672e+02,9.910156603511319199e-29,7.781889940131963886e-08,4.548348318792823869e-36,9.999997989781000962e-01
1.776446286079480519e-13,1.776446286079480501e+02,1.189155694141555317e-28,9.337772452770345394e-08,4.548348324460859770e-36,9.999998002242743711e-01
1.776922928459559459e-13,1.776922928459559330e+02,9.265612851260534428e-29,7.275765895650353723e-08,4.548348328877255326e-36,9.999998011952631050e-01
1.777399570839638399e-13,1.777399570839638443e+02,1.211257305071478663e-28,9.511324002596855761e-08,4.548348334650637580e-36,9.999998024645988526e-01
1.777876213219717338e-13,1.777876213219717272e+02,1.167990687017711789e-28,9.171575527121862308e-08,4.548348340217791981e-36,9.999998036885933139e-01
1.778352855599796278e-13,1.778352855599796385e+02,8.540284161933104187e-29,6.706205972776246048e-08,4.548348344288464754e-36,9.999998045835714056e-01
1.778829497979875218e-13,1.778829497979875214e+02,9.796338958622894528e-29,7.692515329699176895e-08,4.548348348957828135e-36,9.999998056101775390e-01
1.779306140359954158e-13,1.779306140359954043e+02,6.054570040294458192e-29,4.754314141887315108e-08,4.548348351843701062e-36,9.999998062446655567e-01
1.779782782740033098e-13,1.779782782740033156e+02,5.651933320561539801e-29,4.438146117084642987e-08,4.548348354537659460e-36,9.999998068369592152e-01
1.780259425120112038e-13,1.780259425120111985e+02,4.361494655833361089e-29,3.424837037806573339e-08,4.548348356616538524e-36,9.999998072940214922e-01
1.780736067500190978e-13,1.780736067500191098e+02,6.765563190451463568e-29,5.312617170191545800e-08,4.548348359841301311e-36,9.999998080030177983e-01
1.781212709880269918e-13,1.781212709880269927e+02,8.187775185680832198e-29,6.429400452353710965e-08,4.548348363743953403e-36,9.999998088610548841e-01
1.781689352260348858e-13,1.781689352260348755e+02,1.102070679104954625e-28,8.653942691483375413e-08,4.548348368996904267e-36,9.999998100159686043e-01
1.782165994640427797e-13,1.782165994640427868e+02,1.129160930073327009e-28,8.866667232497926191e-08,4.548348374378978399e-36,9.999998111992712824e-01
1.782642637020506737e-13,1.782642637020506697e+02,9.983913099997166501e-29,7.839806778481343056e-08,4.548348379137748433e-36,9.999998122455343585e-01
1.783119279400585677e-13,1.783119279400585810e+02,1.069418342457191904e-28,8.397542212412239961e-08,4.548348384235063540e-36,9.999998133662300059e-01
1.783595921780664617e-13,1.783595921780664639e+02,8.122848476136892752e-29,6.378417150266755558e-08,4.548348388106768357e-36,9.999998142174629789e-01
1.784072564160743557e-13,1.784072564160743468e+02,8.003174800511315642e-29,6.284444127467163717e-08,4.548348391921431698e-36,9.999998150561548727e-01
1.784549206540822497e-13,1.784549206540822581e+02,6.763910501817936271e-29,5.311319406536947274e-08,4.548348395145406688e-36,9.999998157649779840e-01
1.785025848920901437e-13,1.785025848920901410e+02,4.684896511168311923e-29,3.678786369319595920e-08,4.548348397378433448e-36,9.999998162559311510e-01
1.785502491300980377e-13,1.785502491300980239e+02,4.054371422426789556e-29,3.183670394730459878e-08,4.548348399310923852e-36,9.999998166808085065e-01
1.785979133681059317e-13,1.785979133681059352e+02,6.040796030073443729e-29,4.743498184495056785e-08,4.548348402190231801e-36,9.999998173138531232e-01
1.786455776061138256e-13,1.786455776061138181e+02,8.630714396912483983e-29,6.777215762431887534e-08,4.548348406304007582e-36,9.999998182183077455e-01
1.786932418441217196e-13,1.786932418441217294e+02,9.643671695637533584e-29,7.572634293955269751e-08,4.548348410900602939e-36,9.999998192289151211e-01
1.787409060821296136e-13,1.787409060821296123e+02,9.612371121069487655e-29,7.548055708964481260e-08,4.548348415482279592e-36,9.999998202362425648e-01
1.787885703201375076e-13,1.787885703201374952e+02,9.592637561376809939e-29,7.532560051751452611e-08,4.548348420054550117e-36,9.999998212415018850e-01
1.788362345581454016e-13,1.788362345581454065e+02,9.863190394405005969e-29,7.745010011308129476e-08,4.548348424755778199e-36,9.999998222751138588e-01
1.788838987961532956e-13,1.788838987961532894e+02,8.186242867668829104e-29,6.428197208994422887e-08,4.548348428657698621e-36,9.999998231329899623e-01
1.789315630341611896e-13,1.789315630341612007e+02,7.217084826997790972e-29,5.667171777325284909e-08,4.548348432097677100e-36,9.999998238893036406e-01
1.789792272721690836e-13,1.789792272721690836e+02,6.416665332844917646e-29,5.038647258628293713e-08,4.548348435156140468e-36,9.999998245617373049e-01
1.790268915101769776e-13,1.790268915101769664e+02,4.411090060240316707e-29,3.463781526180704409e-08,4.548348437258658799e-36,9.999998250239969799e-01
1.790745557481848715e-13,1.790745557481848778e+02,4.455706935741031320e-29,3.498816655140837228e-08,4.548348439382443652e-36,9.999998254909322482e-01
1.791222199861927655e-13,1.791222199861927606e+02,5.389214207582138853e-29,4.231847538346703339e-08,4.548348441951179014e-36,9.999998260556943741e-01
1.791698842242006595e-13,1.791698842242006720e+02,8.192594825366661256e-29,6.433185044977901647e-08,4.548348445856127678e-36,9.999998269142363894e-01
1.792175484622085535e-13,1.792175484622085548e+02,9.011558015618445558e-29,7.076270887768787296e-08,4.548348450151430956e-36,9.999998278586016420e-01
1.792652127002164475e-13,1.792652127002164377e+02,1.004525216316657710e-28,7.887972903166600766e-08,4.548348454939437026e-36,9.999998289112925764e-01
1.793128769382243415e-13,1.793128769382243490e+02,9.722897833165440636e-29,7.634846134523508610e-08,4.548348459573795208e-36,9.999998299302025329e-01
1.793605411762322355e-13,1.793605411762322319e+02,8.888361091900855048e-29,6.979531255925488398e-08,4.548348463810376509e-36,9.999998308616572240e-01
1.794082054142401295e-13,1.794082054142401432e+02,9.038948350546277778e-29,7.097778980966449160e-08,4.548348468118734238e-36,9.999998318088927363e-01
1.794558696522480234e-13,1.794558696522480261e+02,6.268401227194912020e-29,4.922223775286805140e-08,4.548348471106528369e-36,9.999998324657891624e-01
1.795035338902559174e-13,1.795035338902559090e+02,6.416668342110455752e-29,5.038649621635676342e-08,4.548348474164993741e-36,9.999998331382232708e-01
1.795511981282638114e-13,1.795511981282638203e+02,4.841933227715001409e-29,3.802098491783235661e-08,4.548348476472870608e-36,9.999998336456330517e-01
1.795988623662717054e-13,1.795988623662717032e+02,4.172364423249334992e-29,3.276323677906793950e-08,4.548348478461601996e-36,9.999998340828755161e-01
1.796465266042795994e-13,1.796465266042795861e+02,4.941594384732518465e-29,3.880356806585419364e-08,4.548348480816981911e-36,9.999998346007292760e-01
1.796941908422874934e-13,1.796941908422874974e+02,7.917987909805530095e-29,6.217551641875202407e-08,4.548348484591041279e-36,9.999998354304939774e-01
1.797418550802953874e-13,1.797418550802953803e+02,1.059127256169980234e-28,8.316732085937440486e-08,4.548348489639304471e-36,9.999998365404050293e-01
1.797895193183032814e-13,1.797895193183032916e+02,8.889963224873342180e-29,6.980789321056056642e-08,4.548348493876649515e-36,9.999998374720275862e-01
1.798371835563111754e-13,1.798371835563111745e+02,8.721378150897620732e-29,6.848408921460429225e-08,4.548348498033639891e-36,9.999998383859834972e-01
1.798848477943190693e-13,1.798848477943190574e+02,9.383878792467385993e-29,7.368633503596302025e-08,4.548348502506407396e-36,9.999998393693660947e-01
1.799325120323269633e-13,1.799325120323269687e+02,8.594190941076502918e-29,6.748535941827622861e-08,4.548348506602774124e-36,9.999998402699932232e-01
1.799801762703348573e-13,1.799801762703348516e+02,6.704428757338644112e-29,5.264611730008314131e-08,4.548348509798397762e-36,9.999998409725829873e-01
1.800278405083427513e-13,1.800278405083427629e+02,6.041240799519975657e-29,4.743847436986225343e-08,4.548348512677917527e-36,9.999998416056741224e-01
1.800755047463506453e-13,1.800755047463506457e+02,4.941014499263325620e-29,3.879901455062766403e-08,4.548348515033020811e-36,9.999998421234671531e-01
1.801231689843585393e-13,1.801231689843585286e+02,4.033512397422860550e-29,3.167290972756288335e-08,4.548348516955569199e-36,9.999998425461585905e-01
1.801708332223664333e-13,1.801708332223664399e+02,5.543496242455246971e-29,4.352996563852186959e-08,4.548348519597841673e-36,9.999998431270885613e-01
1.802184974603743273e-13,1.802184974603743228e+02,6.899632590558227644e-29,5.417894347708669185e-08,4.548348522886508260e-36,9.999998438501347398e-01
1.802661616983822213e-13,1.802661616983822341e+02,9.722903851696516846e-29,7.634850860538273868e-08,4.548348527520869114e-36,9.999998448690452513e-01
1.803138259363901152e-13,1.803138259363901170e+02,8.721765744298928663e-29,6.848713276811325849e-08,4.548348531678043912e-36,9.999998457830416854e-01
1.803614901743980092e-13,1.803614901743979999e+02,7.893208413658557822e-29,6.198093693882802240e-08,4.548348535440292332e-36,9.999998466102095751e-01
1.804091544124059032e-13,1.804091544124059112e+02,9.596159605762608097e-29,7.535325715592205558e-08,4.548348540014241354e-36,9.999998476158379335e-01
1.804568186504137972e-13,1.804568186504137941e+02,8.241981687671826193e-29,6.471965776940408463e-08,4.548348543942729726e-36,9.999998484795553644e-01
1.805044828884216912e-13,1.805044828884217054e+02,5.727377413161156419e-29,4.497388129974260104e-08,4.548348546672648168e-36,9.999998490797551431e-01
1.805521471264295852e-13,1.805521471264295883e+02,5.542597073912461180e-29,4.352290497246225563e-08,4.548348549314491663e-36,9.999998496605908560e-01
1.805998113644374792e-13,1.805998113644374712e+02,4.526331689581372691e-29,3.554274311707002854e-08,4.548348551471939319e-36,9.999998501349272040e-01
1.806474756024453732e-13,1.806474756024453825e+02,3.494426550395644604e-29,2.743977104198225431e-08,4.548348553137535458e-36,9.999998505011251648e-01
1.806951398404532672e-13,1.806951398404532654e+02,4.827019307708152751e-29,3.790387427194397032e-08,4.548348555438304108e-36,9.999998510069721958e-01
1.807428040784611611e-13,1.807428040784611483e+02,6.326619080148200055e-29,4.967938988714689168e-08,4.548348558453847551e-36,9.999998516699695195e-01
1.807904683164690551e-13,1.807904683164690596e+02,9.694137078711555374e-29,7.612261927763748864e-08,4.548348563074497122e-36,9.999998526858654424e-01
1.808381325544769491e-13,1.808381325544769425e+02,8.613771630079844897e-29,6.763911558265609200e-08,4.548348567180197812e-36,9.999998535885447071e-01
1.808857967924848431e-13,1.808857967924848538e+02,6.573290381865994360e-29,5.161636121681975137e-08,4.548348570313315507e-36,9.999998542773920196e-01
1.809334610304927371e-13,1.809334610304927367e+02,9.060887701878386499e-29,7.115006722591022841e-08,4.548348574632130428e-36,9.999998552269265817e-01
1.809811252685006311e-13,1.809811252685006195e+02,7.291392620930219120e-29,5.725521518627180742e-08,4.548348578107527049e-36,9.999998559910272533e-01
1.810287895065085251e-13,1.810287895065085308e+02,5.765751567303072093e-29,4.527521200118907694e-08,4.548348580855736556e-36,9.999998565952484819e-01
1.810764537445164191e-13,1.810764537445164137e+02,5.646192845621050596e-29,4.433638444201336114e-08,4.548348583546958711e-36,9.999998571869406216e-01
1.811241179825243131e-13,1.811241179825243250e+02,4.121204802615672366e-29,3.236150898295116687e-08,4.548348585511305130e-36,9.999998576188217081e-01
1.811717822205322070e-13,1.811717822205322079e+02,3.189452835362941512e-29,2.504498357295600320e-08,4.548348587031538283e-36,9.999998579530602338e-01
1.812194464585401010e-13,1.812194464585400908e+02,5.246852475358572484e-29,4.120058857685713158e-08,4.548348589532417495e-36,9.999998585029035159e-01
1.812671106965479950e-13,1.812671106965480021e+02,6.131687284533261220e-29,4.814869986881733422e-08,4.548348592455047619e-36,9.999998591454728469e-01
1.813147749345558890e-13,1.813147749345558850e+02,8.306490109305969037e-29,6.522620621001163903e-08,4.548348596414284144e-36,9.999998600159505369e-01
1.813624391725637830e-13,1.813624391725637963e+02,8.125041628861063717e-29,6.380139310047294342e-08,4.548348600287033344e-36,9.999998608674132150e-01
1.814101034105716770e-13,1.814101034105716792e+02,6.202505534147702746e-29,4.870479584822608832e-08,4.548348603243419149e-36,9.999998615174040539e-01
1.814577676485795710e-13,1.814577676485795621e+02,8.496942312240884686e-29,6.672172050044179261e-08,4.548348607293433455e-36,9.999998624078402232e-01
1.815054318865874650e-13,1.815054318865874734e+02,7.153447888663483352e-29,5.617201260202570151e-08,4.548348610703079396e-36,9.999998631574849028e-01
1.815530961245953590e-13,1.815530961245953563e+02,5.458978612405135988e-29,4.286629611102144539e-08,4.548348613305067292e-36,9.999998637295579584e-01
1.816007603626032529e-13,1.816007603626032392e+02,5.334818723715351861e-29,4.189133816896370661e-08,4.548348615847874831e-36,9.999998642886195332e-01
1.816484246006111469e-13,1.816484246006111505e+02,3.773388174116967592e-29,2.963030015284481659e-08,4.548348617646437006e-36,9.999998646840514427e-01
1.816960888386190409e-13,1.816960888386190334e+02,3.138083167994719153e-29,2.464160639768608151e-08,4.548348619142184961e-36,9.999998650129064970e-01
1.817437530766269349e-13,1.817437530766269447e+02,4.443801077566072477e-29,3.489467652731781202e-08,4.548348621260294866e-36,9.999998654785940966e-01
1.817914173146348289e-13,1.817914173146348276e+02,5.531822699579829837e-29,4.343829985613078350e-08,4.548348623897003312e-36,9.999998660583008236e-01
1.818390815526427229e-13,1.818390815526427104e+02,7.919512403727134116e-29,6.218748741415295386e-08,4.548348627671789003e-36,9.999998668882251751e-01
1.818867457906506169e-13,1.818867457906506218e+02,8.099414723538561059e-29,6.360015939175915187e-08,4.548348631532324337e-36,9.999998677370024458e-01
1.819344100286585109e-13,1.819344100286585046e+02,6.233624349077247130e-29,4.894915444167480189e-08,4.548348634503541314e-36,9.999998683902541208e-01
1.819820742666664048e-13,1.819820742666664160e+02,8.196175249503898652e-29,6.435996551161879976e-08,4.548348638410197207e-36,9.999998692491713914e-01
1.820297385046742988e-13,1.820297385046742988e+02,6.503682458850978688e-29,5.106976925310435931e-08,4.548348641510136537e-36,9.999998699307240946e-01
1.820774027426821928e-13,1.820774027426821817e+02,5.348462131812012564e-29,4.199847219768217862e-08,4.548348644059446913e-36,9.999998704912154146e-01
1.821250669806900868e-13,1.821250669806900930e+02,5.370638011415416343e-29,4.217260693773075038e-08,4.548348646619328074e-36,9.999998710540308755e-01
1.821727312186979808e-13,1.821727312186979759e+02,3.452463245246431029e-29,2.711025675148188829e-08,4.548348648264923246e-36,9.999998714158313540e-01
1.822203954567058748e-13,1.822203954567058872e+02,3.201012628001018274e-29,2.513575613855641787e-08,4.548348649790665636e-36,9.999998717512810220e-01
1.822680596947137688e-13,1.822680596947137701e+02,3.928266946346281942e-29,3.084647625153961887e-08,4.548348651663049571e-36,9.999998721629433929e-01
1.823157239327216628e-13,1.823157239327216530e+02,5.957695764091780228e-29,4.678244208222282846e-08,4.548348654502747815e-36,9.999998727872794202e-01
1.823633881707295568e-13,1.823633881707295643e+02,7.997711178000332102e-29,6.280153851263069286e-08,4.548348658314805879e-36,9.999998736253984388e-01
1.824110524087374507e-13,1.824110524087374472e+02,7.390527457405121602e-29,5.803366543438123734e-08,4.548348661837454307e-36,9.999998743998879114e-01
1.824587166467453447e-13,1.824587166467453585e+02,6.242780340403485573e-29,4.902105130430191904e-08,4.548348664813036576e-36,9.999998750540993742e-01
1.825063808847532387e-13,1.825063808847532414e+02,7.690974936141960879e-29,6.039291090936375395e-08,4.548348668478891738e-36,9.999998758600742166e-01
1.825540451227611327e-13,1.825540451227611243e+02,6.407834342196794549e-29,5.031712777162917164e-08,4.548348671533145500e-36,9.999998765315823990e-01
1.826017093607690267e-13,1.826017093607690356e+02,5.324309766603181384e-29,4.180881722514380444e-08,4.548348674070944947e-36,9.999998770895429656e-01
1.826493735987769207e-13,1.826493735987769185e+02,5.027380721133494539e-29,3.947720003248023370e-08,4.548348676467214153e-36,9.999998776163866454e-01
1.826970378367848147e-13,1.826970378367848014e+02,3.283272105191335223e-29,2.578169365865679051e-08,4.548348678032165332e-36,9.999998779604568622e-01
1.827447020747927087e-13,1.827447020747927127e+02,3.199104753649859669e-29,2.512077467174987268e-08,4.548348679556998313e-36,9.999998782957065790e-01
1.827923663128006027e-13,1.827923663128005956e+02,3.446741427752278076e-29,2.706532652910655115e-08,4.548348681199865929e-36,9.999998786569074261e-01
1.828400305508084966e-13,1.828400305508085069e+02,5.254118046073773332e-29,4.125764102710590727e-08,4.548348683704208376e-36,9.999998792075120990e-01
1.828876947888163906e-13,1.828876947888163897e+02,7.621974884765642428e-29,5.985109222056149053e-08,4.548348687337175167e-36,9.999998800062561699e-01
1.829353590268242846e-13,1.829353590268242726e+02,6.911233309207622635e-29,5.427003741169115662e-08,4.548348690631371036e-36,9.999998807305180426e-01
1.829830232648321786e-13,1.829830232648321839e+02,5.648361322367809100e-29,4.435341227321335489e-08,4.548348693323626883e-36,9.999998813224373340e-01
1.830306875028400726e-13,1.830306875028400668e+02,7.499414721635914949e-29,5.888869602575037184e-08,4.548348696898175724e-36,9.999998821083375677e-01
1.830783517408479666e-13,1.830783517408479781e+02,6.180729285007759318e-29,4.853379918198179459e-08,4.548348699844181848e-36,9.999998827560464543e-01
1.831260159788558606e-13,1.831260159788558610e+02,4.753190588849390928e-29,3.732413876667832784e-08,4.548348702109760209e-36,9.999998832541564520e-01
1.831736802168637546e-13,1.831736802168637439e+02,4.935054347938554746e-29,3.875221282640519684e-08,4.548348704462023012e-36,9.999998837713249822e-01
1.832213444548716486e-13,1.832213444548716552e+02,2.905491016023503164e-29,2.281519073142190054e-08,4.548348705846907360e-36,9.999998840758056451e-01
1.832690086928795425e-13,1.832690086928795381e+02,3.015726732141921386e-29,2.368080995887307401e-08,4.548348707284334253e-36,9.999998843918382896e-01
1.833166729308874365e-13,1.833166729308874494e+02,3.049432913581128498e-29,2.394548568979855156e-08,4.548348708737827803e-36,9.999998847114033307e-01
1.833643371688953305e-13,1.833643371688953323e+02,5.480245693816032040e-29,4.303329456877415377e-08,4.548348711349952159e-36,9.999998852857049370e-01
1.834120014069032245e-13,1.834120014069032152e+02,7.883824921857638636e-29,6.190725364261954917e-08,4.548348715107728376e-36,9.999998861118896132e-01
1.834596656449111185e-13,1.834596656449111265e+02,6.492475953987075460e-29,5.098177085817127730e-08,4.548348718202326186e-36,9.999998867922678114e-01
1.835073298829190125e-13,1.835073298829190094e+02,6.227408410181737326e-29,4.890034416117700752e-08,4.548348721170581071e-36,9.999998874448683406e-01
1.835549941209269065e-13,1.835549941209268923e+02,7.146538614987994144e-29,5.611775795251808146e-08,4.548348724576933497e-36,9.999998881937889328e-01
1.836026583589348005e-13,1.836026583589348036e+02,5.931601820757763667e-29,4.657754098605103943e-08,4.548348727404194699e-36,9.999998888153904808e-01
1.836503225969426945e-13,1.836503225969426865e+02,5.191656526858649547e-29,4.076716576271572090e-08,4.548348729878765219e-36,9.999998893594495009e-01
1.836979868349505884e-13,1.836979868349505978e+02,4.805889147879240479e-29,3.773795098255041100e-08,4.548348732169461555e-36,9.999998898630819699e-01
1.837456510729584824e-13,1.837456510729584807e+02,2.864095258354776202e-29,2.249013307284537702e-08,4.548348733534614886e-36,9.999998901632246584e-01
1.837933153109663764e-13,1.837933153109663635e+02,3.175755862339702539e-29,2.493742892892339876e-08,4.548348735048318474e-36,9.999998904960274437e-01
1.838409795489742704e-13,1.838409795489742748e+02,3.613310895670576758e-29,2.837330310161325468e-08,4.548348736770580566e-36,9.999998908746839943e-01
1.838886437869821644e-13,1.838886437869821577e+02,5.262419405987189939e-29,4.132282694876605409e-08,4.548348739278880041e-36,9.999998914261586380e-01
1.839363080249900584e-13,1.839363080249900690e+02,7.105433251443694321e-29,5.579498059606589734e-08,4.548348742665639765e-36,9.999998921707715649e-01
1.839839722629979524e-13,1.839839722629979519e+02,5.930092975016957791e-29,4.656569286703400502e-08,4.548348745492181993e-36,9.999998927922151282e-01
1.840316365010058464e-13,1.840316365010058348e+02,5.895276976447297535e-29,4.629230236488100053e-08,4.548348748302128357e-36,9.999998934100099435e-01
1.840793007390137404e-13,1.840793007390137461e+02,7.008897818540606986e-29,5.503694200572854318e-08,4.548348751642875100e-36,9.999998941445064071e-01
1.841269649770216343e-13,1.841269649770216290e+02,5.875382721974885010e-29,4.613608394680833332e-08,4.548348754443339163e-36,9.999998947602164456e-01
1.841746292150295283e-13,1.841746292150295403e+02,5.021176518373583345e-29,3.942848190927036583e-08,4.548348756836651622e-36,9.999998952864100898e-01
1.842222934530374223e-13,1.842222934530374232e+02,4.302069184619631496e-29,3.378173549515997209e-08,4.548348758887205394e-36,9.999998957372447927e-01
1.842699576910453163e-13,1.842699576910453061e+02,2.725191473161046353e-29,2.139939958407049018e-08,4.548348760186150334e-36,9.999998960228307920e-01
1.843176219290532103e-13,1.843176219290532174e+02,2.642881139383135429e-29,2.075306271572243606e-08,4.548348761445863097e-36,9.999998962997912466e-01
1.843652861670611043e-13,1.843652861670611003e+02,3.264161162538491444e-29,2.563162614880138545e-08,4.548348763001705494e-36,9.999998966418587321e-01
1.844129504050689983e-13,1.844129504050690116e+02,4.860617155587988081e-29,3.816769932021166178e-08,4.548348765318488013e-36,9.999998971512265022e-01
1.844606146430768923e-13,1.844606146430768945e+02,7.106691726291729855e-29,5.580486269294049985e-08,4.548348768705847774e-36,9.999998978959714346e-01
1.845082788810847862e-13,1.845082788810847774e+02,6.172878111218843227e-29,4.847214831936621537e-08,4.548348771648111359e-36,9.999998985428574239e-01
1.845559431190926802e-13,1.845559431190926887e+02,5.837139169957323095e-29,4.583577879056596864e-08,4.548348774430347166e-36,9.999998991545597793e-01
1.846036073571005742e-13,1.846036073571005716e+02,6.872735173325537033e-29,5.396773315120299264e-08,4.548348777706193169e-36,9.999998998747872125e-01
1.846512715951084682e-13,1.846512715951084544e+02,5.251754568920145621e-29,4.123908196712189591e-08,4.548348780209409045e-36,9.999999004251441947e-01
1.846989358331163622e-13,1.846989358331163658e+02,5.187131193342447163e-29,4.073163085769413892e-08,4.548348782681822644e-36,9.999999009687290386e-01
1.847466000711242562e-13,1.847466000711242486e+02,4.468999463475948974e-29,3.509254531351857730e-08,4.548348784811943285e-36,9.999999014370573036e-01
1.847942643091321502e-13,1.847942643091321600e+02,2.499755354639444186e-29,1.962917623336776763e-08,4.548348786003436402e-36,9.999999016990189782e-01
1.848419285471400442e-13,1.848419285471400428e+02,2.693391360513674984e-29,2.114969114190726271e-08,4.548348787287224093e-36,9.999999019812725320e-01
1.848895927851479382e-13,1.848895927851479257e+02,3.361160323261000767e-29,2.639330613351554206e-08,4.548348788889300642e-36,9.999999023335051085e-01
1.849372570231558321e-13,1.849372570231558370e+02,5.493713962658375029e-29,4.313905332719587756e-08,4.548348791507844311e-36,9.999999029092180303e-01
1.849849212611637261e-13,1.849849212611637199e+02,6.370087318993019968e-29,5.002072157756831660e-08,4.548348794544107026e-36,9.999999035767707101e-01
1.850325854991716201e-13,1.850325854991716312e+02,5.859523290735963744e-29,4.601154873172339102e-08,4.548348797337012510e-36,9.999999041908188557e-01
1.850802497371795141e-13,1.850802497371795141e+02,5.564263785786817583e-29,4.369304150401923541e-08,4.548348799989183568e-36,9.999999047739251967e-01
1.851279139751874081e-13,1.851279139751873970e+02,6.317234986494173248e-29,4.960570186492365451e-08,4.548348803000254808e-36,9.999999054359391959e-01
1.851755782131953021e-13,1.851755782131953083e+02,5.213178793987176907e-29,4.093616805072899251e-08,4.548348805485083399e-36,9.999999059822536340e-01
1.852232424512031961e-13,1.852232424512031912e+02,5.098575128940199196e-29,4.003624977111740621e-08,4.548348807915287361e-36,9.999999065165582346e-01
1.852709066892110901e-13,1.852709066892111025e+02,4.055938346992480859e-29,3.184900812674650836e-08,4.548348809848524804e-36,9.999999069415997921e-01
1.853185709272189841e-13,1.853185709272189854e+02,2.286618555761908099e-29,1.795553253890853154e-08,4.548348810938426802e-36,9.999999071812256668e-01
1.853662351652268780e-13,1.853662351652268683e+02,2.866308874084606282e-29,2.250751535515278164e-08,4.548348812304635207e-36,9.999999074816001698e-01
1.854138994032347720e-13,1.854138994032347796e+02,2.916070089022711488e-29,2.289826225596197972e-08,4.548348813694561057e-36,9.999999077871892794e-01
1.854615636412426660e-13,1.854615636412426625e+02,4.835152449677989286e-29,3.796773927247717070e-08,4.548348815999206552e-36,9.999999082938886286e-01
1.855092278792505600e-13,1.855092278792505738e+02,5.591188888262458761e-29,4.390446922658214177e-08,4.548348818664211558e-36,9.999999088798166014e-01
1.855568921172584540e-13,1.855568921172584567e+02,5.423002241043982422e-29,4.258379385240061113e-08,4.548348821249051664e-36,9.999999094481194506e-01
1.856045563552663480e-13,1.856045563552663396e+02,5.657243470530079983e-29,4.442315879912218714e-08,4.548348823945541170e-36,9.999999100409696640e-01
1.856522205932742420e-13,1.856522205932742509e+02,5.974143807669954843e-29,4.691159933974840719e-08,4.548348826793079301e-36,9.999999106670293125e-01
1.856998848312821360e-13,1.856998848312821337e+02,4.980448215801208085e-29,3.910866540106874933e-08,4.548348829166978134e-36,9.999999111889547043e-01
1.857475490692900300e-13,1.857475490692900166e+02,4.717324958460039628e-29,3.704250609477433541e-08,4.548348831415461492e-36,9.999999116833061530e-01
1.857952133072979239e-13,1.857952133072979279e+02,3.769256753459703160e-29,2.959785842448723870e-08,4.548348833212053838e-36,9.999999120783049644e-01
1.858428775453058179e-13,1.858428775453058108e+02,2.001101547992377058e-29,1.571352767522044912e-08,4.548348834165866007e-36,9.999999122880101066e-01
1.858905417833137119e-13,1.858905417833137221e+02,2.381287040325155057e-29,1.869891103144339723e-08,4.548348835300891624e-36,9.999999125375568232e-01
1.859382060213216059e-13,1.859382060213216050e+02,2.593939949304163851e-29,2.036875501003119276e-08,4.548348836537277165e-36,9.999999128093884915e-01
1.859858702593294999e-13,1.859858702593294879e+02,4.870743033197157784e-29,3.824721215563333713e-08,4.548348838858886029e-36,9.999999133198174128e-01
1.860335344973373939e-13,1.860335344973373992e+02,5.740913089551552961e-29,4.508016937181805752e-08,4.548348841595256525e-36,9.999999139214358346e-01
1.860811987353452879e-13,1.860811987353452821e+02,5.565857492815798021e-29,4.370555599111820292e-08,4.548348844248187317e-36,9.999999145047091531e-01
1.861288629733531819e-13,1.861288629733531934e+02,5.584321744304503024e-29,4.385054539810810962e-08,4.548348846909919522e-36,9.999999150899174793e-01
1.861765272113610759e-13,1.861765272113610763e+02,5.035884303691071806e-29,3.954397389510157857e-08,4.548348849310241975e-36,9.999999156176524462e-01
1.862241914493689698e-13,1.862241914493689592e+02,5.233199437612189845e-29,4.109337893190240353e-08,4.548348851804613673e-36,9.999999161660648728e-01
1.862718556873768638e-13,1.862718556873768705e+02,4.853982928782681674e-29,3.811560445945186773e-08,4.548348854118234312e-36,9.999999166747375323e-01
1.863195199253847578e-13,1.863195199253847534e+02,3.745172999505140776e-29,2.940874221763212176e-08,4.548348855903347134e-36,9.999999170672123627e-01
1.863671841633926518e-13,1.863671841633926647e+02,1.958926992402388508e-29,1.538235455353740618e-08,4.548348856837057440e-36,9.999999172724979291e-01
1.864148484014005458e-13,1.864148484014005476e+02,2.551694074120922211e-29,2.003702185559844164e-08,4.548348858053306371e-36,9.999999175399023610e-01
1.864625126394084398e-13,1.864625126394084305e+02,2.830569030994747773e-29,2.222687042033477902e-08,4.548348859402479242e-36,9.999999178365315267e-01
1.865101768774163338e-13,1.865101768774163418e+02,4.625044627027832843e-29,3.631788042882886193e-08,4.548348861606977579e-36,9.999999183212124887e-01
1.865578411154242278e-13,1.865578411154242247e+02,5.274574431348703881e-29,4.141827354296951839e-08,4.548348864121070939e-36,9.999999188739610023e-01
1.866055053534321218e-13,1.866055053534321360e+02,4.711205616988302997e-29,3.699445433964640725e-08,4.548348866366637643e-36,9.999999193676712972e-01
1.866531695914400157e-13,1.866531695914400188e+02,5.316347851842463027e-29,4.174629677581137678e-08,4.548348868900641096e-36,9.999999199247973092e-01
1.867008338294479097e-13,1.867008338294479017e+02,5.283735839352910914e-29,4.149021293972953080e-08,4.548348871419101085e-36,9.999999204785058327e-01
1.867484980674558037e-13,1.867484980674558130e+02,4.987260892052924121e-29,3.916216152520650978e-08,4.548348873796247328e-36,9.999999210011452089e-01
1.867961623054636977e-13,1.867961623054636959e+02,4.404295439581829301e-29,3.458446091811224798e-08,4.548348875895526937e-36,9.999999214626927868e-01
1.868438265434715917e-13,1.868438265434715788e+02,3.104468167301316625e-29,2.437764665799757491e-08,4.548348877375251668e-36,9.999999217880249924e-01
1.868914907814794857e-13,1.868914907814794901e+02,1.864293866709214285e-29,1.463925371437000931e-08,4.548348878263855728e-36,9.999999219833934916e-01
1.869391550194873797e-13,1.869391550194873730e+02,2.249233697665644462e-29,1.766197022423280201e-08,4.548348879335939072e-36,9.999999222191017223e-01
1.869868192574952737e-13,1.869868192574952843e+02,2.648928559408511350e-29,2.080054971208589540e-08,4.548348880598534412e-36,9.999999224966958922e-01
1.870344834955031676e-13,1.870344834955031672e+02,4.441327762220303931e-29,3.487525496963910804e-08,4.548348882715464959e-36,9.999999229621242547e-01
1.870821477335110616e-13,1.870821477335110501e+02,5.284780054494633368e-29,4.149841257534762348e-08,4.548348885234422083e-36,9.999999235159421351e-01
1.871298119715189556e-13,1.871298119715189614e+02,4.823847842757543833e-29,3.787897053713731595e-08,4.548348887533678616e-36,9.999999240214566543e-01
1.871774762095268496e-13,1.871774762095268443e+02,5.596615195880769798e-29,4.394707897570763613e-08,4.548348890201270190e-36,9.999999246079532833e-01
1.872251404475347436e-13,1.872251404475347556e+02,4.985471883690520665e-29,3.914811344631613939e-08,4.548348892577564488e-36,9.999999251304053649e-01
1.872728046855426376e-13,1.872728046855426385e+02,4.711152653914832348e-29,3.699403845034704208e-08,4.548348894823105132e-36,9.999999256241098866e-01
1.873204689235505316e-13,1.873204689235505214e+02,4.653633552419492307e-29,3.654237321921091612e-08,4.548348897041230561e-36,9.999999261117868965e-01
1.873681331615584256e-13,1.873681331615584327e+02,3.092233396403042899e-29,2.428157386683768419e-08,4.548348898515124655e-36,9.999999264358372386e-01
1.874157973995663196e-13,1.874157973995663156e+02,2.012673227229329335e-29,1.580439357961248292e-08,4.548348899474452074e-36,9.999999266467549663e-01
1.874634616375742135e-13,1.874634616375742269e+02,2.370130940659015088e-29,1.861130844024692209e-08,4.548348900604160226e-36,9.999999268951325071e-01
1.875111258755821075e-13,1.875111258755821098e+02,2.905692937741110013e-29,2.281677630937571663e-08,4.548348901989140793e-36,9.999999271996343753e-01
1.875587901135900015e-13,1.875587901135899926e+02,4.391245759575836726e-29,3.448198910295990915e-08,4.548348904082200211e-36,9.999999276598143805e-01
1.876064543515978955e-13,1.876064543515979040e+02,5.040785795399537321e-29,3.958246255935157896e-08,4.548348906484858660e-36,9.999999281880628255e-01
1.876541185896057895e-13,1.876541185896057868e+02,4.909371470277043335e-29,3.855053959831822705e-08,4.548348908824879532e-36,9.999999287025398420e-01
1.877017828276136835e-13,1.877017828276136697e+02,5.279051014763188963e-29,4.145342564079509597e-08,4.548348911341106427e-36,9.999999292557574249e-01
1.877494470656215775e-13,1.877494470656215810e+02,4.795622135716333649e-29,3.765732989666622581e-08,4.548348913626909599e-36,9.999999297583140878e-01
1.877971113036294715e-13,1.877971113036294639e+02,4.646189231331328019e-29,3.648391714257679537e-08,4.548348915841486264e-36,9.999999302452108330e-01
1.878447755416373655e-13,1.878447755416373752e+02,4.480813839978549424e-29,3.518531698336478796e-08,4.548348917977237752e-36,9.999999307147771077e-01
1.878924397796452594e-13,1.878924397796452581e+02,2.627862496935560716e-29,2.063512974326485721e-08,4.548348919229792183e-36,9.999999309901637101e-01
1.879401040176531534e-13,1.879401040176531410e+02,1.969037522757313875e-29,1.546174687558256482e-08,4.548348920168321483e-36,9.999999311965087623e-01
1.879877682556610474e-13,1.879877682556610523e+02,2.294681732307983692e-29,1.801884814022524755e-08,4.548348921262066917e-36,9.999999314369796277e-01
1.880354324936689414e-13,1.880354324936689352e+02,2.629002406721394911e-29,2.064408081523066027e-08,4.548348922515164587e-36,9.999999317124856901e-01
1.880830967316768354e-13,1.880830967316768465e+02,3.775410099632020379e-29,2.964617719944941847e-08,4.548348924314690293e-36,9.999999321081293191e-01
1.881307609696847294e-13,1.881307609696847294e+02,4.947246086339633570e-29,3.884794770750935377e-08,4.548348926672763686e-36,9.999999326265753830e-01
1.881784252076926234e-13,1.881784252076926123e+02,5.267146962147552982e-29,4.135994979474883412e-08,4.548348929183316301e-36,9.999999331785454082e-01
1.882260894457005174e-13,1.882260894457005236e+02,4.811357585215084987e-29,3.778089155270948664e-08,4.548348931476619919e-36,9.999999336827510854e-01
1.882737536837084114e-13,1.882737536837084065e+02,4.530979500204975950e-29,3.557923976609638546e-08,4.548348933636282629e-36,9.999999341575744882e-01
1.883214179217163053e-13,1.883214179217163178e+02,4.377548485626043942e-29,3.437443209591992275e-08,4.548348935722813818e-36,9.999999346163193081e-01
1.883690821597241993e-13,1.883690821597242007e+02,4.155105683535194875e-29,3.262771357965327675e-08,4.548348937703319105e-36,9.999999350517531083e-01
1.884167463977320933e-13,1.884167463977320836e+02,2.980865293662635744e-29,2.340706264260527668e-08,4.548348939124129419e-36,9.999999353641324529e-01
1.884644106357399873e-13,1.884644106357399949e+02,1.781424411394323442e-29,1.398852637830483260e-08,4.548348939973234695e-36,9.999999355508166765e-01
1.885120748737478813e-13,1.885120748737478777e+02,2.010405294256536459e-29,1.578658477447249262e-08,4.548348940931481649e-36,9.999999357614969275e-01
1.885597391117557753e-13,1.885597391117557891e+02,2.817035461090227905e-29,2.212059888931099962e-08,4.548348942274203802e-36,9.999999360567077833e-01
1.886074033497636693e-13,1.886074033497636719e+02,4.363406743156273042e-29,3.426338492697563605e-08,4.548348944353993610e-36,9.999999365139703444e-01
1.886550675877715633e-13,1.886550675877715548e+02,4.772325304699985737e-29,3.747439295411696455e-08,4.548348946628692781e-36,9.999999370140856270e-01
1.887027318257794573e-13,1.887027318257794661e+02,4.991009835060295400e-29,3.919159987118063140e-08,4.548348949007626435e-36,9.999999375371180221e-01
1.887503960637873512e-13,1.887503960637873490e+02,4.752145170001453231e-29,3.731592967903070067e-08,4.548348951272706325e-36,9.999999380351184408e-01
1.887980603017952452e-13,1.887980603017952319e+02,4.189404991211962493e-29,3.289704679813012355e-08,4.548348953269560245e-36,9.999999384741466990e-01
1.888457245398031392e-13,1.888457245398031432e+02,4.496666048980179238e-29,3.530979548627254320e-08,4.548348955412868307e-36,9.999999389453743115e-01
1.888933887778110332e-13,1.888933887778110261e+02,4.026483655905508570e-29,3.161771696412432128e-08,4.548348957332066385e-36,9.999999393673292269e-01
1.889410530158189272e-13,1.889410530158189374e+02,2.901512466055574469e-29,2.278394941081474907e-08,4.548348958715053738e-36,9.999999396713927791e-01
1.889887172538268212e-13,1.889887172538268203e+02,1.802175253302157571e-29,1.415147109689245623e-08,4.548348959574049579e-36,9.999999398602515965e-01
1.890363814918347152e-13,1.890363814918347032e+02,2.224101816524160087e-29,1.746462366266361689e-08,4.548348960634153592e-36,9.999999400933260452e-01
1.890840457298426092e-13,1.890840457298426145e+02,2.607630301943218993e-29,2.047625766790137737e-08,4.548348961877064019e-36,9.999999403665923436e-01
1.891317099678505032e-13,1.891317099678504974e+02,3.995661855484575155e-29,3.137569065896237356e-08,4.548348963781570578e-36,9.999999407853171762e-01
1.891793742058583971e-13,1.891793742058584087e+02,4.155154433636912177e-29,3.262809638684927453e-08,4.548348965762099251e-36,9.999999412207560834e-01
1.892270384438662911e-13,1.892270384438662916e+02,4.290117284681939645e-29,3.368788393093985505e-08,4.548348967806956693e-36,9.999999416703384547e-01
1.892747026818741851e-13,1.892747026818741745e+02,4.832568995213526095e-29,3.794745285409638221e-08,4.548348970110370043e-36,9.999999421767669094e-01
1.893223669198820791e-13,1.893223669198820858e+02,4.001480872255608902e-29,3.142138413272233092e-08,4.548348972017650263e-36,9.999999425961014765e-01
1.893700311578899731e-13,1.893700311578899687e+02,4.271136944153449625e-29,3.353884196628855458e-08,4.548348974053461065e-36,9.999999430436948833e-01
1.894176953958978671e-13,1.894176953958978800e+02,3.683528495883612514e-29,2.892468251828607050e-08,4.548348975809192185e-36,9.999999434297098810e-01
1.894653596339057611e-13,1.894653596339057628e+02,2.482578617411217432e-29,1.949429695346489771e-08,4.548348976992497955e-36,9.999999436898714400e-01
1.895130238719136551e-13,1.895130238719136457e+02,1.689096232640060787e-29,1.326352499418550228e-08,4.548348977797594822e-36,9.999999438668800700e-01
1.895606881099215490e-13,1.895606881099215570e+02,1.789375944188935337e-29,1.405096530388255261e-08,4.548348978650489410e-36,9.999999440543974050e-01
1.896083523479294430e-13,1.896083523479294399e+02,2.222196199122155060e-29,1.744965991841244473e-08,4.548348979709684682e-36,9.999999442872721245e-01
1.896560165859373370e-13,1.896560165859373228e+02,3.978291772945525151e-29,3.123929314681609181e-08,4.548348981605912352e-36,9.999999447041766354e-01
1.897036808239452310e-13,1.897036808239452341e+02,4.676192812452450670e-29,3.671951843066509335e-08,4.548348983834790313e-36,9.999999451942177542e-01
1.897513450619531250e-13,1.897513450619531170e+02,4.319765170616458278e-29,3.392069214430175470e-08,4.548348985893779330e-36,9.999999456469070847e-01
1.897990092999610190e-13,1.897990092999610283e+02,4.527565789378549574e-29,3.555243381034662884e-08,4.548348988051814994e-36,9.999999461213727736e-01
1.898466735379689130e-13,1.898466735379689112e+02,3.914182680848288848e-29,3.073588041700543016e-08,4.548348989917485613e-36,9.999999465315591030e-01
1.898943377759768070e-13,1.898943377759767941e+02,4.123619437283447863e-29,3.238046975419023837e-08,4.548348991882983325e-36,9.999999469636933203e-01
1.899420020139847010e-13,1.899420020139847054e+02,3.916281643561117124e-29,3.075236239350001415e-08,4.548348993749654226e-36,9.999999473740995848e-01
1.899896662519925949e-13,1.899896662519925883e+02,2.523228528616325055e-29,1.981349789824331160e-08,4.548348994952334868e-36,9.999999476385209585e-01
1.900373304900004889e-13,1.900373304900004996e+02,1.690170540437164292e-29,1.327196093054186942e-08,4.548348995757944238e-36,9.999999478156421651e-01
1.900849947280083829e-13,1.900849947280083825e+02,2.119707084815203778e-29,1.664487040851134724e-08,4.548348996768289390e-36,9.999999480377766981e-01
1.901326589660162769e-13,1.901326589660162654e+02,2.653013336449935153e-29,2.083262517429915258e-08,4.548348998032831171e-36,9.999999483157988589e-01
1.901803232040241709e-13,1.901803232040241767e+02,3.687568133941964741e-29,2.895640352939191681e-08,4.548348999790487349e-36,9.999999487022370737e-01
1.902279874420320649e-13,1.902279874420320596e+02,4.287219361968744476e-29,3.366512816984410692e-08,4.548349001833963640e-36,9.999999491515157990e-01
1.902756516800399589e-13,1.902756516800399709e+02,4.023928187610549757e-29,3.159765030543013183e-08,4.548349003751943605e-36,9.999999495732028176e-01
1.903233159180478529e-13,1.903233159180478538e+02,4.277148553918922095e-29,3.358604776477347381e-08,4.548349005790619611e-36,9.999999500214260539e-01
1.903709801560557469e-13,1.903709801560557366e+02,3.963289982384963825e-29,3.112149250277194613e-08,4.548349007679697635e-36,9.999999504367587111e-01
1.904186443940636408e-13,1.904186443940636480e+02,3.930222668019496417e-29,3.086183343652001594e-08,4.548349009553013029e-36,9.999999508486258071e-01
1.904663086320715348e-13,1.904663086320715308e+02,3.592616477491582098e-29,2.821080144690989546e-08,4.548349011265411283e-36,9.999999512251136480e-01
1.905139728700794288e-13,1.905139728700794421e+02,2.104443939542658029e-29,1.652501749255529312e-08,4.548349012268481169e-36,9.999999514456486827e-01
1.905616371080873228e-13,1.905616371080873250e+02,1.563829837011915430e-29,1.227987827398143984e-08,4.548349013013871146e-36,9.999999516095300356e-01
1.906093013460952168e-13,1.906093013460952079e+02,1.804954761416428306e-29,1.417329701458309590e-08,4.548349013874191342e-36,9.999999517986800646e-01
1.906569655841031108e-13,1.906569655841031192e+02,2.326046404231991259e-29,1.826513731070565359e-08,4.548349014982886885e-36,9.999999520424378563e-01
1.907046298221110048e-13,1.907046298221110021e+02,3.258152261112003268e-29,2.558444161738291716e-08,4.548349016535864747e-36,9.999999523838755122e-01
1.907522940601188988e-13,1.907522940601188850e+02,4.015617198047411213e-29,3.153238876753372898e-08,4.548349018449883675e-36,9.999999528046916719e-01
1.907999582981267928e-13,1.907999582981267963e+02,4.426966042439697551e-29,3.476248044229803759e-08,4.548349020559969272e-36,9.999999532686151271e-01
1.908476225361346867e-13,1.908476225361346792e+02,3.815945207356849294e-29,2.996447665691132240e-08,4.548349022378815725e-36,9.999999536685066914e-01
1.908952867741425807e-13,1.908952867741425905e+02,3.582644674277963374e-29,2.813249847126817769e-08,4.548349024086460467e-36,9.999999540439493684e-01
1.909429510121504747e-13,1.909429510121504734e+02,3.656303068707268451e-29,2.871089651435519334e-08,4.548349025829214646e-36,9.999999544271113150e-01
1.909906152501583687e-13,1.909906152501583563e+02,3.300817326984702941e-29,2.591946644109982048e-08,4.548349027402528906e-36,9.999999547730201721e-01
1.910382794881662627e-13,1.910382794881662676e+02,2.200209752784374995e-29,1.727701269151130600e-08,4.548349028451244936e-36,9.999999550035908458e-01
1.910859437261741567e-13,1.910859437261741505e+02,1.404614713142191695e-29,1.102965123890141564e-08,4.548349029120745769e-36,9.999999551507873230e-01
1.911336079641820507e-13,1.911336079641820618e+02,1.619687523003667670e-29,1.271849734135748198e-08,4.548349029892759823e-36,9.999999553205223268e-01
1.911812722021899447e-13,1.911812722021899447e+02,2.580456935060684147e-29,2.026288046424771618e-08,4.548349031122718701e-36,9.999999555909410143e-01
1.912289364401978387e-13,1.912289364401978276e+02,3.572723426725384815e-29,2.805459248086675943e-08,4.548349032825634654e-36,9.999999559653440784e-01
1.912766006782057326e-13,1.912766006782057389e+02,3.724575780603026910e-29,2.924700381431338607e-08,4.548349034600930411e-36,9.999999563556606352e-01
1.913242649162136266e-13,1.913242649162136217e+02,4.130299103998379656e-29,3.243292142906482525e-08,4.548349036569611386e-36,9.999999567884947371e-01
1.913719291542215206e-13,1.913719291542215331e+02,3.697304612590503650e-29,2.903285863326033411e-08,4.548349038331908153e-36,9.999999571759533579e-01
1.914195933922294146e-13,1.914195933922294159e+02,3.342770701557640769e-29,2.624890275235655511e-08,4.548349039925218702e-36,9.999999575262585871e-01
1.914672576302373086e-13,1.914672576302372988e+02,3.744315358826780835e-29,2.940200764659132514e-08,4.548349041709922591e-36,9.999999579186434895e-01
1.915149218682452026e-13,1.915149218682452101e+02,3.167904688550786448e-29,2.487577806630782286e-08,4.548349043219884309e-36,9.999999582506237106e-01
1.915625861062530966e-13,1.915625861062530930e+02,2.043286034158641354e-29,1.604477877614712343e-08,4.548349044193803687e-36,9.999999584647496498e-01
1.916102503442609906e-13,1.916102503442610043e+02,1.496439592235206279e-29,1.175070049317312054e-08,4.548349044907072378e-36,9.999999586215688741e-01
1.916579145822688846e-13,1.916579145822688872e+02,1.774431781063428723e-29,1.393361717575220087e-08,4.548349045752844048e-36,9.999999588075202395e-01
1.917055788202767785e-13,1.917055788202767701e+02,2.247737791766652439e-29,1.765022371453322196e-08,4.548349046824213763e-36,9.999999590430714846e-01
1.917532430582846725e-13,1.917532430582846814e+02,3.201225082148008491e-29,2.513742442176862927e-08,4.548349048350057718e-36,9.999999593785435792e-01
1.918009072962925665e-13,1.918009072962925643e+02,3.552761764704918736e-29,2.789784474914035954e-08,4.548349050043459296e-36,9.999999597508547611e-01
1.918485715343004605e-13,1.918485715343004472e+02,3.722442512263064235e-29,2.923025245497717181e-08,4.548349051817738067e-36,9.999999601409477190e-01
1.918962357723083545e-13,1.918962357723083585e+02,3.795746114285426726e-29,2.980586451235994497e-08,4.548349053626956554e-36,9.999999605387224211e-01
1.919439000103162485e-13,1.919439000103162414e+02,3.204610806804930490e-29,2.516401061783179016e-08,4.548349055154414190e-36,9.999999608745492319e-01
1.919915642483241425e-13,1.919915642483241527e+02,3.408200861226105192e-29,2.676268908457742393e-08,4.548349056778911226e-36,9.999999612317111986e-01
1.920392284863320365e-13,1.920392284863320356e+02,2.851868311546901549e-29,2.239412171987743728e-08,4.548349058138236593e-36,9.999999615305724676e-01
1.920868927243399304e-13,1.920868927243399185e+02,2.014237142529482532e-29,1.581667412898055959e-08,4.548349059098310382e-36,9.999999617416542863e-01
1.921345569623478244e-13,1.921345569623478298e+02,1.432467421719953757e-29,1.124836293172160464e-08,4.548349059781086836e-36,9.999999618917694288e-01
1.921822212003557184e-13,1.921822212003557127e+02,1.591896805295990572e-29,1.250027242805813702e-08,4.548349060539854001e-36,9.999999620585919846e-01
1.922298854383636124e-13,1.922298854383636240e+02,2.137976787286870289e-29,1.678833213122831425e-08,4.548349061558907688e-36,9.999999622826410972e-01
1.922775496763715064e-13,1.922775496763715068e+02,3.396253174260166688e-29,2.666887060246066105e-08,4.548349063177710399e-36,9.999999626385510654e-01
1.923252139143794004e-13,1.923252139143793897e+02,3.801534737474525612e-29,2.985131932237424755e-08,4.548349064989687848e-36,9.999999630369323933e-01
1.923728781523872944e-13,1.923728781523873010e+02,3.630894034209724600e-29,2.851137362298651176e-08,4.548349066720331062e-36,9.999999634174315810e-01
1.924205423903951884e-13,1.924205423903951839e+02,3.549463308748601784e-29,2.787194382521819411e-08,4.548349068412160386e-36,9.999999637893971505e-01
1.924682066284030824e-13,1.924682066284030952e+02,3.017567800798134059e-29,2.369526683804065376e-08,4.548349069850465283e-36,9.999999641056228628e-01
1.925158708664109763e-13,1.925158708664109781e+02,3.519853339559863275e-29,2.763943335078651827e-08,4.548349071528181073e-36,9.999999644744854699e-01
1.925635351044188703e-13,1.925635351044188610e+02,2.992357678752658953e-29,2.349730589455195867e-08,4.548349072954469219e-36,9.999999647880690734e-01
1.926111993424267643e-13,1.926111993424267723e+02,1.972519543911455236e-29,1.548908923400820002e-08,4.548349073894658307e-36,9.999999649947790559e-01
1.926588635804346583e-13,1.926588635804346552e+02,1.594868755941423125e-29,1.252360948897003600e-08,4.548349074654842705e-36,9.999999651619132512e-01
1.927065278184425523e-13,1.927065278184425665e+02,1.866559392269576677e-29,1.465704361545093726e-08,4.548349075544526562e-36,9.999999653575191161e-01
1.927541920564504463e-13,1.927541920564504494e+02,2.198874391201840876e-29,1.726652684625041733e-08,4.548349076592605806e-36,9.999999655879497906e-01
1.928018562944583403e-13,1.928018562944583323e+02,2.952081969717214693e-29,2.318104334945397544e-08,4.548349077999697488e-36,9.999999658973129923e-01
1.928495205324662343e-13,1.928495205324662436e+02,3.536429276923407355e-29,2.776959488644975727e-08,4.548349079685313971e-36,9.999999662679125434e-01
1.928971847704741283e-13,1.928971847704741265e+02,3.284124931044834196e-29,2.578839042157946242e-08,4.548349081250670742e-36,9.999999666120719111e-01
1.929448490084820222e-13,1.929448490084820094e+02,3.128549814770002336e-29,2.456674632380101147e-08,4.548349082741874998e-36,9.999999669399279867e-01
1.929925132464899162e-13,1.929925132464899207e+02,3.161512105768189878e-29,2.482558070047636382e-08,4.548349084248790432e-36,9.999999672712384102e-01
1.930401774844978102e-13,1.930401774844978036e+02,3.299885658374105616e-29,2.591215057024287135e-08,4.548349085821660345e-36,9.999999676170495677e-01
1.930878417225057042e-13,1.930878417225057149e+02,2.589900913098919245e-29,2.033703872494011369e-08,4.548349087056120159e-36,9.999999678884579080e-01
1.931355059605135982e-13,1.931355059605135978e+02,1.766419160178393296e-29,1.387069855967578437e-08,4.548349087898073116e-36,9.999999680735697227e-01
1.931831701985214922e-13,1.931831701985214806e+02,1.424323596857456949e-29,1.118441404442631631e-08,4.548349088576968048e-36,9.999999682228315478e-01
1.932308344365293862e-13,1.932308344365293920e+02,1.444827227601335748e-29,1.134541755244902200e-08,4.548349089265635944e-36,9.999999683742419876e-01
1.932784986745372802e-13,1.932784986745372748e+02,1.830952107326671696e-29,1.437743958538502698e-08,4.548349090138348414e-36,9.999999685661166149e-01
1.933261629125451742e-13,1.933261629125451861e+02,2.822362763872335286e-29,2.216243120900757203e-08,4.548349091483609693e-36,9.999999688618856908e-01
1.933738271505530681e-13,1.933738271505530690e+02,3.691396220632988183e-29,2.898646334630769761e-08,4.548349093243090702e-36,9.999999692487251401e-01
1.934214913885609621e-13,1.934214913885609519e+02,3.300876609515803611e-29,2.591993195355422020e-08,4.548349094816432358e-36,9.999999695946399925e-01
1.934691556265688561e-13,1.934691556265688632e+02,2.964818385180690532e-29,2.328105527392088911e-08,4.548349096229594556e-36,9.999999699053379043e-01
1.935168198645767501e-13,1.935168198645767461e+02,3.105329118171768482e-29,2.438440722211958310e-08,4.548349097709730893e-36,9.999999702307605931e-01
1.935644841025846441e-13,1.935644841025846574e+02,3.103157331232918063e-29,2.436735339783837778e-08,4.548349099188830865e-36,9.999999705559555752e-01
1.936121483405925381e-13,1.936121483405925403e+02,2.724971194923657063e-29,2.139766986266632778e-08,4.548349100487671567e-36,9.999999708415185928e-01
1.936598125786004321e-13,1.936598125786004232e+02,1.850148814047351469e-29,1.452818055234451269e-08,4.548349101369533579e-36,9.999999710354048332e-01
1.937074768166083261e-13,1.937074768166083345e+02,1.296463364798741939e-29,1.018039938208676105e-08,4.548349101987485466e-36,9.999999711712677097e-01
1.937551410546162201e-13,1.937551410546162174e+02,1.663611515114233593e-29,1.306340780646006241e-08,4.548349102780434618e-36,9.999999713456054762e-01
1.938028052926241140e-13,1.938028052926241003e+02,2.347493138795512183e-29,1.843354648386585293e-08,4.548349103899352818e-36,9.999999715916108034e-01
1.938504695306320080e-13,1.938504695306320116e+02,2.874481738359545803e-29,2.257169227266050425e-08,4.548349105269456109e-36,9.999999718928417325e-01
1.938981337686399020e-13,1.938981337686398945e+02,3.329195302862141241e-29,2.614230276330657310e-08,4.548349106856296563e-36,9.999999722417244330e-01
1.939457980066477960e-13,1.939457980066478058e+02,3.268339226811596503e-29,2.566443414330329066e-08,4.548349108414129502e-36,9.999999725842295684e-01
1.939934622446556900e-13,1.939934622446556887e+02,2.835439527268170806e-29,2.226511569482435739e-08,4.548349109765624337e-36,9.999999728813692146e-01
1.940411264826635840e-13,1.940411264826635716e+02,3.141542920583878536e-29,2.466877389356539821e-08,4.548349111263020720e-36,9.999999732105867567e-01
1.940887907206714780e-13,1.940887907206714829e+02,3.114990666108408575e-29,2.446027393714970200e-08,4.548349112747761562e-36,9.999999735370218579e-01
1.941364549586793720e-13,1.941364549586793657e+02,2.596096689915323744e-29,2.038569068394326332e-08,4.548349113985174781e-36,9.999999738090794565e-01
1.941841191966872660e-13,1.941841191966872771e+02,1.869943762757006528e-29,1.468361917798087598e-08,4.548349114876472320e-36,9.999999740050401487e-01
1.942317834346951599e-13,1.942317834346951599e+02,1.437269758128938710e-29,1.128607298503899541e-08,4.548349115561537998e-36,9.999999741556586663e-01
1.942794476727030539e-13,1.942794476727030428e+02,1.441137416661788233e-29,1.131644353742560746e-08,4.548349116248446546e-36,9.999999743066824154e-01
1.943271119107109479e-13,1.943271119107109541e+02,1.907205842819315479e-29,1.497621738564445026e-08,4.548349117157504607e-36,9.999999745065478729e-01
1.943747761487188419e-13,1.943747761487188370e+02,2.600327416335345643e-29,2.041891220473714512e-08,4.548349118396935095e-36,9.999999747790490057e-01
1.944224403867267359e-13,1.944224403867267483e+02,2.952080766010999451e-29,2.318103389742444426e-08,4.548349119804025440e-36,9.999999750884118743e-01
1.944701046247346299e-13,1.944701046247346312e+02,3.064039888503090440e-29,2.406018606815654724e-08,4.548349121264480874e-36,9.999999754095075799e-01
1.945177688627425239e-13,1.945177688627425141e+02,2.772388492934132241e-29,2.177001129897139530e-08,4.548349122585922474e-36,9.999999757000397338e-01
1.945654331007504179e-13,1.945654331007504254e+02,2.921447947465859034e-29,2.294049156089885165e-08,4.548349123978412174e-36,9.999999760061925036e-01
1.946130973387583118e-13,1.946130973387583083e+02,2.798796904516880781e-29,2.197738173785814397e-08,4.548349125312441828e-36,9.999999762994922214e-01
1.946607615767662058e-13,1.946607615767662196e+02,2.385742107491042687e-29,1.873389417424110957e-08,4.548349126449590956e-36,9.999999765495058979e-01
1.947084258147740998e-13,1.947084258147741025e+02,1.774874744950637788e-29,1.393709552261958803e-08,4.548349127295573106e-36,9.999999767355034486e-01
1.947560900527819938e-13,1.947560900527819854e+02,1.141839025970674372e-29,8.966221206134063764e-09,4.548349127839824175e-36,9.999999768551625090e-01
1.948037542907898878e-13,1.948037542907898967e+02,1.304694307898566888e-29,1.024503236001935220e-08,4.548349128461698344e-36,9.999999769918878068e-01
1.948514185287977818e-13,1.948514185287977796e+02,1.918875022259702360e-29,1.506784890442848625e-08,4.548349129376318428e-36,9.999999771929761749e-01
1.948990827668056758e-13,1.948990827668056625e+02,2.851406991139910044e-29,2.239049922955970381e-08,4.548349130735423293e-36,9.999999774917889273e-01
1.949467470048135698e-13,1.949467470048135738e+02,3.055914570623652978e-29,2.399638250581529786e-08,4.548349132192005890e-36,9.999999778120330918e-01
1.949944112428214638e-13,1.949944112428214567e+02,2.884283818996815402e-29,2.264866251213835913e-08,4.548349133566781842e-36,9.999999781142913102e-01
1.950420754808293577e-13,1.950420754808293680e+02,2.422961004592879830e-29,1.902615329034526237e-08,4.548349134721670778e-36,9.999999783682052001e-01
1.950897397188372517e-13,1.950897397188372508e+02,2.688724591517181663e-29,2.111304562341579553e-08,4.548349136003234060e-36,9.999999786499697008e-01
1.951374039568451457e-13,1.951374039568451337e+02,2.951542709332786267e-29,2.317680884022411396e-08,4.548349137410068489e-36,9.999999789592762811e-01
1.951850681948530397e-13,1.951850681948530450e+02,2.478342173386673134e-29,1.946103053553074199e-08,4.548349138591354985e-36,9.999999792189939729e-01
1.952327324328609337e-13,1.952327324328609279e+02,1.724118365899081239e-29,1.353853415639568198e-08,4.548349139413144605e-36,9.999999793996725561e-01
1.952803966708688277e-13,1.952803966708688392e+02,1.435547104071650471e-29,1.127254594927652413e-08,4.548349140097389744e-36,9.999999795501106625e-01
1.953280609088767217e-13,1.953280609088767221e+02,1.560534992174244204e-29,1.225400570614786463e-08,4.548349140841208803e-36,9.999999797136467361e-01
1.953757251468846157e-13,1.953757251468846050e+02,1.749512654995488375e-29,1.373794126040261078e-08,4.548349141675102706e-36,9.999999798969866349e-01
1.954233893848925097e-13,1.954233893848925163e+02,2.510468039028544375e-29,1.971329693318578100e-08,4.548349142871701471e-36,9.999999801600708560e-01
1.954710536229004036e-13,1.954710536229003992e+02,2.890234641598418151e-29,2.269539098313195888e-08,4.548349144249313895e-36,9.999999804629526867e-01
1.955187178609082976e-13,1.955187178609083105e+02,2.628568169704246351e-29,2.064067099557737332e-08,4.548349145502204426e-36,9.999999807384132300e-01
1.955663820989161916e-13,1.955663820989161934e+02,2.448136520084666729e-29,1.922384248798494191e-08,4.548349146669092739e-36,9.999999809949652319e-01
1.956140463369240856e-13,1.956140463369240763e+02,2.690734179043528220e-29,2.112882578671770699e-08,4.548349147951614876e-36,9.999999812769405638e-01
1.956617105749319796e-13,1.956617105749319876e+02,2.765728386445198131e-29,2.171771321957668591e-08,4.548349149269881900e-36,9.999999815667747205e-01
1.957093748129398736e-13,1.957093748129398705e+02,2.158216655906334180e-29,1.694726446328005245e-08,4.548349150298582263e-36,9.999999817929448032e-01
1.957570390509477676e-13,1.957570390509477534e+02,1.624344210960608338e-29,1.275506369910162844e-08,4.548349151072815381e-36,9.999999819631676390e-01
1.958047032889556616e-13,1.958047032889556647e+02,1.217698999067657108e-29,9.561907011233175578e-09,4.548349151653223610e-36,9.999999820907762293e-01
1.958523675269635556e-13,1.958523675269635476e+02,1.282174168317603891e-29,1.006819433952493327e-08,4.548349152264364625e-36,9.999999822251416370e-01
1.959000317649714495e-13,1.959000317649714589e+02,1.549620536530814071e-29,1.216830060987972781e-08,4.548349153002981148e-36,9.999999823875338478e-01
1.959476960029793435e-13,1.959476960029793418e+02,2.489261293391687330e-29,1.954677225841331088e-08,4.548349154189471517e-36,9.999999826483956245e-01
1.959953602409872375e-13,1.959953602409872246e+02,3.123002534677059476e-29,2.452318664570765862e-08,4.548349155678031072e-36,9.999999829756702763e-01
1.960430244789951315e-13,1.960430244789951360e+02,2.649839464086895750e-29,2.080770253543343917e-08,4.548349156941060736e-36,9.999999832533600364e-01
1.960906887170030255e-13,1.960906887170030188e+02,2.410145746372305639e-29,1.892552225794407148e-08,4.548349158089841736e-36,9.999999835059310005e-01
1.961383529550109195e-13,1.961383529550109301e+02,2.454422725330491286e-29,1.927320453070660261e-08,4.548349159259726886e-36,9.999999837631419197e-01
1.961860171930188135e-13,1.961860171930188130e+02,2.819711300006710921e-29,2.214161075095828693e-08,4.548349160603724616e-36,9.999999840586332178e-01
1.962336814310267075e-13,1.962336814310266959e+02,2.322224486535320933e-29,1.823512593544121800e-08,4.548349161710598670e-36,9.999999843019905521e-01
1.962813456690346015e-13,1.962813456690346072e+02,1.544759970833666785e-29,1.213013331463377752e-08,4.548349162446898575e-36,9.999999844638733926e-01
1.963290099070424954e-13,1.963290099070424901e+02,1.194884929475259700e-29,9.382760923277668369e-09,4.548349163016433329e-36,9.999999845890913397e-01
1.963766741450503894e-13,1.963766741450504014e+02,1.505996116804566506e-29,1.182574251862666160e-08,4.548349163734257079e-36,9.999999847469120962e-01
1.964243383830582834e-13,1.964243383830582843e+02,1.917520551841001274e-29,1.505721300819879470e-08,4.548349164648231022e-36,9.999999849478583558e-01
1.964720026210661774e-13,1.964720026210661672e+02,2.438562692238462398e-29,1.914866458960689306e-08,4.548349165810556926e-36,9.999999852034072712e-01
1.965196668590740714e-13,1.965196668590740785e+02,2.760412819798689360e-29,2.167597305716803999e-08,4.548349167126290169e-36,9.999999854926844289e-01
1.965673310970819654e-13,1.965673310970819614e+02,2.418393992748974692e-29,1.899029110880117041e-08,4.548349168279002137e-36,9.999999857461195907e-01
1.966149953350898594e-13,1.966149953350898727e+02,2.414081564769593241e-29,1.895642803150287444e-08,4.548349169429659418e-36,9.999999859991031137e-01
1.966626595730977534e-13,1.966626595730977556e+02,2.605284278529712291e-29,2.045783566234556973e-08,4.548349170671451962e-36,9.999999862721236088e-01
1.967103238111056474e-13,1.967103238111056385e+02,2.684921481730124493e-29,2.108318193611278087e-08,4.548349171951203110e-36,9.999999865534896504e-01
1.967579880491135413e-13,1.967579880491135498e+02,2.108618543160394267e-29,1.655779831247229743e-08,4.548349172956263538e-36,9.999999867744622239e-01
1.968056522871214353e-13,1.968056522871214327e+02,1.586122175191643875e-29,1.245492749788712734e-08,4.548349173712278423e-36,9.999999869406797082e-01
1.968533165251293293e-13,1.968533165251293156e+02,1.203453662631736941e-29,9.450046376997381172e-09,4.548349174285897162e-36,9.999999870667954927e-01
1.969009807631372233e-13,1.969009807631372269e+02,1.258822192510270204e-29,9.884824375872786742e-09,4.548349174885907448e-36,9.999999871987137467e-01
1.969486450011451173e-13,1.969486450011451097e+02,1.635068631485307137e-29,1.283927655620756830e-08,4.548349175665252228e-36,9.999999873700604613e-01
1.969963092391530113e-13,1.969963092391530211e+02,2.304841012764626361e-29,1.809862326946640728e-08,4.548349176763840043e-36,9.999999876115959196e-01
1.970439734771609053e-13,1.970439734771609039e+02,2.653329610257989994e-29,2.083510869505840733e-08,4.548349178028533503e-36,9.999999878896514982e-01
1.970916377151687993e-13,1.970916377151687868e+02,2.196792430839302893e-29,1.725017837967295916e-08,4.548349179075620484e-36,9.999999881198640139e-01
1.971393019531766932e-13,1.971393019531766981e+02,2.394641709393434580e-29,1.880377775457813892e-08,4.548349180217011957e-36,9.999999883708102777e-01
1.971869661911845872e-13,1.971869661911845810e+02,2.561065227933135166e-29,2.011060826850421782e-08,4.548349181437727747e-36,9.999999886391968129e-01
1.972346304291924812e-13,1.972346304291924923e+02,2.395451051359907934e-29,1.881013306293400905e-08,4.548349182579504767e-36,9.999999888902278977e-01
1.972822946672003752e-13,1.972822946672003752e+02,2.121178164273506435e-29,1.665642197010185048e-08,4.548349183590550851e-36,9.999999891125165297e-01
1.973299589052082692e-13,1.973299589052082581e+02,1.457542879132598662e-29,1.144526642940652535e-08,4.548349184285279242e-36,9.999999892652594591e-01
1.973776231432161632e-13,1.973776231432161694e+02,9.649920134600854923e-30,7.577540842484781381e-09,4.548349184745236657e-36,9.999999893663856776e-01
1.974252873812240572e-13,1.974252873812240523e+02,1.273417506528271989e-29,9.999433187694702244e-09,4.548349185352203481e-36,9.999999894998334860e-01
1.974729516192319512e-13,1.974729516192319636e+02,1.953622108648540010e-29,1.534069827789084491e-08,4.548349186283385352e-36,9.999999897045630526e-01
1.975206158572398452e-13,1.975206158572398465e+02,2.565444311144185644e-29,2.014499475193778991e-08,4.548349187506187902e-36,9.999999899734084430e-01
1.975682800952477391e-13,1.975682800952477294e+02,2.548189784401798874e-29,2.000950463462648131e-08,4.548349188720766356e-36,9.999999902404456131e-01
1.976159443332556331e-13,1.976159443332556407e+02,2.033155943577718304e-29,1.596523285862208730e-08,4.548349189689857384e-36,9.999999904535099571e-01
1.976636085712635271e-13,1.976636085712635236e+02,2.369552860749145107e-29,1.860676910306468760e-08,4.548349190819290241e-36,9.999999907018271017e-01
1.977112728092714211e-13,1.977112728092714349e+02,2.568693114219123862e-29,2.017050577964180504e-08,4.548349192043641658e-36,9.999999909710129975e-01
1.977589370472793151e-13,1.977589370472793178e+02,2.482970122857724900e-29,1.949737122606983615e-08,4.548349193227133854e-36,9.999999912312155237e-01
1.978066012852872091e-13,1.978066012852872007e+02,2.135273413590713612e-29,1.676710405440550581e-08,4.548349194244898600e-36,9.999999914549813074e-01
1.978542655232951031e-13,1.978542655232951120e+02,1.511627957259130118e-29,1.186996620179456228e-08,4.548349194965406474e-36,9.999999916133921474e-01
1.979019297613029971e-13,1.979019297613029948e+02,1.247097717815620642e-29,9.792758654482169538e-09,4.548349195559827341e-36,9.999999917440814956e-01
1.979495939993108911e-13,1.979495939993108777e+02,1.367158084062844252e-29,1.073552534696490332e-08,4.548349196211474773e-36,9.999999918873526683e-01
1.979972582373187850e-13,1.979972582373187890e+02,1.668647069602421689e-29,1.310294919049907160e-08,4.548349197006825405e-36,9.999999920622184568e-01
1.980449224753266790e-13,1.980449224753266719e+02,2.147883590364865944e-29,1.686612469727535838e-08,4.548349198030600531e-36,9.999999922873056279e-01
1.980925867133345730e-13,1.980925867133345832e+02,2.247211019834207149e-29,1.764608727010974355e-08,4.548349199101719675e-36,9.999999925228019171e-01
1.981402509513424670e-13,1.981402509513424661e+02,2.182265953770485261e-29,1.713611010578984316e-08,4.548349200141883527e-36,9.999999927514923170e-01
1.981879151893503610e-13,1.981879151893503490e+02,2.259118984495042666e-29,1.773959383525198090e-08,4.548349201218678286e-36,9.999999929882363858e-01
1.982355794273582550e-13,1.982355794273582603e+02,2.283784579941397663e-29,1.793327891688161520e-08,4.548349202307229870e-36,9.999999932275652759e-01
1.982832436653661490e-13,1.982832436653661432e+02,2.274626331666005641e-29,1.786136433169912502e-08,4.548349203391416161e-36,9.999999934659344891e-01
1.983309079033740430e-13,1.983309079033740545e+02,1.948947666024924521e-29,1.530399250271111938e-08,4.548349204320369614e-36,9.999999936701742254e-01
1.983785721413819370e-13,1.983785721413819374e+02,1.324190436540288115e-29,1.039812451932465784e-08,4.548349204951536986e-36,9.999999938089426665e-01
1.984262363793898309e-13,1.984262363793898203e+02,9.736887908652091042e-30,7.645831755845847096e-09,4.548349205415639191e-36,9.999999939109801561e-01
1.984739006173977249e-13,1.984739006173977316e+02,1.118521054863921272e-29,8.783118262316167202e-09,4.548349205948775568e-36,9.999999940281955046e-01
1.985215648554056189e-13,1.985215648554056145e+02,1.627552088024228328e-29,1.278025335780159182e-08,4.548349206724537507e-36,9.999999941987545160e-01
1.985692290934135129e-13,1.985692290934135258e+02,2.212359211004643442e-29,1.737241557007819233e-08,4.548349207779044750e-36,9.999999944305985045e-01
1.986168933314214069e-13,1.986168933314214087e+02,2.329365624120521136e-29,1.829120128213723100e-08,4.548349208889321902e-36,9.999999946747040180e-01
1.986645575694293009e-13,1.986645575694292916e+02,2.375089006559596978e-29,1.865024134988487788e-08,4.548349210021393445e-36,9.999999949236012542e-01
1.987122218074371949e-13,1.987122218074372029e+02,2.074769271144850261e-29,1.629199897153632891e-08,4.548349211010319061e-36,9.999999951410263321e-01
1.987598860454450889e-13,1.987598860454450858e+02,2.069620568272429415e-29,1.625156909672141223e-08,4.548349211996790410e-36,9.999999953579119527e-01
1.988075502834529829e-13,1.988075502834529971e+02,2.455254787251777334e-29,1.927973824611986585e-08,4.548349213167072466e-36,9.999999956152101355e-01
1.988552145214608768e-13,1.988552145214608800e+02,2.001654650998280767e-29,1.571787088278991748e-08,4.548349214121148570e-36,9.999999958249733423e-01
1.989028787594687708e-13,1.989028787594687628e+02,1.266527191225672842e-29,9.945327407652200721e-09,4.548349214724831235e-36,9.999999959576989506e-01
1.989505429974766648e-13,1.989505429974766741e+02,1.131458940655173244e-29,8.884712220225819051e-09,4.548349215264133680e-36,9.999999960762699924e-01
1.989982072354845588e-13,1.989982072354845570e+02,1.395486256595626913e-29,1.095797059144981465e-08,4.548349215929283919e-36,9.999999962225099015e-01
1.990458714734924528e-13,1.990458714734924399e+02,1.694879589614467989e-29,1.330893845157061216e-08,4.548349216737137744e-36,9.999999964001247132e-01
1.990935357115003468e-13,1.990935357115003512e+02,2.012321594551201759e-29,1.580163240548575604e-08,4.548349217696298115e-36,9.999999966110056926e-01
1.991411999495082408e-13,1.991411999495082341e+02,2.109786890505563555e-29,1.656697268863576753e-08,4.548349218701914478e-36,9.999999968321003907e-01
1.991888641875161348e-13,1.991888641875161454e+02,2.142949448125311989e-29,1.682737964672433018e-08,4.548349219723337572e-36,9.999999970566705310e-01
1.992365284255240288e-13,1.992365284255240283e+02,2.044848294362748594e-29,1.605704632897459763e-08,4.548349220698001315e-36,9.999999972709601170e-01
1.992841926635319227e-13,1.992841926635319112e+02,1.958689109961601303e-29,1.538048659620135073e-08,4.548349221631598028e-36,9.999999974762205923e-01
1.993318569015398167e-13,1.993318569015398225e+02,2.302170139136281218e-29,1.807765039744093732e-08,4.548349222728912939e-36,9.999999977174762744e-01
1.993795211395477107e-13,1.993795211395477054e+02,1.790864928777189718e-29,1.406265746441233087e-08,4.548349223582517814e-36,9.999999979051498178e-01
1.994271853775556047e-13,1.994271853775556167e+02,1.269636966232750607e-29,9.969746725945393013e-09,4.548349224187681858e-36,9.999999980382011655e-01
1.994748496155634987e-13,1.994748496155634996e+02,1.050587035804476537e-29,8.249670527167243677e-09,4.548349224688437691e-36,9.999999981482973199e-01
1.995225138535713927e-13,1.995225138535713825e+02,1.077155991703682982e-29,8.458301630492682074e-09,4.548349225201857750e-36,9.999999982611779137e-01
1.995701780915792867e-13,1.995701780915792938e+02,1.400341556078082515e-29,1.099609653406656729e-08,4.548349225869321268e-36,9.999999984079264159e-01
1.996178423295871807e-13,1.996178423295871767e+02,1.943658279988597264e-29,1.526245792194477078e-08,4.548349226795753635e-36,9.999999986116118178e-01
1.996655065675950746e-13,1.996655065675950880e+02,2.178041245881539573e-29,1.710293584514361394e-08,4.548349227833903558e-36,9.999999988398594608e-01
1.997131708056029686e-13,1.997131708056029709e+02,1.997933844623690770e-29,1.568865347800608092e-08,4.548349228786205615e-36,9.999999990492325352e-01
1.997608350436108626e-13,1.997608350436108537e+02,1.963555543726547895e-29,1.541869997009126427e-08,4.548349229722122288e-36,9.999999992550031580e-01
1.998084992816187566e-13,1.998084992816187651e+02,1.845131164689115099e-29,1.448877976724477521e-08,4.548349230601592175e-36,9.999999994483633747e-01
1.998561635196266506e-13,1.998561635196266479e+02,2.229049500458635515e-29,1.750347504854687000e-08,4.548349231664054902e-36,9.999999996819564085e-01
1.999038277576345446e-13,1.999038277576345308e+02,1.875341482352705567e-29,1.472600444140500737e-08,4.548349232557924977e-36,9.999999998784827593e-01
1.999514919956424386e-13,1.999514919956424421e+02,1.159573605798027351e-29,9.105480910972680436e-09,4.548349233110627996e-36,1.000000000000000000e+00
