time_s,time_fs,p_right_total,p_right_mode,p_right_outside,p_left_backward,p_left_forward,cum_guided_frac,cum_radiative_frac,cum_reflected_frac
1.218160302669375884e-16,1.218160302669375888e-01,0.000000000000000000e+00,0.000000000000000000e+00,0.000000000000000000e+00,0.000000000000000000e+00,0.000000000000000000e+00,0.000000000000000000e+00,0.000000000000000000e+00,0.000000000000000000e+00
2.436320605338751768e-16,2.436320605338751777e-01,0.000000000000000000e+00,0.000000000000000000e+00,0.000000000000000000e+00,0.000000000000000000e+00,0.000000000000000000e+00,0.000000000000000000e+00,0.000000000000000000e+00,0.000000000000000000e+00
3.654480908008127405e-16,3.654480908008127527e-01,0.000000000000000000e+00,0.000000000000000000e+00,0.000000000000000000e+00,0.000000000000000000e+00,0.000000000000000000e+00,0.000000000000000000e+00,0.000000000000000000e+00,0.000000000000000000e+00
4.872641210677503535e-16,4.872641210677503554e-01,0.000000000000000000e+00,0.000000000000000000e+00,0.000000000000000000e+00,0.000000000000000000e+00,0.000000000000000000e+00,0.000000000000000000e+00,0.000000000000000000e+00,0.000000000000000000e+00
6.090801513346879665e-16,6.090801513346879581e-01,0.000000000000000000e+00,0.000000000000000000e+00,0.000000000000000000e+00,0.000000000000000000e+00,0.000000000000000000e+00,0.000000000000000000e+00,0.000000000000000000e+00,0.000000000000000000e+00
7.308961816016254810e-16,7.308961816016255053e-01,0.000000000000000000e+00,0.000000000000000000e+00,0.000000000000000000e+00,0.000000000000000000e+00,0.000000000000000000e+00,0.000000000000000000e+00,0.000000000000000000e+00,0.000000000000000000e+00
8.527122118685630940e-16,8.527122118685630525e-01,0.000000000000000000e+00,0.000000000000000000e+00,0.000000000000000000e+00,0.000000000000000000e+00,0.000000000000000000e+00,0.000000000000000000e+00,0.000000000000000000e+00,0.000000000000000000e+00
9.745282421355007070e-16,9.745282421355007108e-01,0.000000000000000000e+00,0.000000000000000000e+00,0.000000000000000000e+00,0.000000000000000000e+00,0.000000000000000000e+00,0.000000000000000000e+00,0.000000000000000000e+00,0.000000000000000000e+00
1.096344272402438221e-15,1.096344272402438147e+00,0.000000000000000000e+00,0.000000000000000000e+00,0.000000000000000000e+00,0.000000000000000000e+00,0.000000000000000000e+00,0.000000000000000000e+00,0.000000000000000000e+00,0.000000000000000000e+00
1.218160302669375933e-15,1.218160302669375916e+00,0.000000000000000000e+00,0.000000000000000000e+00,0.000000000000000000e+00,0.000000000000000000e+00,0.000000000000000000e+00,0.000000000000000000e+00,0.000000000000000000e+00,0.000000000000000000e+00
1.339976332936313448e-15,1.339976332936313463e+00,0.000000000000000000e+00,0.000000000000000000e+00,0.000000000000000000e+00,0.000000000000000000e+00,0.000000000000000000e+00,0.000000000000000000e+00,0.000000000000000000e+00,0.000000000000000000e+00
1.461792363203250962e-15,1.461792363203251011e+00,0.000000000000000000e+00,0.000000000000000000e+00,0.000000000000000000e+00,0.000000000000000000e+00,0.000000000000000000e+00,0.000000000000000000e+00,0.000000000000000000e+00,0.000000000000000000e+00
1.583608393470188674e-15,1.583608393470188780e+00,0.000000000000000000e+00,0.000000000000000000e+00,0.000000000000000000e+00,0.000000000000000000e+00,0.000000000000000000e+00,0.000000000000000000e+00,0.000000000000000000e+00,0.000000000000000000e+00
1.705424423737126188e-15,1.705424423737126105e+00,0.000000000000000000e+00,0.000000000000000000e+00,0.000000000000000000e+00,0.000000000000000000e+00,0.000000000000000000e+00,0.000000000000000000e+00,0.000000000000000000e+00,0.000000000000000000e+00
1.827240454004063900e-15,1.827240454004063874e+00,0.000000000000000000e+00,0.000000000000000000e+00,0.000000000000000000e+00,0.000000000000000000e+00,0.000000000000000000e+00,0.000000000000000000e+00,0.000000000000000000e+00,0.000000000000000000e+00
1.949056484271001414e-15,1.949056484271001422e+00,0.000000000000000000e+00,0.000000000000000000e+00,0.000000000000000000e+00,0.000000000000000000e+00,0.000000000000000000e+00,0.000000000000000000e+00,0.000000000000000000e+00,0.000000000000000000e+00
2.070872514537938928e-15,2.070872514537938969e+00,0.000000000000000000e+00,0.000000000000000000e+00,0.000000000000000000e+00,0.000000000000000000e+00,0.000000000000000000e+00,0.000000000000000000e+00,0.000000000000000000e+00,0.000000000000000000e+00
2.192688544804876443e-15,2.192688544804876294e+00,0.000000000000000000e+00,0.000000000000000000e+00,0.000000000000000000e+00,0.000000000000000000e+00,0.000000000000000000e+00,0.000000000000000000e+00,0.000000000000000000e+00,0.000000000000000000e+00
2.314504575071814352e-15,2.314504575071814507e+00,0.000000000000000000e+00,0.000000000000000000e+00,0.000000000000000000e+00,2.195975492705012155e-40,0.000000000000000000e+00,0.000000000000000000e+00,0.000000000000000000e+00,1.000000000000000000e+00
2.436320605338751866e-15,2.436320605338751832e+00,0.000000000000000000e+00,0.000000000000000000e+00,0.000000000000000000e+00,1.082911036574409580e-37,2.587917735490800947e-53,0.000000000000000000e+00,0.000000000000000000e+00,1.000000000000000000e+00
2.558136635605689381e-15,2.558136635605689602e+00,3.064179569089966847e-39,3.064144643696713331e-39,3.492539325351543347e-44,1.413897015440928111e-35,5.714551541164721293e-52,2.150194702119277398e-04,2.450811050895488424e-09,9.997849780789770380e-01
2.679952665872626895e-15,2.679952665872626927e+00,9.506790922738650124e-37,9.506543446323144398e-37,2.474764155057266458e-41,8.337516884524087490e-34,4.278506834266239115e-51,1.123405639045130461e-03,2.919192169152807321e-08,9.988765651690332259e-01
2.801768696139564409e-15,2.801768696139564252e+00,1.021913371752752146e-34,1.021863540561736596e-34,4.983119101554979201e-39,2.762045806083037444e-32,1.461773323660072965e-50,3.609880587874389132e-03,1.752754925698872849e-07,9.963899441366331766e-01
2.923584726406501924e-15,2.923584726406502021e+00,5.578119415401862466e-33,5.577651273883888860e-33,4.681415179736063515e-37,5.783799208222732441e-31,7.325561607047317402e-50,9.274312542321989233e-03,7.724514648363750776e-07,9.907249150062131804e-01
3.045400756673439833e-15,3.045400756673439790e+00,1.834980731371325259e-31,1.834728656571548769e-31,2.520747997764902354e-35,8.228319305704009982e-30,1.811125899655761964e-49,2.096037049054678275e-02,2.845704995211642338e-06,9.790367838044580218e-01
3.167216786940377347e-15,3.167216786940377560e+00,4.012558038365561431e-30,4.011686389995736180e-30,8.716483698252505007e-34,8.334035866928839869e-29,2.642417305895304470e-49,4.358745916266756892e-02,9.310588042272160882e-06,9.564032302492901927e-01
3.289032817207314862e-15,3.289032817207314885e+00,6.212431217239535460e-29,6.210351541091964130e-29,2.079676147571329948e-32,6.196815149233222788e-28,2.734191382427698790e-49,8.520405575459878700e-02,2.787787441120476341e-05,9.147680663709899518e-01
3.410848847474252376e-15,3.410848847474252210e+00,7.112513322980606159e-28,7.108916450986131052e-28,3.596871994475106620e-31,3.447236892548920657e-27,2.183674602741535752e-49,1.574332076938724512e-01,7.725474627239815558e-05,8.424895375598551173e-01
3.532664877741189890e-15,3.532664877741189979e+00,6.212069609326956452e-27,6.207394454285951743e-27,4.675155041004708875e-30,1.447694605077893637e-26,5.105542304692855654e-49,2.725620765384585420e-01,1.973229570667426084e-04,7.272406005044748101e-01
3.654480908008127799e-15,3.654480908008127749e+00,4.234631107930669875e-26,4.229936698852125027e-26,4.694409078544848630e-29,4.585833194616167875e-26,5.249923644464866289e-49,4.329598046744154716e-01,4.568257609005124697e-04,5.665833695646840251e-01
3.776296938275064919e-15,3.776296938275065074e+00,2.291205892834476701e-25,2.287484687871347457e-25,3.721204963129243433e-28,1.082531664294598741e-25,3.413835012730274266e-49,6.162010385842057181e-01,9.399762476840443090e-04,3.828589851681100109e-01
3.898112968542002828e-15,3.898112968542002843e+00,9.960784763843217884e-25,9.937093217989987661e-25,2.369154585323022341e-27,1.858447861289589664e-25,1.754509072667553594e-49,7.787156031707030968e-01,1.710384503562500198e-03,2.195740123257345355e-01
4.019928998808940737e-15,4.019928998808940612e+00,3.509356986184616659e-24,3.497074656850454275e-24,1.228232933416238353e-26,2.272754225781961316e-25,7.661252171660852972e-50,8.880874788992191293e-01,2.807500842712671446e-03,1.091050202580683137e-01
4.141745029075877857e-15,4.141745029075877937e+00,1.007612570617913176e-23,1.002372121720020480e-23,5.240448897892696103e-26,2.260129969510565613e-25,2.418900519858454167e-28,9.438893226447357954e-01,4.305802146023034876e-03,5.180487520924113853e-02
4.263561059342815766e-15,4.263561059342816151e+00,2.365335987823493651e-23,2.346800303340030951e-23,1.853568448346269936e-25,3.370070951687122647e-25,5.801277923608092926e-50,9.646584792189195623e-01,6.374747788429680102e-03,2.896677299265072031e-02
4.385377089609752886e-15,4.385377089609752588e+00,4.547506250767860186e-23,4.493004962424382913e-23,5.450128834347727339e-25,7.438924694901420293e-25,6.166991069542718452e-32,9.686703319060714357e-01,9.290154686622309477e-03,2.203951340730629996e-02
4.507193119876690795e-15,4.507193119876690801e+00,7.173806299605074009e-23,7.041038925064670648e-23,1.327673745404033605e-24,1.258547616478369112e-24,2.506402153819914924e-46,9.667867350726883080e-01,1.337835212128873734e-02,1.983491280602298415e-02
4.629009150143628703e-15,4.629009150143629014e+00,9.339082548955218171e-23,9.074085110739024310e-23,2.649974382161938607e-24,1.564516127953776838e-24,3.122864407295320057e-30,9.626079526792169494e-01,1.881352976908337929e-02,1.857851755169991764e-02
4.750825180410565823e-15,4.750825180410565451e+00,1.021432785602535924e-22,9.789177984504906929e-23,4.251498715204523134e-24,2.686228472364906879e-24,6.910240206360690003e-28,9.541935358161631742e-01,2.516848609195446174e-02,2.063797809188236410e-02
4.872641210677503732e-15,4.872641210677503665e+00,9.842567022634889783e-23,9.307705514160245334e-23,5.348615084746444493e-24,7.944748934617787757e-24,8.300998286789753321e-28,9.360853382599974015e-01,3.091309368267156077e-02,3.300156805733103771e-02
4.994457240944440852e-15,4.994457240944440990e+00,9.276357908485708605e-23,8.759517428536134837e-23,5.168404799495737682e-24,2.170337595827507645e-23,2.511536205202976499e-28,9.023395880828686266e-01,3.372565096160829584e-02,6.393476095552308447e-02
5.116273271211378761e-15,5.116273271211379203e+00,1.010207690114274926e-22,9.712144856209152605e-23,3.899320449335966522e-24,4.875109697785965100e-23,0.000000000000000000e+00,8.502004143875029341e-01,3.214622195096163149e-02,1.176533636615355177e-01
5.238089301478316670e-15,5.238089301478316528e+00,1.450407010014661520e-22,1.424042905683468401e-22,2.636410433119311938e-24,9.768510355172679983e-23,0.000000000000000000e+00,7.843964650176737941e-01,2.683107869138605731e-02,1.887724562909401660e-01
5.359905331745253790e-15,5.359905331745253854e+00,2.665549708064336039e-22,2.644427162541317090e-22,2.112254552301894886e-24,1.836350871759707730e-22,5.771559982153952736e-34,7.220384734003055804e-01,1.982298141841701972e-02,2.581385451812773235e-01
5.481721362012191699e-15,5.481721362012192067e+00,5.555877660870477443e-22,5.533174974409030473e-22,2.270268646144697023e-24,3.222040065389336846e-22,1.044456322206086019e-34,6.870460171180940989e-01,1.324458322405862483e-02,2.997093996578474306e-01
5.603537392279128819e-15,5.603537392279128504e+00,1.199676141236247552e-21,1.196675246702107605e-21,3.000894534139946584e-24,5.143106312071109719e-22,8.263798005866335629e-34,6.918012790571805848e-01,8.336683079607104876e-03,2.998620378632123051e-01
5.725353422546066728e-15,5.725353422546066717e+00,2.551598478425466696e-21,2.547448691297178545e-21,4.149787128288150607e-24,7.282901507940079727e-22,2.771545697257818871e-34,7.299728007135897201e-01,5.156800144226749913e-03,2.648703991421834658e-01
5.847169452813003848e-15,5.847169452813004042e+00,5.173574325461124066e-21,5.167968926851489581e-21,5.605398609634484607e-24,8.905951607301723449e-22,5.072095839199839148e-34,7.854667958162503405e-01,3.235384924399985814e-03,2.112978192593496785e-01
5.968985483079941757e-15,5.968985483079941368e+00,9.782494716921832977e-21,9.773654371203103910e-21,8.840345718729067487e-24,9.067002167253580210e-22,4.678374482932681266e-34,8.427560256122136328e-01,2.164853067037236876e-03,1.550791213207491082e-01
6.090801513346879665e-15,6.090801513346879581e+00,1.702469495235087544e-20,1.700812490728335043e-20,1.657004506752500997e-23,7.248779107904137784e-22,1.238612283492354775e-34,8.917924543667312687e-01,1.641961930834115674e-03,1.065655837024346297e-01
6.212617543613816785e-15,6.212617543613816906e+00,2.704579813489623633e-20,2.701467493571135992e-20,3.112319918487641162e-23,4.120461974840954292e-22,4.984678883385613656e-34,9.282950868552897195e-01,1.440364801707085451e-03,7.026454834300327468e-02
6.334433573880754694e-15,6.334433573880755119e+00,3.891238709915208016e-20,3.885775654188899483e-20,5.463055726308533583e-23,1.843636566473412652e-22,9.581239531388498362e-24,9.519628493687044557e-01,1.424831762138422785e-03,4.661231886915743333e-02
6.456249604147691814e-15,6.456249604147691556e+00,5.019768354937814968e-20,5.010855524328857340e-20,8.912830608957628659e-23,2.719043053498206922e-22,2.687198983682843771e-24,9.649547264193617524e-01,1.533240832617502021e-03,3.351203274802083687e-02
6.578065634414629723e-15,6.578065634414629770e+00,5.720644552804357154e-20,5.707116921677350423e-20,1.352763112700673116e-22,8.113298834126526551e-22,4.302744470248404472e-25,9.699660198997700489e-01,1.746860809972532874e-03,2.828711929025737662e-02
6.699881664681567632e-15,6.699881664681567983e+00,5.622736043799269839e-20,5.603720196901105344e-20,1.901584689816449430e-22,1.609496276550561084e-21,1.970242304546027284e-25,9.697381738870827217e-01,2.071336403157939335e-03,2.819048970975943091e-02
6.821697694948504752e-15,6.821697694948504420e+00,4.566671708301767215e-20,4.542123548237060362e-20,2.454816006470685228e-22,2.210952325035940449e-21,1.328247194048045082e-25,9.666144473832906092e-01,2.524938495169369058e-03,3.086061412154015096e-02
6.943513725215442661e-15,6.943513725215442633e+00,2.808561874954690526e-20,2.779832800609102061e-20,2.872907434558846583e-22,2.207543939825058170e-21,2.193516060654998251e-25,9.624101235168353030e-01,3.122372243391214729e-03,3.446750423977343325e-02
7.065329755482379781e-15,7.065329755482379959e+00,1.223370002646617946e-20,1.193107863557624288e-20,3.026213908899365807e-22,1.606542025862377292e-21,1.600013775947709069e-24,9.586223927435647552e-01,3.829807272752670452e-03,3.754779998368253102e-02
7.187145785749317690e-15,7.187145785749317284e+00,7.263497761723114562e-21,6.976890356323757698e-21,2.866074053993568637e-22,9.046073103114169766e-22,2.711068245106049592e-24,9.563462097984078980e-01,4.510938063566748146e-03,3.914285213802530528e-02
7.308961816016255598e-15,7.308961816016255497e+00,1.315856530213968088e-20,1.291382491997668605e-20,2.447403821629948362e-22,7.094904573675477158e-22,3.373322997522698111e-24,9.554488155499861746e-01,4.979607310006124547e-03,3.957157714000753695e-02
7.430777846283193507e-15,7.430777846283193711e+00,3.858360572922451835e-20,3.839031193401767226e-20,1.932937952068460851e-22,1.176752549610655767e-21,1.755817785569040820e-24,9.563854326918690418e-01,4.968644977012275261e-03,3.864592233111845826e-02
7.552593876550129838e-15,7.552593876550130148e+00,7.788378452482835443e-20,7.773179741028441880e-20,1.519871145439356333e-22,1.844713141462736703e-21,3.307962609679962624e-25,9.592988321216308067e-01,4.488224148923589465e-03,3.621294372944574430e-02
7.674409906817067747e-15,7.674409906817067473e+00,1.206467115966279427e-19,1.205109781995268527e-19,1.357333971010900219e-22,2.088173250495562404e-21,1.034454351375103964e-25,9.636915122302378567e-01,3.830278947037786194e-03,3.247820882272446641e-02
7.796225937084005656e-15,7.796225937084005686e+00,1.595848921619833481e-19,1.594364894144589971e-19,1.484027475243510259e-22,1.756160803107390926e-21,8.641919342218297479e-25,9.686814753671560974e-01,3.237592062154022888e-03,2.808093257068982815e-02
7.918041967350943565e-15,7.918041967350943899e+00,1.931184043291313520e-19,1.929211761476574458e-19,1.972281814739061900e-22,1.273029982104822100e-21,4.618435675618135602e-24,9.733616139238947529e-01,2.799625963363766828e-03,2.383876011274149720e-02
8.039857997617881474e-15,8.039857997617881225e+00,2.255278238340620680e-19,2.252468104709379335e-19,2.810133631241344347e-22,1.056678904051046153e-21,4.267056827549503378e-24,9.772339408442801689e-01,2.508396174987656286e-03,2.025766298073203991e-02
8.161674027884817805e-15,8.161674027884817662e+00,2.644959591861126603e-19,2.641030894352986397e-19,3.928697508140206576e-22,1.022860428874156471e-21,5.931400943434844282e-25,9.803642776655995261e-01,2.323678908916764797e-03,1.731204342548373076e-02
8.283490058151755714e-15,8.283490058151755875e+00,3.175116552161547260e-19,3.169816633381415090e-19,5.299918780132169594e-22,8.483201653170602512e-22,1.175615110713784428e-24,9.830757579145560365e-01,2.206952217727259705e-03,1.471728986771688071e-02
8.405306088418693623e-15,8.405306088418694088e+00,3.880570692048279759e-19,3.873600632013634063e-19,6.970060034645696161e-22,6.909448253804546257e-22,1.886027393665540488e-23,9.854506778617290186e-01,2.133324423052516440e-03,1.241599771521872606e-02
8.527122118685631532e-15,8.527122118685632302e+00,4.724254385594523192e-19,4.715185042354077546e-19,9.069343240445645695e-22,1.242258972691509340e-21,1.222907587569534724e-23,9.872338126830473293e-01,2.094388426766536151e-03,1.067179889018625948e-02
8.648938148952569440e-15,8.648938148952568739e+00,5.568370287352052960e-19,5.556662348469036331e-19,1.170793888301662871e-21,2.979428920705359842e-21,5.447444519505351959e-24,9.881645832155881992e-01,2.093866828019061085e-03,9.741549956392999907e-03
8.770754179219505772e-15,8.770754179219505176e+00,6.187910671056466859e-19,6.173050970299706386e-19,1.485970075676047209e-21,5.249404668948586922e-21,5.115119745704639066e-25,9.883338088463439197e-01,2.140521282992557169e-03,9.525669870663713498e-03
8.892570209486443680e-15,8.892570209486443389e+00,6.350127686271337660e-19,6.331829090798609701e-19,1.829859547272795888e-21,6.711446843555199755e-21,2.901683453432057944e-26,9.880986257288517649e-01,2.242242808992943575e-03,9.659131462155318842e-03
9.014386239753381589e-15,9.014386239753381602e+00,5.931420273082548309e-19,5.909813141940185588e-19,2.160713114236272145e-21,6.676493259096102220e-21,5.046355788648991192e-25,9.877645931271210600e-01,2.402671742856869221e-03,9.832735130021988401e-03
9.136202270020319498e-15,9.136202270020319816e+00,4.993020177419549585e-19,4.968713233793711932e-19,2.430694362583765333e-21,5.769466113401092993e-21,6.600128102964689526e-24,9.874031629291086798e-01,2.620411817254291592e-03,9.976425253637115353e-03
9.258018300287257407e-15,9.258018300287258029e+00,3.753574852989828700e-19,3.727603922892086871e-19,2.597093009774182851e-21,5.061784395124393301e-21,5.232255125022920684e-24,9.869229983574570042e-01,2.888438224367939275e-03,1.018856341817522999e-02
9.379834330554193738e-15,9.379834330554194466e+00,2.480363980309720923e-19,2.453949026985012046e-19,2.641495332470887649e-21,4.911575344072731895e-21,4.027203329433449168e-25,9.862408516177614271e-01,3.195484504639560779e-03,1.056366387759908806e-02
9.501650360821131647e-15,9.501650360821130903e+00,1.383234533393526111e-19,1.357489127174891164e-19,2.574540621863494682e-21,4.893933872758100180e-21,1.944909345467421599e-26,9.853772959923394748e-01,3.527983337932727101e-03,1.109472066972784846e-02
9.623466391088069556e-15,9.623466391088069116e+00,6.332238124095647403e-20,6.090022994230887144e-20,2.422151298647602588e-21,4.665629764594944557e-21,8.350926954231890501e-25,9.844302890717718801e-01,3.867132639263251397e-03,1.170257828896486066e-02
9.745282421355007465e-15,9.745282421355007330e+00,2.127548711845045398e-20,1.906014831446286463e-20,2.215338803987589359e-21,4.355208475901785937e-21,1.132533709424529497e-24,9.834749852656504698e-01,4.194709314392715445e-03,1.233030541995679651e-02
9.867098451621945373e-15,9.867098451621945543e+00,2.874574354587043859e-20,2.677066404581983609e-20,1.975079500050602493e-21,4.035054221211669480e-21,3.500917168621633969e-25,9.826327830016305942e-01,4.477717138251124072e-03,1.288949986011812474e-02
9.988914481888881705e-15,9.988914481888881980e+00,9.290543181646157542e-20,9.119604119153514798e-20,1.709390624926427438e-21,3.478230365690495238e-21,2.122926488718005274e-23,9.820995468040485399e-01,4.671636527828197660e-03,1.322881666812321388e-02
1.011073051215581961e-14,1.011073051215582019e+01,2.368079463074558704e-19,2.353820281693829702e-19,1.425918138072900142e-21,2.730489249429953623e-21,1.239470729066336283e-23,9.821187941915160424e-01,4.716574957023006269e-03,1.316463085146103371e-02
1.023254654242275752e-14,1.023254654242275841e+01,4.872988473382925582e-19,4.861488961186043263e-19,1.149951219688231916e-21,2.804391674194613213e-21,4.632515206612517099e-23,9.827758878601222658e-01,4.557857741368199697e-03,1.266625439850946680e-02
1.035436257268969543e-14,1.035436257268969484e+01,8.436371136735096634e-19,8.426995655771058169e-19,9.375480964038465181e-22,4.509481071844028329e-21,2.852944699404776068e-24,9.838976382012308841e-01,4.199327437418884194e-03,1.190303436135036440e-02
1.047617860295663334e-14,1.047617860295663306e+01,1.284568301237421156e-18,1.283730579749048589e-18,8.377214883725670454e-22,7.561740246353368486e-21,2.310717826547083916e-24,9.852092430312643367e-01,3.714265307204638478e-03,1.107649166153118654e-02
1.059799463322356967e-14,1.059799463322356949e+01,1.762258817959714062e-18,1.761356579890792106e-18,9.022380689219557241e-22,1.028465760548345132e-20,9.839078079802991984e-25,9.865474332934945911e-01,3.208431075944173996e-03,1.024413563056119324e-02
1.071981066349050758e-14,1.071981066349050771e+01,2.216809857895557335e-18,2.215613122832949334e-18,1.196735062608000258e-21,1.140521218674635417e-20,1.962413410385123760e-24,9.878381590925762179e-01,2.766209178486530185e-03,9.395631728937496943e-03
1.084162669375744549e-14,1.084162669375744592e+01,2.598211940969909096e-18,2.596499628523040094e-18,1.712312446869001417e-21,1.110542970424928039e-20,1.044998223635334160e-24,9.890153263100680547e-01,2.423594755400006705e-03,8.561078934532203102e-03
1.096344272402438340e-14,1.096344272402438413e+01,2.880899091093035800e-18,2.878478621527701586e-18,2.420469565334214179e-21,1.054294855731311793e-20,8.133986216335476872e-25,9.900067452464720308e-01,2.181663711193180220e-03,7.811591042335009304e-03
1.108525875429132131e-14,1.108525875429132057e+01,3.062056473577006255e-18,3.058771359454282683e-18,3.285114122723572175e-21,1.080186922600966991e-20,7.146840425342741527e-25,9.907610842454669386e-01,2.026499997822661919e-03,7.212415756710421552e-03
1.120707478455825764e-14,1.120707478455825701e+01,3.147587205894134067e-18,3.143308665908184035e-18,4.278539985950032637e-21,1.252492704059652608e-20,8.767608555427271020e-25,9.912529727613289543e-01,1.942136903463946790e-03,6.804890335207181527e-03
1.132889081482519555e-14,1.132889081482519522e+01,3.136821719488155482e-18,3.131437619669178138e-18,5.384099818977344508e-21,1.584835614470225005e-20,1.101746134638774288e-24,9.914767760850634604e-01,1.916073094489929678e-03,6.607150820446870167e-03
1.145070684509213346e-14,1.145070684509213343e+01,3.015869676075276814e-18,3.009292001469341932e-18,6.577674605934882371e-21,2.002242564169098793e-20,1.233925464980072655e-24,9.914536894865461081e-01,1.940312294089395657e-03,6.605998219364495397e-03
1.157252287535907136e-14,1.157252287535907165e+01,2.764157406297684424e-18,2.756357052274774251e-18,7.800354022910173746e-21,2.341839750976589090e-20,1.617499508353078273e-24,9.912372635064328197e-01,2.010303236351191399e-03,6.752433257216066548e-03
1.169433890562600770e-14,1.169433890562600808e+01,2.371973094681332886e-18,2.363032978278852229e-18,8.940116402480657000e-21,2.465366777125979267e-20,1.995121154501297871e-24,9.908928840392473569e-01,2.123033799632011945e-03,6.984082161120674058e-03
1.181615493589294560e-14,1.181615493589294630e+01,1.859424471020223478e-18,1.849580374381319959e-18,9.844096638903519553e-21,2.379772732620598025e-20,1.258350592579502603e-23,9.904639844088394263e-01,2.275074998078240474e-03,7.260940593082534922e-03
1.193797096615988351e-14,1.193797096615988274e+01,1.283877142998514788e-18,1.273511582953126641e-18,1.036556004538814682e-20,2.201645783525280385e-20,4.520387607273092379e-24,9.899626977000823835e-01,2.461074919652091186e-03,7.576227380265567780e-03
1.205978699642682142e-14,1.205978699642682095e+01,7.297077733220266356e-19,7.192900872597091767e-19,1.041768606231745883e-20,2.028082620619248814e-20,1.753531854344797854e-24,9.893906630118877166e-01,2.672697324960724482e-03,7.936639663151660862e-03
1.218160302669375933e-14,1.218160302669375916e+01,2.959081600660326961e-19,2.859106039794605595e-19,9.997556086572136586e-21,1.866870090241113251e-20,1.008679203682986761e-24,9.887701669295748674e-01,2.897017053600328598e-03,8.332816016824751496e-03
1.230341905696069566e-14,1.230341905696069560e+01,9.957265320411440476e-20,9.039768236357278966e-20,9.174970840541615100e-21,1.696430711416963053e-20,9.635221891958516683e-25,9.881636076628104171e-01,3.112895288914614093e-03,8.723497048274776733e-03
1.242523508722763357e-14,1.242523508722763381e+01,7.937676629260177160e-20,7.131388105640362081e-20,8.062885236198150790e-21,1.515168253585202279e-20,1.626681699530360780e-24,9.876250996508847413e-01,3.302229411863128513e-03,9.072670937252143644e-03
1.254705111749457148e-14,1.254705111749457203e+01,3.886165834063073064e-19,3.818309035069558485e-19,6.785679899351457865e-21,1.338148961883434331e-20,2.049276825228947801e-23,9.872584265023748307e-01,3.433963748570996368e-03,9.307609749054276613e-03
1.266886714776150939e-14,1.266886714776151024e+01,1.065143760349659247e-18,1.059669592246357349e-18,5.474168103301897854e-21,1.214849366948719921e-20,4.409734412664791351e-23,9.871667725893512602e-01,3.475712990558582800e-03,9.357514420090043417e-03
1.279068317802844730e-14,1.279068317802844668e+01,2.158279844678189297e-18,2.154007435422420008e-18,4.272409255769288970e-21,1.271761798230351278e-20,4.525661082951412875e-23,9.874100690734853858e-01,3.402453424874829924e-03,9.187477501639635530e-03
1.291249920829538363e-14,1.291249920829538311e+01,3.663420313558194789e-18,3.660052326727984414e-18,3.367986830210374615e-21,1.645147636905163968e-20,4.970343964560256750e-24,9.879582299512440491e-01,3.213199362837303955e-03,8.828570685918581476e-03
1.303431523856232154e-14,1.303431523856232133e+01,5.522764422648280138e-18,5.519807311669982823e-18,2.957110978297315093e-21,2.328413039294627591e-20,9.091349720683320268e-24,9.887103142150301949e-01,2.937478131643251732e-03,8.352207653326438469e-03
1.315613126882925945e-14,1.315613126882925954e+01,7.614082707952885348e-18,7.610853225043575006e-18,3.229482909310341153e-21,3.114912037894016894e-20,5.703316232442931563e-24,9.895540402462575935e-01,2.625092140902876483e-03,7.820867612839430688e-03
1.327794729909619736e-14,1.327794729909619775e+01,9.762966384620485781e-18,9.758529176220364129e-18,4.437208400121651587e-21,3.805699550752836811e-20,8.385769828998384003e-24,9.903933355590951448e-01,2.326700359992106559e-03,7.279964080912813655e-03
1.339976332936313526e-14,1.339976332936313597e+01,1.177993266246944129e-17,1.177323934137546693e-17,6.693321093974366701e-21,4.389654381299777695e-20,6.038354866547279436e-24,9.911507232311502769e-01,2.076426432364843287e-03,6.772850336484908911e-03
1.352157935963007160e-14,1.352157935963007240e+01,1.349804037478665652e-17,1.348808252635457478e-17,9.957848432081744340e-21,5.024271180346320197e-20,3.986581181022172194e-24,9.917678480364905402e-01,1.888532947704345613e-03,6.343619015805179208e-03
1.364339538989700950e-14,1.364339538989700884e+01,1.478909735195601602e-17,1.477498705375718114e-17,1.411029819883488308e-20,5.880667840973638889e-20,4.589969668442356593e-24,9.922098266012373546e-01,1.763678739902235261e-03,6.026494658860454337e-03
1.376521142016394741e-14,1.376521142016394705e+01,1.555524591938305094e-17,1.553627440720501023e-17,1.897151217804070923e-20,7.044860933023874833e-20,7.245776363652627092e-24,9.924638114914717812e-01,1.696169089504032416e-03,5.840019419024186122e-03
1.388702745043088532e-14,1.388702745043088527e+01,1.571209433011135779e-17,1.568777124545260476e-17,2.432308465875302662e-20,8.470383267916479989e-20,1.011698164754068527e-23,9.925338883558483261e-01,1.678889227623188559e-03,5.787222416528553688e-03
1.400884348069782323e-14,1.400884348069782348e+01,1.518505678813219891e-17,1.515515851347438242e-17,2.989827465781648817e-20,9.921186492872346737e-20,1.115703885413010141e-23,9.924391446691656071e-01,1.705662450854822810e-03,5.855192879979488098e-03
1.413065951096475956e-14,1.413065951096475992e+01,1.393113476341481018e-17,1.389577200697439422e-17,3.536275644041595374e-20,1.101340844425703575e-19,1.144529692185776926e-23,9.922108924529741136e-01,1.771893709732109100e-03,6.017213837293717421e-03
1.425247554123169747e-14,1.425247554123169813e+01,1.198071117562208240e-17,1.194041148541512494e-17,4.029969020695746442e-20,1.144512973190673614e-19,1.381305780715456401e-23,9.918826121408251817e-01,1.874207212179340417e-03,6.243180646995565714e-03
1.437429157149863538e-14,1.437429157149863457e+01,9.476765668569453717e-18,9.432550453235232070e-18,4.421521533422164770e-20,1.121796564053887769e-19,3.345299157232980842e-23,9.914776880118141289e-01,2.009479079721752416e-03,6.512832908464166390e-03
1.449610760176557329e-14,1.449610760176557278e+01,6.684184773535253309e-18,6.637563769760902894e-18,4.662100377435041468e-20,1.057566656432566833e-19,1.962881090648122813e-23,9.910070026930403175e-01,2.173709339028182495e-03,6.819287967931502575e-03
1.461792363203251120e-14,1.461792363203251099e+01,3.958447111424607441e-18,3.911299673681165491e-18,4.714743774344195011e-20,9.765518815780782344e-20,1.441467627183029867e-23,9.904782008203132371e-01,2.360823229437231541e-03,7.160975950249826721e-03
1.473973966229944911e-14,1.473973966229944921e+01,1.691020183331470391e-18,1.645355786322847465e-18,4.566439700862292624e-20,8.881226866876243952e-20,1.514744685694337028e-23,9.899094139571006368e-01,2.561482205452743702e-03,7.529103837446812948e-03
1.486155569256638701e-14,1.486155569256638742e+01,5.151363503962825323e-19,4.728146077182839273e-19,4.232174267799860505e-20,7.937727188993806841e-20,1.558634931177274527e-23,9.893510870890181996e-01,2.758363113689556688e-03,7.890549797292433637e-03
1.498337172283332492e-14,1.498337172283332563e+01,1.865479137155015197e-19,1.490317146337913547e-19,3.751619908171016504e-20,6.987303624858399462e-20,2.032975138682723863e-23,9.888466661952588499e-01,2.935770142116874565e-03,8.217563662624428195e-03
1.510518775310025968e-14,1.510518775310026030e+01,1.287510730509433190e-18,1.255723622002443935e-18,3.178710850698925430e-20,6.171428018513955079e-20,5.606930968034079114e-23,9.884709908027761172e-01,3.069016474998368261e-03,8.459992722225456036e-03
1.522700378336719759e-14,1.522700378336719673e+01,4.092259371564512081e-18,4.066481215606019092e-18,2.577815595849298992e-20,5.755616958789746894e-20,2.612184980082398446e-22,9.883043518381003922e-01,3.130253184731661767e-03,8.565394977168188859e-03
1.534881981363413549e-14,1.534881981363413495e+01,8.805084485659155959e-18,8.784840924659865116e-18,2.024356099929084299e-20,6.007799466329004933e-20,4.214194218463837329e-23,9.884096598712295290e-01,3.096416153382296286e-03,8.493923975388562031e-03
1.547063584390107340e-14,1.547063584390107316e+01,1.530912656384289963e-17,1.529305827128751773e-17,1.606829255538190055e-20,7.206520533153414697e-20,2.707235448111850575e-23,9.887896305901824334e-01,2.963386917011636909e-03,8.246982492806195081e-03
1.559245187416801131e-14,1.559245187416801137e+01,2.333437861185970920e-17,2.332031652017509559e-17,1.406209168461361591e-20,9.242335927819798760e-20,3.436231926419693607e-23,9.893886510921613420e-01,2.750996594751518344e-03,7.860352313087400761e-03
1.571426790443494922e-14,1.571426790443494959e+01,3.239121394017970069e-17,3.237612310536086126e-17,1.509083481883943636e-20,1.179183993515624569e-19,3.916500468263325983e-23,9.901116472963543691e-01,2.497412733474786185e-03,7.390939970171019925e-03
1.583608393470188713e-14,1.583608393470188780e+01,4.182444860891196937e-17,4.180431613983414674e-17,2.013246907782263001e-20,1.463974637945591230e-19,4.313976974004054251e-23,9.908531176190149559e-01,2.244720305462978224e-03,6.902162075522346070e-03
1.595789996496882504e-14,1.595789996496882424e+01,5.091072940451523916e-17,5.088107841739153226e-17,2.965098712370690745e-20,1.791120475220506072e-19,3.373921857831976484e-23,9.915225457929665032e-01,2.024559854499717072e-03,6.452894352533871704e-03
1.607971599523576295e-14,1.607971599523576245e+01,5.894454782180281174e-17,5.890099639648768475e-17,4.355142531512698315e-20,2.197167669176151335e-19,2.710154133405241506e-23,9.920575705426337709e-01,1.853405727784701454e-03,6.089023729581682226e-03
1.620153202550269770e-14,1.620153202550269711e+01,6.527560412116046148e-17,6.521420187406825557e-17,6.140224709220590981e-20,2.708850077222406211e-19,2.749934082696266815e-23,9.924261319483831389e-01,1.735813605775759312e-03,5.838054445841246373e-03
1.632334805576963561e-14,1.632334805576963532e+01,6.930819188259211201e-17,6.922571053332964296e-17,8.248134926246905577e-20,3.309857521818412419e-19,3.094807981051803587e-23,9.926224388884478111e-01,1.669673480607709003e-03,5.707887630944570925e-03
1.644516408603657352e-14,1.644516408603657354e+01,7.051015856743162259e-17,7.040431151413693016e-17,1.058470532946924337e-19,3.924852714321664528e-19,3.463325042608782016e-23,9.926604390794271371e-01,1.650429202800523468e-03,5.689131717772312989e-03
1.656698011630351143e-14,1.656698011630351175e+01,6.847759601018622994e-17,6.834731347059558135e-17,1.302825395906485935e-19,4.436752499613657910e-19,3.799601909152755380e-23,9.925658998621347262e-01,1.673378804111949440e-03,5.760721333753492622e-03
1.668879614657044934e-14,1.668879614657044996e+01,6.306119860133104137e-17,6.290698586018160634e-17,1.542127411494350205e-19,4.740779704822972014e-19,3.944387256163415359e-23,9.923669505544947533e-01,1.734473441100593599e-03,5.898576004404968570e-03
1.681061217683738725e-14,1.681061217683738818e+01,5.450678220874074895e-17,5.433108615121233695e-17,1.756960575284120040e-19,4.802032006872203301e-19,7.620292354826155369e-23,9.920854211653150623e-01,1.830218575986938259e-03,6.084360258698336653e-03
1.693242820710432515e-14,1.693242820710432639e+01,4.353369403667233883e-17,4.334107421939408921e-17,1.926198172782496174e-19,4.664642033879548757e-19,7.803529812351973728e-23,9.917333610262273336e-01,1.957172071152272520e-03,6.309466902620661059e-03
1.705424423737126306e-14,1.705424423737126460e+01,3.129709268606686936e-17,3.109400788052569114e-17,2.030848055411782149e-19,4.409931261859971821e-19,5.663948716500438850e-23,9.913160354572909672e-01,2.111292779552987990e-03,6.572671763156178425e-03
1.717606026763820097e-14,1.717606026763819926e+01,1.924441193920488989e-17,1.903855049720722289e-17,2.058614419976670011e-19,4.102059026614971135e-19,5.662842659907699072e-23,9.908393354734942315e-01,2.287213119677270444e-03,6.873451406828529238e-03
1.729787629790513888e-14,1.729787629790513748e+01,8.938711025009288939e-18,8.738080200781384770e-18,2.006308242279041689e-19,3.765654844599657277e-19,5.628137254031640079e-23,9.903180901727173246e-01,2.477250518102047227e-03,7.204659309180850603e-03
1.741969232817207363e-14,1.741969232817207214e+01,2.681298998524707852e-18,2.493413189293406101e-18,1.878858092313017512e-19,3.401695867230932613e-19,7.004118479924299954e-23,9.897911778408768901e-01,2.667818081582022140e-03,7.541004077541203950e-03
1.754150835843901154e-14,1.754150835843901035e+01,6.769082617218576719e-19,5.080464713961652519e-19,1.688617903256924200e-19,3.020444464060769587e-19,8.874436514281340316e-23,9.893047933230092461e-01,2.843255987596397718e-03,7.851950689394317576e-03
1.766332438870594945e-14,1.766332438870594856e+01,3.429785212553278499e-18,3.284432665355074093e-18,1.453525471982044063e-19,2.674635715092515406e-19,1.519656099350607451e-22,9.889124220295388845e-01,2.984995229955701018e-03,8.102582740505230585e-03
1.778514041897288736e-14,1.778514041897288678e+01,1.322809003885071241e-17,1.310839372465565082e-17,1.196963141950615922e-19,2.466173040268139369e-19,4.902239732950847511e-22,9.886875967407126042e-01,3.067369051478960329e-03,8.245034207808466659e-03
1.790695644923982527e-14,1.790695644923982499e+01,3.053305391875818961e-17,3.043813311117202487e-17,9.492080758616473727e-20,2.496795680326195958e-19,4.235174978089923306e-22,9.886912391441434744e-01,3.067870067475348978e-03,8.240890788381289786e-03
1.802877247950676318e-14,1.802877247950676320e+01,5.479955589614901242e-17,5.472479317466547300e-17,7.476272148353942034e-20,2.832134057406005976e-19,2.686464839882049246e-22,9.889434044510514443e-01,2.978189828350973761e-03,8.078405720597578443e-03
1.815058850977370109e-14,1.815058850977370142e+01,8.494582495743755680e-17,8.488362981784996885e-17,6.219513958758794854e-20,3.471781299027139608e-19,1.004603472230422842e-22,9.894132071028236552e-01,2.809325050410160958e-03,7.777467846766220223e-03
1.827240454004063900e-14,1.827240454004063963e+01,1.191644627603918745e-16,1.191039266093892125e-16,6.053615100266202729e-20,4.389850282568672768e-19,1.804951937313479289e-22,9.900238459523084122e-01,2.589926472406222421e-03,7.386227575285384851e-03
1.839422057030757691e-14,1.839422057030757784e+01,1.550677510176061961e-16,1.549953496911514185e-16,7.240132645477755353e-20,5.573337440872026727e-19,1.862404285651999783e-22,9.906777662465365841e-01,2.355616018203209386e-03,6.966617735260448481e-03
1.851603660057451481e-14,1.851603660057451606e+01,1.899382055986224522e-16,1.898381119426915765e-16,1.000936559308757356e-19,7.037793952664742527e-19,1.906018631546485868e-22,9.912854061635542058e-01,2.137749222855208665e-03,6.576844613590829280e-03
1.863785263084144957e-14,1.863785263084145072e+01,2.209633912109264138e-16,2.208199890874285310e-16,1.434021234978827519e-19,8.782901641766785427e-19,1.460668722468012436e-22,9.917852591068866408e-01,1.956335162508453761e-03,6.258405730604967888e-03
1.875966866110838748e-14,1.875966866110838893e+01,2.454121389904840375e-16,2.452108612755512910e-16,2.012777149327464584e-19,1.074084298452262924e-18,1.205222091867819147e-22,9.921472886386876189e-01,1.820629622958815650e-03,6.032081738353692324e-03
1.888148469137532539e-14,1.888148469137532715e+01,2.607961019555282814e-16,2.605246312648104646e-16,2.714706907178168075e-19,1.274293464397323688e-18,1.193323242494530459e-22,9.923669064723529276e-01,1.732446832918062979e-03,5.900646694728947823e-03
1.900330072164226329e-14,1.900330072164226181e+01,2.650955771711081272e-16,2.647451878001856756e-16,3.503893709224516153e-19,1.454299809940655416e-18,1.288990999708229281e-22,9.924553753250842103e-01,1.689582804442529103e-03,5.855041870473007976e-03
1.912511675190920120e-14,1.912511675190920002e+01,2.570817278292402821e-16,2.566486684425582574e-16,4.330593866820246962e-19,1.590111705687995031e-18,1.315185823694770208e-22,9.924303218198704535e-01,1.688187117799815756e-03,5.881491062329633618e-03
1.924693278217613911e-14,1.924693278217613823e+01,2.366729938084898566e-16,2.361596116979351374e-16,5.133821105547191854e-19,1.668174535359878526e-18,1.379367860992153209e-22,9.923084173915017736e-01,1.724047936328901819e-03,5.967534672169207480e-03
1.936874881244307702e-14,1.936874881244307645e+01,2.051882462006859703e-16,2.046035595750444875e-16,5.846866256414828119e-19,1.689347460694364888e-18,3.538389320441349629e-22,9.921016700770478591e-01,1.793088982930770171e-03,6.105240940021224548e-03
1.949056484271001493e-14,1.949056484271001466e+01,1.653694003369423597e-16,1.647288659169992047e-16,6.405344199431550482e-19,1.663105288255356401e-18,3.372641735798064194e-22,9.918179679152330230e-01,1.891377050486431951e-03,6.290655034280385853e-03
1.961238087297695284e-14,1.961238087297695287e+01,1.211467527355528056e-16,1.204711230990860259e-16,6.756296364667797281e-19,1.599921589143151362e-18,2.684426329047803733e-22,9.914641050706469727e-01,2.014821940541075117e-03,6.521072988811870211e-03
1.973419690324389075e-14,1.973419690324389109e+01,7.723945488083051617e-17,7.655277174672915873e-17,6.866831341013574397e-19,1.505080273087990395e-18,2.297557199994808554e-22,9.910501773992943519e-01,2.158651734051074845e-03,6.791170866654623085e-03
1.985601293351082550e-14,1.985601293351082575e+01,3.872844575688154947e-17,3.805605200159169404e-17,6.723937552898554327e-19,1.380267673038858579e-18,2.498086312834646476e-22,9.905938157951824641e-01,2.316497436787297998e-03,7.089686768030472111e-03
1.997782896377776341e-14,1.997782896377776396e+01,1.187005816707059721e-17,1.123629440202724544e-17,6.337637650433517699e-19,1.230547098491360837e-18,2.541808687124320904e-22,9.901263356321337028e-01,2.478514375568423821e-03,7.395149992297968787e-03
2.009964499404470132e-14,2.009964499404470217e+01,2.884591387789504702e-18,2.310497695166182657e-18,5.740936926233220450e-19,1.071930040156574422e-18,2.863934579724540909e-22,9.896953260433448696e-01,2.629864456521976025e-03,7.674809500133126204e-03
2.022146102431163923e-14,2.022146102431164039e+01,6.192856145301810368e-18,5.694373619479653346e-18,4.984825258221570221e-19,9.327276494246357058e-19,4.756358946195669100e-22,9.893318434961931862e-01,2.758293105783992446e-03,7.909863398022557238e-03
2.034327705457857714e-14,2.034327705457857860e+01,3.245126520939228910e-17,3.203695090855000601e-17,4.143143008422830945e-19,8.467479407347936551e-19,1.532618158076340343e-21,9.890914916412379965e-01,2.843856184718958086e-03,8.064652174042613933e-03
2.046509308484551504e-14,2.046509308484551681e+01,8.279871530608343647e-17,8.246784120271159120e-17,3.308741033718452675e-19,8.397825886759159119e-19,2.553640627302881879e-21,9.890244466714374072e-01,2.868001585182451772e-03,8.107551743379858705e-03
2.058690911511245295e-14,2.058690911511245147e+01,1.546060119079847544e-16,1.543472590442008024e-16,2.587528637839519729e-19,9.221487008968117433e-19,3.545887102230637777e-22,9.891557123278976738e-01,2.821268917797210667e-03,8.023018754304979405e-03
2.070872514537939086e-14,2.070872514537938969e+01,2.439911502959103406e-16,2.437833970562675837e-16,2.077532396427569257e-19,1.101363901351826205e-18,4.560944781579487081e-22,9.894728351647253950e-01,2.707534158484073243e-03,7.819630676790116294e-03
2.083054117564632877e-14,2.083054117564632790e+01,3.451661745263541019e-16,3.449796587019792749e-16,1.865158243748270265e-19,1.372228803584177144e-18,9.537494578500990432e-22,9.899270771399462099e-01,2.544095593700870708e-03,7.528827266352609328e-03
2.095235720591326668e-14,2.095235720591326611e+01,4.508096506189046558e-16,4.506090651447107253e-16,2.005854741939304863e-19,1.729188949879845058e-18,9.814131468900297598e-22,9.904473765481596192e-01,2.355913834765688709e-03,7.196709617074325584e-03
2.107417323618020143e-14,2.107417323618020077e+01,5.526950372311454493e-16,5.524387580068959719e-16,2.562792242494773765e-19,2.164837217177118736e-18,1.134997973616927226e-21,9.909608885834930714e-01,2.168482617365748155e-03,6.870628799140921124e-03
2.119598926644713934e-14,2.119598926644713899e+01,6.423256693629709732e-16,6.419718736077727321e-16,3.537957551982410662e-19,2.661159788921857561e-18,9.548756312640195036e-22,9.914111713442865792e-01,2.001359657508536630e-03,6.587468998204750598e-03
2.131780529671407725e-14,2.131780529671407720e+01,7.115792257692809432e-16,7.110893447074318069e-16,4.898810618491362986e-19,3.185831882898088546e-18,6.413701305706766875e-22,9.917647492039470825e-01,1.866343542412026444e-03,6.368907253640505341e-03
2.143962132698101516e-14,2.143962132698101541e+01,7.534124119469591117e-16,7.527544490653373277e-16,6.579628816217840510e-19,3.692855623194275150e-18,4.379903585782103095e-22,9.920086867118830254e-01,1.768586978622198411e-03,6.222726309494660407e-03
2.156143735724795307e-14,2.156143735724795363e+01,7.626654740039425614e-16,7.618176730191447734e-16,8.478009847977880408e-19,4.132086183681489758e-18,4.192066191609648449e-22,9.921438747852733275e-01,1.708715450217252341e-03,6.147409764509352038e-03
2.168325338751489098e-14,2.168325338751489184e+01,7.368727778353655510e-16,7.358268911594878108e-16,1.045886675877740215e-18,4.462221620081996589e-18,4.751407504703859010e-22,9.921780941710091062e-01,1.684793802819934197e-03,6.137112026170857271e-03
2.180506941778182889e-14,2.180506941778183005e+01,6.768853891858819203e-16,6.756487546052270548e-16,1.236634580654865489e-18,4.658971043075130271e-18,5.553881074857298531e-22,9.921211385956589801e-01,1.693708187543287039e-03,6.185153216797641129e-03
2.192688544804876680e-14,2.192688544804876827e+01,5.871121042427400782e-16,5.857078900234455289e-16,1.404214219294549325e-18,4.714626316976948083e-18,1.119526040142483601e-21,9.919825500464724000e-01,1.731958492798112235e-03,6.285491460729390224e-03
2.204870147831570470e-14,2.204870147831570293e+01,4.752981409392708367e-16,4.737638320597383373e-16,1.534308879532499415e-18,4.630045435135470018e-18,1.080981807089190121e-21,9.917716717884931255e-01,1.795961774787651786e-03,6.432366436719086367e-03
2.217051750858264261e-14,2.217051750858264114e+01,3.519093159939681999e-16,3.502934052116773114e-16,1.615910782290888475e-18,4.413646623318407317e-18,1.089872144523582318e-21,9.914985517973108342e-01,1.882013934301685152e-03,6.619434268387584287e-03
2.229233353884957737e-14,2.229233353884957580e+01,2.292680905762018283e-16,2.276261588568156265e-16,1.641931719386201850e-18,4.080313810496802577e-18,1.019655777490544423e-21,9.911755741849852530e-01,1.985925218166106204e-03,6.838500596848663335e-03
2.241414956911651528e-14,2.241414956911651402e+01,1.205610969700551067e-16,1.189516554790587484e-16,1.609441490996358249e-18,3.658273181834272240e-18,9.691554170375224303e-22,9.908190057952928065e-01,2.102408051343850667e-03,7.078586153363260886e-03
2.253596559938345318e-14,2.253596559938345223e+01,3.886028106542335142e-17,3.733958495351452310e-17,1.520696111908828327e-18,3.193414401895137512e-18,9.787506895751904459e-22,9.904503883339893511e-01,2.224395634700682741e-03,7.325216031309786206e-03
2.265778162965039109e-14,2.265778162965039044e+01,8.251518674991230988e-18,6.868803438679692329e-18,1.382715236311538659e-18,2.746493965249938941e-18,9.480114403529146050e-22,9.901079691269270011e-01,2.339969752034439833e-03,7.552061121038362163e-03
2.277959765991732900e-14,2.277959765991732866e+01,6.632371768899648753e-18,5.425077586920591785e-18,1.207294181979056968e-18,2.383031361220367071e-18,1.242771112990000242e-21,9.898102837448606861e-01,2.440826453961309622e-03,7.748889801177874168e-03
2.290141369018426691e-14,2.290141369018426687e+01,5.656626207987704547e-17,5.555450677104069285e-17,1.011755308836352613e-18,2.161522299975292390e-18,3.497645056101416129e-21,9.895924437843598431e-01,2.514296370514639868e-03,7.893259845125379093e-03
2.302322972045120482e-14,2.302322972045120508e+01,1.650677103030783445e-16,1.642513690669052031e-16,8.163412361731414226e-19,2.119574157168843288e-18,4.007586038440388931e-21,9.894926781790367443e-01,2.547330341579823448e-03,7.959991479383279195e-03
2.314504575071814273e-14,2.314504575071814330e+01,3.216958547696194224e-16,3.210532072720879031e-16,6.426474975315192895e-19,2.281052809750548345e-18,1.139088053663662272e-21,9.895317022014596953e-01,2.532495887279756670e-03,7.935801911260392805e-03
2.326686178098508064e-14,2.326686178098508151e+01,5.167228992345352434e-16,5.162111875725369866e-16,5.117116619982567386e-19,2.664735992935427724e-18,1.400280264238921852e-21,9.897078961057070856e-01,2.469861144289428774e-03,7.822242750003077089e-03
2.338867781125201539e-14,2.338867781125201617e+01,7.364109053039107384e-16,7.359735108248521565e-16,4.373944790585818520e-19,3.267960172005787234e-18,2.869537111120435944e-21,9.899958433506775846e-01,2.367466835146700421e-03,7.636689814175636956e-03
2.351049384151895330e-14,2.351049384151895438e+01,9.640362100456761057e-16,9.636035162298038562e-16,4.326938158722494585e-19,4.070775931337751059e-18,3.817224742892034642e-21,9.903522555464613353e-01,2.239579219258846978e-03,7.408165234279730574e-03
2.363230987178589121e-14,2.363230987178589260e+01,1.181136524615408353e-15,1.180633392337854569e-15,5.031322775537836857e-19,5.031304360191353185e-18,4.995396898864492906e-21,9.907280654579670998e-01,2.102634312245691469e-03,7.169300229786921240e-03
2.375412590205282912e-14,2.375412590205283081e+01,1.368970102820861105e-15,1.368317478665697765e-15,6.526241551633407342e-19,6.078218819009829550e-18,5.142141905268589530e-21,9.910800355485278601e-01,1.971718279627096126e-03,6.948246171844859459e-03
2.387594193231976703e-14,2.387594193231976547e+01,1.510204093446523059e-15,1.509331429250270691e-15,8.726641962523682573e-19,7.121514783420294406e-18,4.640895477191796187e-21,9.913776324383547500e-01,1.857892556589364969e-03,6.764475005055776806e-03
2.399775796258670494e-14,2.399775796258670368e+01,1.590722907072138421e-15,1.589573731491989227e-15,1.149175580149194380e-18,8.067412188083921967e-18,3.774940068391777004e-21,9.916036343783531937e-01,1.767803566866210738e-03,6.628562054780458984e-03
2.411957399285364284e-14,2.411957399285364190e+01,1.601335501833874142e-15,1.599873645829664574e-15,1.461856004209568062e-18,8.836099430270379563e-18,2.882303804150245868e-21,9.917512411024508312e-01,1.704364360163150485e-03,6.544394537385842675e-03
2.424139002312058075e-14,2.424139002312058011e+01,1.539080388969348182e-15,1.537294516731655349e-15,1.785872237692832274e-18,9.370962549139935620e-18,2.160514287274935887e-21,9.918203756139568616e-01,1.667860377931682436e-03,6.511764008111205031e-03
2.436320605338751866e-14,2.436320605338751832e+01,1.407854442949626043e-15,1.405759949443337934e-15,2.094493506288108885e-18,9.638538425008020093e-18,2.063020562660278919e-21,9.918147902141544181e-01,1.656982283661828604e-03,6.528227502183556186e-03
2.448502208365445657e-14,2.448502208365445654e+01,1.218274450693137132e-15,1.215912208572754460e-15,2.362242120382672398e-18,9.624073110506087285e-18,3.582566394042729119e-21,9.917403960870170287e-01,1.669574158576113670e-03,6.590029754406728779e-03
2.460683811392139132e-14,2.460683811392139120e+01,9.868605704845975718e-16,9.842935082968670797e-16,2.567062187730492088e-18,9.324737242045678293e-18,3.545633257718953005e-21,9.916047828430855082e-01,1.703030735054194287e-03,6.692186421860044435e-03
2.472865414418832923e-14,2.472865414418832941e+01,7.347139377998411413e-16,7.320225213929172897e-16,2.691416406923851607e-18,8.762405346545750896e-18,3.636791548044464402e-21,9.914170195865456003e-01,1.754374010606049627e-03,6.828606402848107389e-03
2.485047017445526714e-14,2.485047017445526762e+01,4.858299890876832010e-16,4.831055339233432013e-16,2.724455164339999704e-18,7.984105385003886434e-18,3.805828940192252312e-21,9.911880124750156451e-01,1.820140941737830335e-03,6.991846583246271937e-03
2.497228620472220505e-14,2.497228620472220584e+01,2.651114169881749888e-16,2.624492127569841589e-16,2.662204231190829888e-18,7.066721895646053966e-18,3.617648227492803809e-21,9.909310301475774407e-01,1.896101661312837037e-03,7.172868191109634840e-03
2.509410223498914296e-14,2.509410223498914405e+01,9.614138651385921091e-17,9.363153815980481340e-17,2.509848354054397511e-18,6.111962844423418251e-18,3.521364148270310381e-21,9.906622512936381630e-01,1.977001564977126646e-03,7.360747141384289642e-03
2.521591826525608087e-14,2.521591826525608226e+01,1.818051126539445489e-17,1.589991684998739900e-17,2.280594415407055892e-18,5.229999962035439447e-18,3.355280210629178634e-21,9.904077399570184737e-01,2.054985415132142695e-03,7.537274627849026298e-03
2.533773429552301878e-14,2.533773429552302048e+01,7.670338339070312674e-18,5.674739572148026921e-18,1.995598766922285753e-18,4.524675415474815785e-18,3.299076122342705237e-21,9.901843417475143516e-01,2.123733552583155493e-03,7.691924699901752163e-03
2.545955032578995669e-14,2.545955032578995514e+01,7.032129783853167261e-17,6.863734825851691583e-17,1.683949580014756783e-18,4.087886003191111386e-18,8.033199067712448038e-21,9.900089106890914703e-01,2.176832157022914709e-03,7.814257153884942783e-03
2.558136635605689459e-14,2.558136635605689335e+01,2.414519716714993260e-16,2.400759266644033182e-16,1.376045007096007821e-18,3.975710749267517333e-18,6.609771338171729193e-21,9.899088635182221596e-01,2.205876441971798413e-03,7.885260039805410542e-03
2.570318238632383250e-14,2.570318238632383157e+01,4.939132426504470958e-16,4.928105755314899171e-16,1.102667118957178692e-18,4.236140410679448688e-18,3.102581016264584401e-21,9.898982833929574898e-01,2.206005715491597425e-03,7.895710891550260929e-03
2.582499841659076726e-14,2.582499841659076623e+01,8.098059381706192151e-16,8.089121594322440560e-16,8.937787383751590647e-19,4.889248212742168097e-18,3.389778949490559516e-21,9.899790467458231547e-01,2.176184995953122769e-03,7.844768258223354385e-03
2.594681444685770517e-14,2.594681444685770444e+01,1.164809452943735431e-15,1.164041948712747939e-15,7.675042309874921123e-19,5.908518495857701414e-18,5.959760382364629987e-21,9.901397153732293122e-01,2.119610802922626026e-03,7.740673823847622065e-03
2.606863047712464307e-14,2.606863047712464265e+01,1.530091837126376784e-15,1.529350588919962236e-15,7.412482064145477985e-19,7.222311681297526493e-18,9.023452366790658068e-21,9.903577139453909606e-01,2.043339143109971709e-03,7.598946911498666995e-03
2.619044650739158098e-14,2.619044650739158087e+01,1.874632782937680684e-15,1.873812605150437250e-15,8.201777872434338882e-19,8.721642577559341963e-18,1.222847570918635167e-20,9.906047391365933041e-01,1.956540762890915473e-03,7.438720100515423470e-03
2.631226253765851889e-14,2.631226253765851908e+01,2.168015638897204867e-15,2.167009793832814540e-15,1.005845064390326943e-18,1.027611708589761080e-17,1.361516236137292831e-20,9.908525074026396373e-01,1.868694364639110960e-03,7.278798232720859462e-03
2.643407856792545680e-14,2.643407856792545729e+01,2.383451227488997246e-15,2.382166071559431016e-15,1.285155929566230341e-18,1.176058169281303831e-17,1.321994780047503674e-20,9.910771471018899881e-01,1.787835152312746822e-03,7.135017745796783280e-03
2.655589459819239471e-14,2.655589459819239551e+01,2.500623971528729673e-15,2.498987933953172885e-15,1.636037575556788379e-18,1.306852933992478083e-17,1.169958603071098816e-20,9.912611816294596423e-01,1.719745334049289053e-03,7.019073036490474510e-03
2.667771062845933262e-14,2.667771062845933372e+01,2.507809531298861557e-15,2.505780053102387060e-15,2.029478196474496526e-18,1.411326787615215093e-17,1.019836725330764318e-20,9.913936842038681974e-01,1.667885182808801544e-03,6.938430613322405655e-03
2.679952665872627053e-14,2.679952665872627193e+01,2.403058793093112826e-15,2.400626347318361215e-15,2.432445774751610859e-18,1.482025543021451142e-17,9.187370520802256386e-21,9.914694891461119930e-01,1.633774011474970660e-03,6.896736842412640178e-03
2.692134268899320844e-14,2.692134268899321015e+01,2.194399432962259104e-15,2.191588269158187296e-15,2.811163804071807932e-18,1.512456688013242169e-17,9.039183286723669674e-21,9.914880674908415070e-01,1.617515088953352638e-03,6.894417420204666976e-03
2.704315871926014319e-14,2.704315871926014481e+01,1.899207726371005116e-15,1.896074270911836119e-15,3.133455459168996043e-18,1.498020141812839592e-17,1.080592108929952910e-20,9.914524034563537702e-01,1.618244499497645521e-03,6.929352044147981012e-03
2.716497474952708110e-14,2.716497474952707947e+01,1.542932029430366338e-15,1.539560702776353738e-15,3.371326654012599478e-18,1.437338743792636582e-17,1.031724941881210617e-20,9.913681088273319508e-01,1.634428964762581291e-03,6.997462207904934020e-03
2.728679077979401901e-14,2.728679077979401768e+01,1.157220798813183569e-15,1.153717577516037722e-15,3.503221297145847523e-18,1.335375814777396019e-17,1.063055765876237700e-20,9.912425140021433601e-01,1.664001668945938161e-03,7.093484328910239049e-03
2.740860681006095692e-14,2.740860681006095589e+01,7.774355794666897708e-16,7.739169102958148773e-16,3.518669170874893477e-18,1.202628101718457729e-17,1.018592631692135611e-20,9.910843029069088539e-01,1.704419456671699791e-03,7.211277636418916143e-03
2.753042284032789483e-14,2.753042284032789411e+01,4.395696676562612879e-16,4.361534968205592385e-16,3.416170835702049425e-18,1.054134905456933165e-17,9.953551324059412075e-21,9.909035121143661140e-01,1.752578251644473784e-03,7.343909633988982000e-03
2.765223887059483273e-14,2.765223887059483232e+01,1.768183025242386306e-16,1.736127673525530907e-16,3.205535171685539869e-18,9.061833644908080292e-18,9.747592458087905346e-21,9.907118782902570864e-01,1.804756180424549241e-03,7.483365529318095066e-03
2.777405490086177064e-14,2.777405490086177053e+01,3.453752923466368246e-17,3.163002993352565862e-17,2.907499301138023847e-18,7.738528552536880611e-18,9.327531550703552878e-21,9.905262417508819972e-01,1.856014916937320791e-03,7.617743332180217965e-03
2.789587093112870855e-14,2.789587093112870875e+01,1.329525197145880366e-17,1.074415591950355635e-17,2.551096051955247307e-18,6.698841950112619359e-18,9.322256554145569932e-21,9.903622609410573929e-01,1.901514030954888808e-03,7.736225027987312340e-03
2.801768696139564646e-14,2.801768696139564696e+01,6.722590576928171780e-17,6.505302953644294937e-17,2.172876232838768433e-18,6.052546002386402687e-18,1.798501289652256978e-20,9.902263560571973322e-01,1.938269019031672348e-03,7.835374923770505387e-03
2.813950299166258437e-14,2.813950299166258517e+01,2.772793676114063949e-16,2.754695643907860898e-16,1.809803220620305149e-18,5.849923116230370874e-18,8.834564766137070326e-21,9.901383767938926050e-01,1.960945226060121973e-03,7.900677980046667132e-03
2.826131902192951912e-14,2.826131902192951983e+01,5.977010231791616540e-16,5.962042227053553180e-16,1.496800473806336007e-18,6.163403254534755581e-18,8.499126431379586433e-21,9.901080440253293702e-01,1.966507123511174095e-03,7.925448851158879357e-03
2.838313505219645703e-14,2.838313505219645805e+01,1.002881759979392110e-15,1.001613857689169254e-15,1.267902290222855903e-18,6.987103061199593731e-18,8.931377808093378135e-21,9.901383561831249569e-01,1.953959658538964583e-03,7.907684158335554631e-03
2.850495108246339494e-14,2.850495108246339626e+01,1.459577055123573564e-15,1.458435247089334550e-15,1.141808034239013365e-18,8.271680114283588394e-18,1.229158406482721165e-20,9.902246022570566630e-01,1.924546394899451967e-03,7.850851348043459341e-03
2.862676711273033285e-14,2.862676711273033447e+01,1.929198865989912439e-15,1.928064483585742788e-15,1.134382404169650993e-18,9.912625829690465251e-18,1.639075594543665588e-20,9.903550409074126648e-01,1.881704558654407776e-03,7.763254533932590663e-03
2.874858314299727076e-14,2.874858314299726914e+01,2.371174349187937747e-15,2.369923709652987763e-15,1.250639534949983290e-18,1.177221276654518727e-17,1.964906499008591299e-20,9.905131111196598948e-01,1.830392414120295044e-03,7.656496466219422058e-03
2.887039917326420867e-14,2.887039917326420735e+01,2.746691158684564044e-15,2.745205266512306266e-15,1.485892172257778065e-18,1.370062258401000548e-17,2.072069796774471581e-20,9.906803659654093153e-01,1.776165674251390086e-03,7.543468360338666245e-03
2.899221520353114658e-14,2.899221520353114556e+01,3.022396278779758244e-15,3.020573333354313764e-15,1.822945425444479935e-18,1.555255313091548066e-17,2.076700859230108626e-20,9.908393075097369218e-01,1.724242184403160455e-03,7.436450305859311667e-03
2.911403123379808449e-14,2.911403123379808378e+01,3.173545198409750430e-15,3.171310993865681592e-15,2.234204544068837923e-18,1.718726631635834237e-17,1.986555316430799669e-20,9.909755226043673870e-01,1.678863425759333661e-03,7.345613969872738513e-03
2.923584726406502239e-14,2.923584726406502199e+01,3.186159934291675581e-15,3.183474813987939933e-15,2.685120303735648135e-18,1.847069291961596451e-17,1.945511492822102914e-20,9.910787613221232473e-01,1.643028906120984388e-03,7.278209771755453708e-03
2.935766329433196030e-14,2.935766329433196020e+01,3.058198909334664531e-15,3.055061696052452149e-15,3.137213282212382253e-18,1.927786776683000194e-17,1.831120629035225784e-20,9.911431394186756005e-01,1.618513661609025187e-03,7.238346919714886384e-03
2.947947932459889821e-14,2.947947932459889842e+01,2.799814545697001604e-15,2.796263166541491820e-15,3.551379155509783895e-18,1.951675675592526980e-17,1.731634014674955575e-20,9.911665943190185457e-01,1.606038987838388733e-03,7.227366693142731405e-03
2.960129535486583612e-14,2.960129535486583663e+01,2.432743192449053373e-15,2.428850611875123065e-15,3.892580573930307504e-18,1.915498745113246980e-17,2.017931171747216318e-20,9.911499712530886796e-01,1.605497273261665249e-03,7.244531473649393379e-03
2.972311138513277403e-14,2.972311138513277484e+01,1.988784905298287092e-15,1.984652544674310837e-15,4.132360623976254820e-18,1.822442997621578580e-17,2.040492601172835642e-20,9.910962716355141700e-01,1.616134027779075888e-03,7.287594336706409819e-03
2.984492741539971194e-14,2.984492741539971306e+01,1.507268296293537477e-15,1.503019328686110390e-15,4.248967607427086506e-18,1.683452875439578438e-17,1.886866654186222141e-20,9.910099982527715845e-01,1.636640086044719713e-03,7.353361661183402398e-03
2.996674344566664985e-14,2.996674344566665127e+01,1.031588518762409310e-15,1.027356232717786038e-15,4.232286044623272287e-18,1.514135710405134465e-17,1.818749859319271685e-20,9.908969481377176702e-01,1.665223502216056682e-03,7.437828360065864772e-03
3.008855947593358145e-14,3.008855947593358238e+01,6.051351794677757500e-16,6.010492985740672574e-16,4.085880893708492584e-18,1.331141663509847930e-17,1.785445066677958906e-20,9.907643594717376878e-01,1.699656749107949410e-03,7.535983779154125338e-03
3.021037550620051935e-14,3.021037550620052059e+01,2.671773435299824236e-16,2.633519389060626462e-16,3.825404623919777415e-18,1.150341815552125933e-17,1.680043474117871863e-20,9.906210943909581346e-01,1.737303687295968556e-03,7.641601921745624741e-03
3.033219153646745726e-14,3.033219153646745880e+01,5.878623728204627551e-17,5.530947111308970977e-17,3.476766168956565733e-18,9.867086487644620248e-18,1.689182063269203555e-20,9.904785577471707514e-01,1.774986169101467519e-03,7.746456083727641662e-03
3.045400756673439517e-14,3.045400756673439346e+01,2.044921107329023154e-17,1.737418153296885779e-17,3.075029540321373752e-18,8.539899538912227923e-18,1.584832637827615801e-20,9.903513380799192634e-01,1.808909895522993038e-03,7.839752024557557555e-03
3.057582359700133308e-14,3.057582359700133168e+01,5.206383404105303702e-17,4.940252086207427991e-17,2.661313178978757109e-18,7.661408835311507315e-18,2.258434642982143331e-20,9.902420586061368990e-01,1.837537808046556947e-03,7.920403585816363640e-03
3.069763962726827099e-14,3.069763962726826989e+01,2.676850463981644189e-16,2.654090819689614446e-16,2.275964429202974385e-18,7.317859996375418004e-18,1.628907205853998643e-20,9.901648162067889780e-01,1.857329561965648723e-03,7.977854231245343555e-03
3.081945565753520890e-14,3.081945565753520810e+01,6.153964160919247538e-16,6.134411769563500481e-16,1.955239135574705634e-18,7.586630130816334115e-18,1.500271800160838811e-20,9.901269112639509151e-01,1.866189446331285385e-03,8.006899289717662668e-03
3.094127168780214681e-14,3.094127168780214632e+01,1.064399890436353006e-15,1.062664398073496743e-15,1.735492362856263088e-18,8.456659684476393386e-18,1.534125010943408040e-20,9.901313020002798782e-01,1.863264219909674998e-03,8.005433779810278150e-03
3.106308771806908472e-14,3.106308771806908453e+01,1.576361840867805475e-15,1.574729615878070150e-15,1.632224989735324755e-18,9.854118232630214787e-18,1.910332795318923949e-20,9.901762373149859409e-01,1.848995968622035857e-03,7.974766716391828991e-03
3.118490374833602262e-14,3.118490374833602274e+01,2.107031004134300157e-15,2.105374512049921828e-15,1.656492084378329331e-18,1.164928285096075793e-17,2.224161954329003113e-20,9.902553783198098092e-01,1.825162505128979408e-03,7.919459175061070028e-03
3.130671977860296053e-14,3.130671977860296096e+01,2.610185714290533509e-15,2.608372216883293606e-15,1.813497407239902361e-18,1.369081678409259645e-17,2.487986841415480748e-20,9.903586153951114968e-01,1.794640744027656016e-03,7.846743860860726227e-03
3.142853580886989844e-14,3.142853580886989917e+01,3.041908243783846355e-15,3.039812700699758172e-15,2.095543084088182861e-18,1.581686674241206543e-17,2.564014856621184871e-20,9.904736705177266121e-01,1.760905078398629928e-03,7.765424403874527509e-03
3.155035183913683635e-14,3.155035183913683738e+01,3.364467054889672042e-15,3.361985022761009753e-15,2.482032128662288562e-18,1.786470469010127432e-17,2.600745042803032398e-20,9.905879272160913462e-01,1.727478734160702457e-03,7.684594049747900564e-03
3.167216786940377426e-14,3.167216786940377560e+01,3.549576033169801195e-15,3.546634701150140808e-15,2.941332019660387139e-18,1.966749067453060069e-17,2.595556465250732047e-20,9.906901173463693588e-01,1.697482985309140208e-03,7.612399668321510708e-03
3.179398389967071217e-14,3.179398389967071381e+01,3.580718179720602690e-15,3.577283763855813004e-15,3.434415864789686782e-18,2.106379255533189812e-17,2.525983214333660856e-20,9.907714318240813389e-01,1.673364431779796914e-03,7.555203744138786967e-03
3.191579992993765008e-14,3.191579992993764847e+01,3.454559402048140454e-15,3.450640714648410481e-15,3.918687399729973165e-18,2.191842838356620228e-17,2.417913354562111091e-20,9.908259443228615293e-01,1.656792591164852994e-03,7.517263085973522295e-03
3.203761596020458799e-14,3.203761596020459024e+01,3.181430667618011211e-15,3.177078034235019793e-15,4.352633382991418209e-18,2.214740138083630307e-17,2.303469596120679772e-20,9.908504798245590939e-01,1.648683926788568595e-03,7.500836248652192027e-03
3.215943199047152590e-14,3.215943199047152490e+01,2.784707915203645846e-15,2.780008055115131035e-15,4.699860088514811372e-18,2.174004929042920546e-17,2.747380761022727355e-20,9.908441585261252849e-01,1.649288596681909450e-03,7.506552877192739989e-03
3.228124802073846380e-14,3.228124802073846666e+01,2.298964710762149807e-15,2.294033728902559629e-15,4.930981859590178052e-18,2.073663400395457497e-17,2.669194479338684772e-20,9.908081242733617344e-01,1.658280279898775855e-03,7.533595446739504466e-03
3.240306405100539540e-14,3.240306405100539422e+01,1.766954675416408506e-15,1.761928651191951929e-15,5.026024224456576204e-18,1.924377339564701027e-17,2.412620210669296129e-20,9.907451585697648611e-01,1.674833194599495726e-03,7.580008235635909281e-03
3.252488008127233331e-14,3.252488008127233599e+01,1.235723120674814418e-15,1.230745168390666179e-15,4.977952284148238426e-18,1.740230031123255800e-17,2.408506199527185593e-20,9.906595433105505055e-01,1.697693859620561484e-03,7.642762829829102128e-03
3.264669611153927122e-14,3.264669611153927065e+01,7.523487836617808073e-16,7.475572367012863870e-16,4.791546960494420233e-18,1.536513202001037647e-17,2.239841099773122946e-20,9.905570600960920125e-01,1.725222400078063340e-03,7.717717503830124996e-03
3.276851214180620913e-14,3.276851214180621241e+01,3.598101361667528876e-16,3.553223549978304780e-16,4.487781168922409605e-18,1.330711835769762328e-17,2.187259585056170618e-20,9.904447609844816425e-01,1.755470338939343899e-03,7.799768676579037045e-03
3.289032817207314704e-14,3.289032817207314707e+01,9.372975036098432026e-17,8.963335325846085787e-17,4.096397102523462393e-18,1.140872526341814691e-17,2.109751116275226554e-20,9.903307548555162487e-01,1.786226008094623629e-03,7.883019136389156703e-03
3.301214420234008495e-14,3.301214420234008173e+01,2.901912739847257649e-17,2.536211467455489933e-17,3.657012723917677158e-18,9.849054633933343082e-18,2.039810561712070706e-20,9.902275535329616574e-01,1.814423780240261843e-03,7.958022686798339046e-03
3.313396023260702286e-14,3.313396023260702350e+01,3.327050943109644451e-17,3.005794249506462365e-17,3.212566936031820861e-18,8.784425775888797303e-18,2.283979769429380718e-20,9.901365196560344417e-01,1.839066082748886180e-03,8.024414261216953129e-03
3.325577626287396076e-14,3.325577626287395816e+01,2.313527748404048065e-16,2.285487848716129942e-16,2.803989968791812229e-18,8.314471170370445545e-18,2.387685007894255596e-20,9.900678628324971475e-01,1.857599573783640101e-03,8.074537593719344208e-03
3.337759229314089867e-14,3.337759229314089993e+01,5.770645172532797370e-16,5.745942300173217705e-16,2.470287235957966511e-18,8.477704368797081878e-18,1.956278616738404657e-20,9.900277969467622396e-01,1.868392863074774595e-03,8.103810190163042784e-03
3.349940832340783658e-14,3.349940832340783459e+01,1.036429376526307481e-15,1.034179602736997133e-15,2.249773789310347405e-18,9.267977756808915765e-18,2.015843020720809311e-20,9.900193578469854705e-01,1.870684909876120256e-03,8.109957243138864180e-03
3.362122435367477449e-14,3.362122435367477635e+01,1.569110911092285608e-15,1.566959441713598790e-15,2.151469378686817512e-18,1.061855536931164717e-17,2.268695446575020814e-20,9.900422819751324433e-01,1.864536700754020103e-03,8.093181324113738959e-03
3.374304038394171240e-14,3.374304038394171101e+01,2.128911279375904412e-15,2.126726096308028471e-15,2.185183067875940718e-18,1.242617783488967548e-17,2.575126342773140329e-20,9.900927960574036346e-01,1.850933112801694553e-03,8.056270829794919333e-03
3.386485641420865031e-14,3.386485641420865278e+01,2.667451756892729023e-15,2.665094900097589577e-15,2.356856795139446141e-18,1.455097514944940316e-17,2.736316209599240929e-20,9.901640881449786935e-01,1.831697119202207102e-03,8.004214735819146012e-03
3.398667244447558822e-14,3.398667244447558744e+01,3.138136108425583181e-15,3.135477217296865880e-15,2.658891128717300232e-18,1.681987204108689806e-17,2.865278076269342008e-20,9.902473835615303033e-01,1.809202352445838345e-03,7.943414086024150680e-03
3.410848847474252613e-14,3.410848847474252921e+01,3.499998991372220251e-15,3.496930795565552194e-15,3.068195806668057829e-18,1.902878034132154979e-17,2.868594504568751759e-20,9.903333264880975761e-01,1.786009754371306818e-03,7.880663757531370522e-03
3.423030450500946404e-14,3.423030450500946387e+01,3.721181573460602596e-15,3.717631221698213413e-15,3.550351762389183062e-18,2.096909319074109025e-17,2.910678317633359797e-20,9.904131742511587122e-01,1.764544062258690659e-03,7.822281686582973140e-03
3.435212053527640194e-14,3.435212053527639853e+01,3.781838665696724496e-15,3.777775576300107886e-15,4.063089396616609923e-18,2.245435369844662900e-17,2.813732400074113077e-20,9.904796356722108674e-01,1.746851422236858978e-03,7.773512905552594499e-03
3.447393656554333985e-14,3.447393656554334029e+01,3.676130011300096452e-15,3.671568371972172102e-15,4.561639327924350595e-18,2.335636514439055184e-17,2.684864566412469507e-20,9.905272194058138968e-01,1.734465473969775675e-03,7.738315120216943989e-03
3.459575259581027776e-14,3.459575259581027495e+01,3.412993855224174907e-15,3.407990320072626802e-15,5.003535151548104949e-18,2.361590123582454298e-17,2.667578550026437003e-20,9.905522975768257243e-01,1.728365193855369844e-03,7.719337229319232600e-03
3.471756862607721567e-14,3.471756862607721672e+01,3.015425040021219449e-15,3.010074049465219439e-15,5.350990556000010277e-18,2.323742277289470653e-17,3.041679504279631033e-20,9.905530476388988426e-01,1.728984624534317090e-03,7.717967736567105108e-03
3.483938465634414727e-14,3.483938465634414428e+01,2.518343084379461947e-15,2.512770021478235014e-15,5.573062901226933659e-18,2.226053367135259807e-17,2.961496560091706421e-20,9.905294594640865480e-01,1.736249454089117041e-03,7.734291081824710978e-03
3.496120068661108518e-14,3.496120068661108604e+01,1.965324821941259754e-15,1.959673928758339476e-15,5.650893182920277899e-18,2.077159780586195898e-17,2.825429488142170785e-20,9.904831701168226310e-01,1.749641382151033387e-03,7.767188501026604276e-03
3.508301671687802309e-14,3.508301671687802070e+01,1.404709529224620913e-15,1.399129654892051269e-15,5.579874332569643891e-18,1.888599318472981520e-17,2.688627915305126321e-20,9.904173572791631353e-01,1.768262612296906365e-03,7.814380108540212519e-03
3.520483274714496100e-14,3.520483274714496247e+01,8.854602737715202688e-16,8.800918224056621321e-16,5.368451365858136744e-18,1.675454310678839377e-17,2.555909908402469467e-20,9.903365542319353398e-01,1.790884041002319994e-03,7.872561727062722670e-03
3.532664877741189890e-14,3.532664877741189713e+01,4.530595541002457531e-16,4.480235431156833396e-16,5.036010984562413513e-18,1.456283690008616539e-17,2.550326650165758908e-20,9.902463955718929789e-01,1.815985887896722287e-03,7.937618540210624948e-03
3.544846480767883681e-14,3.544846480767883889e+01,1.456563331663241372e-16,1.410400181441888856e-16,4.616315022135251571e-18,1.251012792285074351e-17,2.399288767513238060e-20,9.901533131948569988e-01,1.841843701875879157e-03,8.004843103267400908e-03
3.557028083794577472e-14,3.557028083794577356e+01,3.898864869413305211e-17,3.483983658357515984e-17,4.148812110557892269e-18,1.079296679109418654e-17,2.448043890753572560e-20,9.900670188850296816e-01,1.866069855329012626e-03,8.066911259641575127e-03
3.569209686821271263e-14,3.569209686821271532e+01,1.871094036308916298e-17,1.503430929018416073e-17,3.676631072905002251e-18,9.566627024945097921e-18,2.361816596131394498e-20,9.899896301547781441e-01,1.887705251082732669e-03,8.122664594139416411e-03
3.581391289847965054e-14,3.581391289847964998e+01,1.839033243271800491e-16,1.806606131219871421e-16,3.242711205192907030e-18,8.957118763596607406e-18,3.832502207415341252e-20,9.899283907475056044e-01,1.904871751801818971e-03,8.166737500692935331e-03
3.593572892874658845e-14,3.593572892874659175e+01,5.102263448487923026e-16,5.073384481940183869e-16,2.887896654773915679e-18,8.973548918389812548e-18,2.228600513108174255e-20,9.898889620245310272e-01,1.916160607577306911e-03,8.194877367891846912e-03
3.605754495901352636e-14,3.605754495901352641e+01,9.607233792877892995e-16,9.580689401846360497e-16,2.654439103153249762e-18,9.665435424373151296e-18,2.308918260915757652e-20,9.898741361288274643e-01,1.920859868888227882e-03,8.205004002284582362e-03
3.617936098928046427e-14,3.617936098928046107e+01,1.495401052920335472e-15,1.492852947789306505e-15,2.548105131028966098e-18,1.096361451899511637e-17,2.426037460313136340e-20,9.898843392278202646e-01,1.918836207010769790e-03,8.196824565169220575e-03
3.630117701954740217e-14,3.630117701954740284e+01,2.067844010697422617e-15,2.065271056047593416e-15,2.572954649829200649e-18,1.276096209975825325e-17,2.772491674181063932e-20,9.899174057143822480e-01,1.910620572340715646e-03,8.171973713277377177e-03
3.642299304981434008e-14,3.642299304981433750e+01,2.628328555751407878e-15,2.625588585846866628e-15,2.739969904541250017e-18,1.489137577138599898e-17,2.880891793957816471e-20,9.899688234716486068e-01,1.897450139219409616e-03,8.133726389132411166e-03
3.654480908008127799e-14,3.654480908008127926e+01,3.127941823670558914e-15,3.124901876969733628e-15,3.039946700825286387e-18,1.716025679666045561e-17,3.055089670787734819e-20,9.900323830990901408e-01,1.881053328826957135e-03,8.086563572083264179e-03
3.666662511034821590e-14,3.666662511034821392e+01,3.522833992974414011e-15,3.519382385205562530e-15,3.451607768851481335e-18,1.935924447870849783e-17,3.062001218226700560e-20,9.901010079515630835e-01,1.863417407495836361e-03,8.035574640941589922e-03
3.678844114061515381e-14,3.678844114061515569e+01,3.778268649064655519e-15,3.774329693555127882e-15,3.938955509527636828e-18,2.130455947200023920e-17,3.049555903977249566e-20,9.901675419193715078e-01,1.846519640229480133e-03,7.985938440399516919e-03
3.691025717088209172e-14,3.691025717088209035e+01,3.871895987802397992e-15,3.867437678333600768e-15,4.458309468797224328e-18,2.284794179182183298e-17,2.928788550460245293e-20,9.902254405687337391e-01,1.832117436982560674e-03,7.942441994284168624e-03
3.703207320114902963e-14,3.703207320114903212e+01,3.795735592711982732e-15,3.790772181394158086e-15,4.963411317824646323e-18,2.388135504385428024e-17,2.820119854215308159e-20,9.902692930035270624e-01,1.821608854138346374e-03,7.909098142335048084e-03
3.715388923141596754e-14,3.715388923141596678e+01,3.556694033284807225e-15,3.551282684115668291e-15,5.411349169138933881e-18,2.432675906994650827e-17,2.835015451873372989e-20,9.902951954721147532e-01,1.815970335189622236e-03,7.888834192696137643e-03
3.727570526168289913e-14,3.727570526168290144e+01,3.175720574276439970e-15,3.169958893382303199e-15,5.761680894136771613e-18,2.413423395985720524e-17,3.071539536944809429e-20,9.903009744066649800e-01,1.815725013092769078e-03,7.883300580242785446e-03
3.739752129194983704e-14,3.739752129194983610e+01,2.685838458048950709e-15,2.679854880099689792e-15,5.983577949260917469e-18,2.328959837330882889e-17,3.169479491577988047e-20,9.902862168409468646e-01,1.820966480251489435e-03,7.892816678802058381e-03
3.751933732221677495e-14,3.751933732221677786e+01,2.129376333555877869e-15,2.123317532049824700e-15,6.058801506053169035e-18,2.184221253982323005e-17,3.086724795445083530e-20,9.902520902959024429e-01,1.831400015853762052e-03,7.916509688244192933e-03
3.764115335248371286e-14,3.764115335248371252e+01,1.554551761678026328e-15,1.548568023633306170e-15,5.983738044720157942e-18,1.991565234786867244e-17,2.919422544814092713e-20,9.902010735114284978e-01,1.846389671603679500e-03,7.952536816968253097e-03
3.776296938275065077e-14,3.776296938275065429e+01,1.011494667137782625e-15,1.005728042261171999e-15,5.766624876610626505e-18,1.769816653106288238e-17,2.806253903438361128e-20,9.901367028668345283e-01,1.864990718106562676e-03,7.998306415059242350e-03
3.788478541301758868e-14,3.788478541301758895e+01,5.478937701870241554e-16,5.424693006294001132e-16,5.424469557624042113e-18,1.541089802724444188e-17,2.765530133081213281e-20,9.900633922537196430e-01,1.885976862001776961e-03,8.050630884278875410e-03
3.800660144328452659e-14,3.800660144328452361e+01,2.046376835525670295e-16,1.996467814626730669e-16,4.990902089893962621e-18,1.326928277927107783e-17,2.632958619649716140e-20,9.899862490129603954e-01,1.907928558772598428e-03,8.105822428267355981e-03
3.812841747355146450e-14,3.812841747355146538e+01,5.092577953979500725e-17,4.642218849143582364e-17,4.503591048359183603e-18,1.146131785080637440e-17,2.707221829703371403e-20,9.899127452739338029e-01,1.928937544391268752e-03,8.158317181675365723e-03
3.825023350381840241e-14,3.825023350381840004e+01,1.930678643256999795e-17,1.529734049000299275e-17,4.009445942567005196e-18,1.012588491427000551e-17,2.589822342987097360e-20,9.898464466154724972e-01,1.947874428684261529e-03,8.205678955843710709e-03
3.837204953408534031e-14,3.837204953408534180e+01,1.366008192056065088e-16,1.330468277137724965e-16,3.553991491834012384e-18,9.390096281342660681e-18,4.678509837551179899e-20,9.897915727649789774e-01,1.963527922883087726e-03,8.244899312138490380e-03
3.849386556435227822e-14,3.849386556435227646e+01,4.353126072551733117e-16,4.321343625773463193e-16,3.178244677826992406e-18,9.253992719516043707e-18,2.434200364630330778e-20,9.897538604690466757e-01,1.974541363495766269e-03,8.271598167457892836e-03
3.861568159461921613e-14,3.861568159461921823e+01,8.672210739057100224e-16,8.642928288129737524e-16,2.928245092736270053e-18,9.804644241093074531e-18,2.492108055842612034e-20,9.897360354127117121e-01,1.980233763196063718e-03,8.283730824092701631e-03
3.873749762488615404e-14,3.873749762488615289e+01,1.393544054384998535e-15,1.390736132560415800e-15,2.807921824582735718e-18,1.098272539204151163e-17,2.631116602455658945e-20,9.897389908161891015e-01,1.980359615586976037e-03,8.280649568224289839e-03
3.885931365515309195e-14,3.885931365515309466e+01,1.968279986222743189e-15,1.965464841748242880e-15,2.815144474500308888e-18,1.268720622794935805e-17,2.943211759737461121e-20,9.897615787486483407e-01,1.975172456286802911e-03,8.263248795065356381e-03
3.898112968542002986e-14,3.898112968542002932e+01,2.541321867422781665e-15,2.538358700039236295e-15,2.963167383545369743e-18,1.475758295070722802e-17,3.088032313137974213e-20,9.898006716963982932e-01,1.965523383663410773e-03,8.233804919938796096e-03
3.910294571568696777e-14,3.910294571568697108e+01,3.062545587281787311e-15,3.059298716060641304e-15,3.246871221146007050e-18,1.700754145433989455e-17,3.179661108604661855e-20,9.898515570629347060e-01,1.952723023293496214e-03,8.195719913771977103e-03
3.922476174595390568e-14,3.922476174595390574e+01,3.486343961401632914e-15,3.482695120425596830e-15,3.648840976036083766e-18,1.924569704809209379e-17,3.187287140044241193e-20,9.899084965611419928e-01,1.938370648491434620e-03,8.153132790367187063e-03
3.934657777622084359e-14,3.934657777622084041e+01,3.775776994424302467e-15,3.771644366954789327e-15,4.132627469513139430e-18,2.129242833812203367e-17,3.047781581357894783e-20,9.899654146109962971e-01,1.924122463878615756e-03,8.110462925125310266e-03
3.946839380648778149e-14,3.946839380648778217e+01,3.905829305987682186e-15,3.901176676447837268e-15,4.652629539844917160e-18,2.298612935839867709e-17,2.968455381052177925e-20,9.900165551171608014e-01,1.911508421968363160e-03,8.071936460870832858e-03
3.959020983675471309e-14,3.959020983675470973e+01,3.865387197626304909e-15,3.860224788919192881e-15,5.162408707112027991e-18,2.417950991337481538e-17,2.964858965269762271e-20,9.900570493434396324e-01,1.901810780234167077e-03,8.041139876326422117e-03
3.971202586702165100e-14,3.971202586702165149e+01,3.657979747344701664e-15,3.652362661460968390e-15,5.617085883733274650e-18,2.475084022329304016e-17,2.940757133151983191e-20,9.900833044905359426e-01,1.895984531675560429e-03,8.020710977788761756e-03
3.983384189728858891e-14,3.983384189728858615e+01,3.301436149526213456e-15,3.295460054830444701e-15,5.976094695768754801e-18,2.462999572969584741e-17,3.052549124236909364e-20,9.900931554183030059e-01,1.894616895608399517e-03,8.012227686089105905e-03
3.995565792755552682e-14,3.995565792755552792e+01,2.826481083219809081e-15,2.820271518023789141e-15,6.209565196019940078e-18,2.381966594989319552e-17,3.447434561361411811e-20,9.900858181445731931e-01,1.897931167531050501e-03,8.016250687896140162e-03
4.007747395782246473e-14,4.007747395782246258e+01,2.274319585897142637e-15,2.268021300730636152e-15,6.298285166506485420e-18,2.239419014070587726e-17,3.262461928616317058e-20,9.900617914753785387e-01,1.905798612838516043e-03,8.032409911783553944e-03
4.019928998808940264e-14,4.019928998808940435e+01,1.693169493792084893e-15,1.686934279759473548e-15,6.235214032611344824e-18,2.050869812555978586e-17,3.041988831911541165e-20,9.900226588874792011e-01,1.917761517517004542e-03,8.059579595004414537e-03
4.032110601835634055e-14,4.032110601835633901e+01,1.133958806801509825e-15,1.127934052824273728e-15,6.024753977236096449e-18,1.834958730340304548e-17,2.963752656024766539e-20,9.899710172769028427e-01,1.933060269259629683e-03,8.095922453838015967e-03
4.044292204862327845e-14,4.044292204862328077e+01,6.456547401956515897e-16,6.399706847263378400e-16,5.684055469313749721e-18,1.610425127493721922e-17,2.866579338837321114e-20,9.899104164744085832e-01,1.950678056748404113e-03,8.138905468843519661e-03
4.056473807889021636e-14,4.056473807889021543e+01,2.708182854076120658e-16,2.655734405068830343e-16,5.244844900729031476e-18,1.395123988658328199e-17,2.786432001435063737e-20,9.898452049931647512e-01,1.969412468889940142e-03,8.185382537945819562e-03
4.068655410915715427e-14,4.068655410915715720e+01,6.646905346640886413e-17,6.172176994169382065e-17,4.747283524715043481e-18,1.205826163587309679e-17,2.783887105252422571e-20,9.897812710762097232e-01,1.987754719320881068e-03,8.230974204470014113e-03
4.080837013942409218e-14,4.080837013942409186e+01,2.394219321457493091e-17,1.970169086982629979e-17,4.240502344748631124e-18,1.058163320050905961e-17,2.702911567405971620e-20,9.897234907350563882e-01,2.004414249293901863e-03,8.272095015650534830e-03
4.093018616969103009e-14,4.093018616969103363e+01,9.372434993816883884e-17,8.995453227729682301e-17,3.769817660872015835e-18,9.688417659816175048e-18,5.323370415360902223e-20,9.896740122491622937e-01,2.018634626329415902e-03,8.307353124509099171e-03
4.105200219995796800e-14,4.105200219995796829e+01,3.600048641081592635e-16,3.566287978116615477e-16,3.376066296497715861e-18,9.396223283255017655e-18,2.630086559069880944e-20,9.896383083055856345e-01,2.029118712023829981e-03,8.332572982391182187e-03
4.117381823022490591e-14,4.117381823022490295e+01,7.682234949368544941e-16,7.651198388063709409e-16,3.103656130483553133e-18,9.816650004878174929e-18,2.632145088192343060e-20,9.896190033430687372e-01,2.035177900185799159e-03,8.345818756746265984e-03
4.129563426049184382e-14,4.129563426049184471e+01,1.280687725381816493e-15,1.277723779810999274e-15,2.963945570817219253e-18,1.087962184911716649e-17,2.800600769110303310e-20,9.896172805127926297e-01,2.036503695576616976e-03,8.346215791631196937e-03
4.141745029075878172e-14,4.141745029075877937e+01,1.852075391569648168e-15,1.849127930993151535e-15,2.947460576496633092e-18,1.247480896248839698e-17,3.009682765969493010e-20,9.896327295605921170e-01,2.033169263579008915e-03,8.334101175829524560e-03
4.153926632102571963e-14,4.153926632102572114e+01,2.432232583895868872e-15,2.429163180991753990e-15,3.069402904114881508e-18,1.445334239143946287e-17,3.139993233229691548e-20,9.896632134943560422e-01,2.025764212285565639e-03,8.311022293358982446e-03
4.166108235129265754e-14,4.166108235129265580e+01,2.970447987050953894e-15,2.967117685137716581e-15,3.330301913237312543e-18,1.665120329375841793e-17,3.147650652495572696e-20,9.897050773031215165e-01,2.015309858558146736e-03,8.279612838320793422e-03
4.178289838155959545e-14,4.178289838155959757e+01,3.419968862693438991e-15,3.416252124717621182e-15,3.716737975817809037e-18,1.889920441302589470e-17,3.163309490996165913e-20,9.897535678707763962e-01,2.003123082619511809e-03,8.243309046604490112e-03
4.190471441182653336e-14,4.190471441182653223e+01,3.741951067361774410e-15,3.737760131629309561e-15,4.190935732464848947e-18,2.101697307430392496e-17,3.037742785077371674e-20,9.898034780052260562e-01,1.990610103090116167e-03,8.205911891684156828e-03
4.202653044209346496e-14,4.202653044209346689e+01,3.908655465254408354e-15,3.903948954195016408e-15,4.706511059391945855e-18,2.282172193463087556e-17,3.082380475954051689e-20,9.898497545001893050e-01,1.979115642049104461e-03,8.171129857761989107e-03
4.214834647236040287e-14,4.214834647236040155e+01,3.905596305891992709e-15,3.900377802027818319e-15,5.218503864174389999e-18,2.413454589158373927e-17,3.107957170025793720e-20,9.898880174030524337e-01,1.969821534275815068e-03,8.142161062672138502e-03
4.227016250262734078e-14,4.227016250262734331e+01,3.732781775131025418e-15,3.727099658428348691e-15,5.682116702676726462e-18,2.481637211752827992e-17,3.021988418615494870e-20,9.899148851254633286e-01,1.963659597974849735e-03,8.121455276562352527e-03
4.239197853289427868e-14,4.239197853289427798e+01,3.404904812186982843e-15,3.398848898268549907e-15,6.055913918432936008e-18,2.480005645000192025e-17,3.030403683038698600e-20,9.899280987612916194e-01,1.961256650793028605e-03,8.110644587915624357e-03
4.251379456316121659e-14,4.251379456316121974e+01,2.950319260000228692e-15,2.944010675044310479e-15,6.308584955918212346e-18,2.410257255702859936e-17,3.551656416483729342e-20,9.899265117289284266e-01,1.962920414860166995e-03,8.110567856211729071e-03
4.263561059342815450e-14,4.263561059342815440e+01,2.408685124895110084e-15,2.402266888738564133e-15,6.418236156545951860e-18,2.279530648789616341e-17,3.287242483697458987e-20,9.899101179246202475e-01,1.968635375240686443e-03,8.121246700139389540e-03
4.275742662369509241e-14,4.275742662369508906e+01,1.827406138090637271e-15,1.821033633888613774e-15,6.372504202023496995e-18,2.101723179276206394e-17,3.018407485524960264e-20,9.898799577847623432e-01,1.978069329227540897e-03,8.141972886010512278e-03
4.287924265396203032e-14,4.287924265396203083e+01,1.257290911276598810e-15,1.251116433655154816e-15,6.174477621443994637e-18,1.892557397544643395e-17,2.974980192528656173e-20,9.898380919823531743e-01,1.990610608211428132e-03,8.171297409435800477e-03
4.300105868422896823e-14,4.300105868422896549e+01,7.479907889253156666e-16,7.421472861291218922e-16,5.843502796193774416e-18,1.668466803431044708e-17,2.829290276559465596e-20,9.897875186591786889e-01,2.005419518180261759e-03,8.207061822641428805e-03
4.312287471449590614e-14,4.312287471449590726e+01,3.437125440716161293e-16,3.383039369022694187e-16,5.408607169346710618e-18,1.447593562675506903e-17,2.840001066911474193e-20,9.897319795505054030e-01,2.021473114074844816e-03,8.246547335420194996e-03
4.324469074476284405e-14,4.324469074476284192e+01,8.808246464677181990e-17,8.317072544681369721e-17,4.911739199958122689e-18,1.248426123897233461e-17,2.783540005342481571e-20,9.896759913827765098e-01,2.037583312065088543e-03,8.286425305158780230e-03
4.336650677502978196e-14,4.336650677502978368e+01,2.964360410088921105e-17,2.524390734515995982e-17,4.399696755729251222e-18,1.089239941912104823e-17,2.815985348387264746e-20,9.896251076236396438e-01,2.052352454026509440e-03,8.322539922334330764e-03
4.348832280529671986e-14,4.348832280529671834e+01,5.858818903058961460e-17,5.467249538982474699e-17,3.915693640764867619e-18,9.865054758176788389e-18,4.378254839896245099e-20,9.895804027048752394e-01,2.065264697236972834e-03,8.354332597888043666e-03
4.361013883556365777e-14,4.361013883556366011e+01,2.899193950423695181e-16,2.864177389206515588e-16,3.501656121717959286e-18,9.451715333233490076e-18,2.916641276987999915e-20,9.895468019473905308e-01,2.075116553894217931e-03,8.378081498715356235e-03
4.373195486583059568e-14,4.373195486583059477e+01,6.708512975685369335e-16,6.676497554661551226e-16,3.201542102381810857e-18,9.724013020863999524e-18,2.719073553627644750e-20,9.895269918585340996e-01,2.081215907183627239e-03,8.391792234282413263e-03
4.385377089609753359e-14,4.385377089609753654e+01,1.164818912999350986e-15,1.161779100257919731e-15,3.039812741431255077e-18,1.064041073064648692e-17,2.845953551074979492e-20,9.895223416312768361e-01,2.083230742382770860e-03,8.394427626340551785e-03
4.397558692636447150e-14,4.397558692636447120e+01,1.727850248268702568e-15,1.724849677631468080e-15,3.000570637234488399e-18,1.211721943323929270e-17,2.923025218222570395e-20,9.895328489449289888e-01,2.081123932637434122e-03,8.386027122434058442e-03
4.409740295663140941e-14,4.409740295663140586e+01,2.310839920223473951e-15,2.307743752509692359e-15,3.096167713781592101e-18,1.403783499002568046e-17,3.135567382143034229e-20,9.895569647653126300e-01,2.075289287961183237e-03,8.367745946726698122e-03
4.421921898689834732e-14,4.421921898689834762e+01,2.863259932189466797e-15,2.859927416504344318e-15,3.332515685122479285e-18,1.624361585896844603e-17,3.142169855089008568e-20,9.895917758468758541e-01,2.066521401388362635e-03,8.341702751736221333e-03
4.434103501716528523e-14,4.434103501716528228e+01,3.337249238637251151e-15,3.333550125604731580e-15,3.699113032519570966e-18,1.854634089498277305e-17,3.208870501459367931e-20,9.896333808062768300e-01,2.055906580884963968e-03,8.310712612838519128e-03
4.446285104743221682e-14,4.446285104743221694e+01,3.691584336163375710e-15,3.687425413615198940e-15,4.158922548176770157e-18,2.072921533087191351e-17,3.144210283933144096e-20,9.896774461573984993e-01,2.044649606173491556e-03,8.277904236428251100e-03
4.458466707769915473e-14,4.458466707769915160e+01,3.895207523257165751e-15,3.890539501340162264e-15,4.668021917003486727e-18,2.258288146665361002e-17,3.200469845152020303e-20,9.897196618523105283e-01,2.033952265702202757e-03,8.246385881987689653e-03
4.470648310796609264e-14,4.470648310796609337e+01,3.930046118492735243e-15,3.924862335679378070e-15,5.183782813357172987e-18,2.393088780938813649e-17,3.159531605042577735e-20,9.897561127222571642e-01,2.024918463383742085e-03,8.218968814359378650e-03
4.482829913823303055e-14,4.482829913823302803e+01,3.792821098473344083e-15,3.787160782324803508e-15,5.660316148540575323e-18,2.466249158849663486e-17,2.983547302065710680e-20,9.897835399927852329e-01,2.018455077623755242e-03,8.198004929591396969e-03
4.495011516849996846e-14,4.495011516849996980e+01,3.495498437152888567e-15,3.489443882409137669e-15,6.054554743750898390e-18,2.474072849984040239e-17,3.011901995071461850e-20,9.897995062590583260e-01,2.015209098733198711e-03,8.185284642208622355e-03
4.507193119876690637e-14,4.507193119876690446e+01,3.064231641964074128e-15,3.057899613798033071e-15,6.332028166041056582e-18,2.418451971885000622e-17,3.423390803393305164e-20,9.898025255428333224e-01,2.015540220723922339e-03,8.181934236443023228e-03
4.519374722903384428e-14,4.519374722903384622e+01,2.536867788846520629e-15,2.530402770809405754e-15,6.465018037114874401e-18,2.304007820513721976e-17,3.173805909868762103e-20,9.897922022123185615e-01,2.019503251304113119e-03,8.188294536377359670e-03
4.531556325930078219e-14,4.531556325930078089e+01,1.959435380615497863e-15,1.952994554941830755e-15,6.440825673667108438e-18,2.140160799079636998e-17,3.028745041272108584e-20,9.897692001008217000e-01,2.026867955162305925e-03,8.203931944016066083e-03
4.543737928956772010e-14,4.543737928956772265e+01,1.382069957365888322e-15,1.375806000551972578e-15,6.263956813915743727e-18,1.938810455449743972e-17,2.979030858592969217e-20,9.897352017859007978e-01,2.037155131887451176e-03,8.227643082211744119e-03
4.555919531983465800e-14,4.555919531983465731e+01,8.547730645241675073e-16,8.488210578329137603e-16,5.952006691253746951e-18,1.715582922088658062e-17,2.824554355899711285e-20,9.896927696005975994e-01,2.049670354890034425e-03,8.257560044512401304e-03
4.568101135010159591e-14,4.568101135010159908e+01,4.232635506773451617e-16,4.177328613852311840e-16,5.530689292113977695e-18,1.490257765491251150e-17,2.887028417248669796e-20,9.896451270733942485e-01,2.063536574433525415e-03,8.291336352172247806e-03
4.580282738036853382e-14,4.580282738036853374e+01,1.251290705811014375e-16,1.200885517789826948e-16,5.040518802118742665e-18,1.283548274239358238e-17,2.763435622165482541e-20,9.895959172557736716e-01,2.077765770652347573e-03,8.326316973573990796e-03
4.592464341063547173e-14,4.592464341063546840e+01,3.683348509287766045e-17,3.231061201973295341e-17,4.522873073144707036e-18,1.115509884410878900e-17,2.859761990362980446e-20,9.895505098512767939e-01,2.090997764724088995e-03,8.358492383999084618e-03
4.604645944090240964e-14,4.604645944090241017e+01,3.210860844012064248e-17,2.808450186640116494e-17,4.024106573719477544e-18,1.001540170486027447e-17,3.275663369977916111e-20,9.895098322661028956e-01,2.102770988964923309e-03,8.387396744932204551e-03
4.616827547116934755e-14,4.616827547116934483e+01,2.252751305252803133e-16,2.216873475496749099e-16,3.587782975605403365e-18,9.503966996259158777e-18,3.343857570707034888e-20,9.894780620576618668e-01,2.112019386181802818e-03,8.409918556156503397e-03
4.629009150143628546e-14,4.629009150143628659e+01,5.763632905158930041e-16,5.731052826482586364e-16,3.258007867634367715e-18,9.651284505115346468e-18,2.650332238027879753e-20,9.894579413151545211e-01,2.118047697963189487e-03,8.424010986882297242e-03
4.641190753170322337e-14,4.641190753170322125e+01,1.049150832032740081e-15,1.046078310819154681e-15,3.072521213585399890e-18,1.045374514831449960e-17,2.773680852912000452e-20,9.894509340298477396e-01,2.120511192848946718e-03,8.428554777303420842e-03
4.653372356197016127e-14,4.653372356197016302e+01,1.601475393935351925e-15,1.598464328829922609e-15,3.011065105429316574e-18,1.183302377489592679e-17,2.816373748255270790e-20,9.894573719198437312e-01,2.119297585061234723e-03,8.423330495095244022e-03
4.665553959223709918e-14,4.665553959223709768e+01,2.185153246411727161e-15,2.182074370123136432e-15,3.078876288590728318e-18,1.367435144068085235e-17,3.101961799884255482e-20,9.894762776704804086e-01,2.114647482016260120e-03,8.409074847503753697e-03
4.677735562250403078e-14,4.677735562250403234e+01,2.749404460755258638e-15,2.746117371834077368e-15,3.287088921181270030e-18,1.581053224484813972e-17,3.145177518540175076e-20,9.895054590600522726e-01,2.107178020097491295e-03,8.387362919850670229e-03
4.689917165277096869e-14,4.689917165277096700e+01,3.245039604320100944e-15,3.241411732251456387e-15,3.627872068644556259e-18,1.805150069714406893e-17,3.217631048016039955e-20,9.895417705752560522e-01,2.097791726395064216e-03,8.360437698349154623e-03
4.702098768303790660e-14,4.702098768303790877e+01,3.628732759226252482e-15,3.624661983424259465e-15,4.070775801993017062e-18,2.019614081841630826e-17,3.201554009535161979e-20,9.895815041239638399e-01,2.087542881649773977e-03,8.330952994386780358e-03
4.714280371330484451e-14,4.714280371330484343e+01,3.866931937575756631e-15,3.862357064002778493e-15,4.574873572978137148e-18,2.206191582536564243e-17,3.135095454910199822e-20,9.896207617803157719e-01,2.077520879902166120e-03,8.301717339782329133e-03
4.726461974357178242e-14,4.726461974357178519e+01,3.938932131003121741e-15,3.933834738218834316e-15,5.097392784287425175e-18,2.349842702912781263e-17,3.042654299880273244e-20,9.896558100153709514e-01,2.068753670080475046e-03,8.275436314548906616e-03
4.738643577383872033e-14,4.738643577383871985e+01,3.838649993319774557e-15,3.833061538930348520e-15,5.588454389426037742e-18,2.439109173354517980e-17,2.898442317610140477e-20,9.896834258576682197e-01,2.062103981954204607e-03,8.254470160377754342e-03
4.750825180410565823e-14,4.750825180410566162e+01,3.575007171169249045e-15,3.569003663868357282e-15,6.003507300891762385e-18,2.466435008611288768e-17,2.974669417217130728e-20,9.897011473644292678e-01,2.058215285667109283e-03,8.240637349903871811e-03
4.763006783437259614e-14,4.763006783437259628e+01,3.171001154256889323e-15,3.164696510954295852e-15,6.304643302593470971e-18,2.428032179645125311e-17,3.256886020475424057e-20,9.897074558177744175e-01,2.057476734856632499e-03,8.235067447369169916e-03
4.775188386463953405e-14,4.775188386463953094e+01,2.661633879050635793e-15,2.655170252635553190e-15,6.463626415082602739e-18,2.324776055023222391e-17,3.149178148601808288e-20,9.897018553519011386e-01,2.060009991905662873e-03,8.238134656193378536e-03
4.787369989490647196e-14,4.787369989490647271e+01,2.090986958069057671e-15,2.084518298496532196e-15,6.468659572525474841e-18,2.165052601278979271e-17,3.080513968327458593e-20,9.896847963871194809e-01,2.065684585563973968e-03,8.249519027316676995e-03
4.799551592517340987e-14,4.799551592517340737e+01,1.508574527325639998e-15,1.502252517860615186e-15,6.322009465024811698e-18,1.963327816230335196e-17,2.945341425956525964e-20,9.896575845511098590e-01,2.074135861543192644e-03,8.268279587346976517e-03
4.811733195544034778e-14,4.811733195544034913e+01,9.651462527578577239e-16,9.591102363881599904e-16,6.036016369697733426e-18,1.739179423982190887e-17,2.823156214032077075e-20,9.896222563819022655e-01,2.084783048453754672e-03,8.292960569644272986e-03
4.823914798570728569e-14,4.823914798570728379e+01,5.082199792014386759e-16,5.025867650842593562e-16,5.633214117179319691e-18,1.514060458227112914e-17,2.816720581154941524e-20,9.895814551693080663e-01,2.096862164371047273e-03,8.321682666321054272e-03
4.836096401597422360e-14,4.836096401597422556e+01,1.777701113869310993e-16,1.726194637859527602e-16,5.150647600978339008e-18,1.307808744256767098e-17,2.680385728889501982e-20,9.895382881420035082e-01,2.109488933667386535e-03,8.352222924329360740e-03
4.848278004624116151e-14,4.848278004624116022e+01,4.617187973290256954e-17,4.154307191263893359e-17,4.628807820263635953e-18,1.137663998080478830e-17,2.760929957869127073e-20,9.894973520823906465e-01,2.121467827749285492e-03,8.381180089860244473e-03
4.860459607650809941e-14,4.860459607650810199e+01,1.849987226157752423e-17,1.438097272231293723e-17,4.118899539264587003e-18,1.016429613738966494e-17,2.665670303268756740e-20,9.894601959565113569e-01,2.132251786201481460e-03,8.407552257287457392e-03
4.872641210677503732e-14,4.872641210677503665e+01,1.681488609006858720e-16,1.644846489191864202e-16,3.664211981499451894e-18,9.551930264711835509e-18,3.875515018403196621e-20,9.894300667594450038e-01,2.140978039220407716e-03,8.428955201334733735e-03
4.884822813704197523e-14,4.884822813704197841e+01,4.873803986919862526e-16,4.840717994580975885e-16,3.308599233888664098e-18,9.558623261865833825e-18,2.576595683530033348e-20,9.894098679222282922e-01,2.146932329126200086e-03,8.443199748645919753e-03
4.897004416730891314e-14,4.897004416730891307e+01,9.365582047222254156e-16,9.334630047142898028e-16,3.095200007935612822e-18,1.023194682207841980e-17,2.723615202625204411e-20,9.894011347722143634e-01,2.149743715710783140e-03,8.449121512075028623e-03
4.909186019757585105e-14,4.909186019757584774e+01,1.475500390549247308e-15,1.472492862485819898e-15,3.007528063427409469e-18,1.150408791734975796e-17,2.802803543948291136e-20,9.894044265226266122e-01,2.149245185675897549e-03,8.446328291697752233e-03
4.921367622784278265e-14,4.921367622784278240e+01,2.057009351395747761e-15,2.053963644898913476e-15,3.045706496834285590e-18,1.326249481398252275e-17,3.092055693807429632e-20,9.894191780634288280e-01,2.145565331520814158e-03,8.435256605050548209e-03
4.933549225810972056e-14,4.933549225810971706e+01,2.630335236529041333e-15,2.627111461938347935e-15,3.223774590693397577e-18,1.533846432952669778e-17,3.174227381674221317e-20,9.894437299232391458e-01,2.139180315442166819e-03,8.417089761318994820e-03
4.945730828837665847e-14,4.945730828837665882e+01,3.145341446245682449e-15,3.141802534347758198e-15,3.538911897924251569e-18,1.754358553729938639e-17,3.155616393561066553e-20,9.894755035427449386e-01,2.130847990961174613e-03,8.393648466294241148e-03
4.957912431864359637e-14,4.957912431864359348e+01,3.557017383014335379e-15,3.553051179550239834e-15,3.966203464095544748e-18,1.968790638717781180e-17,3.118450123007050118e-20,9.895112925343217958e-01,2.121496560189940501e-03,8.367210905488512221e-03
4.970094034891053428e-14,4.970094034891053525e+01,3.829525717899087996e-15,3.825059897257401108e-15,4.465820641686887876e-18,2.159292906963901195e-17,2.971278890289002103e-20,9.895476078879729132e-01,2.112111969370917587e-03,8.340280142656433804e-03
4.982275637917747219e-14,4.982275637917746991e+01,3.939323834480786329e-15,3.934332271673942883e-15,4.991562806843446142e-18,2.310232130191137085e-17,2.905597885793650697e-20,9.895810250765808558e-01,2.103640316657641018e-03,8.315334606761469807e-03
4.994457240944441010e-14,4.994457240944441168e+01,3.877022922292535797e-15,3.871531352814120639e-15,5.491569478415158234e-18,2.408300611880407377e-17,2.942144784347489957e-20,9.896085246250231338e-01,2.096896539428030892e-03,8.294578835548861370e-03
5.006638843971134801e-14,5.006638843971134634e+01,3.648059591177228601e-15,3.642137027101881422e-15,5.922564075347179062e-18,2.443705057280617721e-17,2.927290977089343388e-20,9.896277316880971453e-01,2.092519329139282385e-03,8.279748982763499021e-03
5.018820446997828592e-14,5.018820446997828810e+01,3.272223670384682775e-15,3.265976881622772514e-15,6.246788761910260713e-18,2.412494276900379221e-17,3.130999432784393055e-20,9.896370561420533285e-01,2.090930082894178459e-03,8.272013775052506485e-03
5.031002050024522383e-14,5.031002050024522276e+01,2.782051755343795832e-15,2.775615504757098632e-15,6.436250586697200617e-18,2.316920008088052035e-17,3.231602426474719531e-20,9.896357584833213039e-01,2.092314137611260127e-03,8.271927379067543079e-03
5.043183653051216174e-14,5.043183653051216453e+01,2.220152627684832394e-15,2.213675084473999981e-15,6.477543210832412488e-18,2.166197962001126531e-17,3.067100354858605764e-20,9.896239283201363479e-01,2.096624200791117731e-03,8.279447479072483615e-03
5.055365256077909965e-14,5.055365256077909919e+01,1.635527613758674324e-15,1.629163090333240944e-15,6.364523425433379377e-18,1.975116113202472472e-17,2.853463095121867279e-20,9.896024502972151637e-01,2.103576686210686161e-03,8.293973016574314461e-03
5.067546859104603755e-14,5.067546859104604096e+01,1.079209409461544792e-15,1.073104492730573988e-15,6.104916730970804186e-18,1.761190215255047656e-17,2.769138062959957731e-20,9.895729488472669866e-01,2.112676069129535827e-03,8.314375083603517055e-03
5.079728462131297546e-14,5.079728462131297562e+01,5.996798942441275156e-16,5.939589524734116236e-16,5.720941770715891969e-18,1.542368887817091313e-17,2.695400068911819226e-20,9.895377048684200760e-01,2.123254413668276917e-03,8.339040717911425440e-03
5.091910065157991337e-14,5.091910065157991028e+01,2.385912139200116302e-16,2.333445255146272018e-16,5.246688405384428442e-18,1.336427236926930766e-17,2.640008074096419973e-20,9.894995075891902525e-01,2.134520504532496504e-03,8.365971906277254455e-03
5.104091668184685128e-14,5.104091668184685204e+01,5.882359184233391724e-17,5.409769065708252007e-17,4.725901185251397172e-18,1.160465733035198748e-17,2.678838173303620044e-20,9.894622345232307881e-01,2.145459203053503433e-03,8.392306273715488193e-03
5.116273271211378919e-14,5.116273271211378670e+01,2.173096207517850843e-17,1.752128946851959409e-17,4.209672606658914336e-18,1.029807848459339362e-17,2.645233659566220702e-20,9.894283606985142532e-01,2.155358120665660637e-03,8.416281180819914012e-03
5.128454874238072710e-14,5.128454874238072847e+01,1.184095480487200769e-16,1.146690471851618622e-16,3.740500863558214682e-18,9.587558524964470129e-18,4.547552099162389801e-20,9.893997435143954133e-01,2.163637733665373618e-03,8.436618751938938093e-03
5.140636477264766501e-14,5.140636477264766313e+01,4.044220716801650570e-16,4.010623453726729045e-16,3.359726307492152550e-18,9.485215348828514298e-18,2.591329540101760430e-20,9.893795522872248505e-01,2.169520715269601229e-03,8.450926997505381344e-03
5.152818080291460292e-14,5.152818080291460490e+01,8.285544917275089478e-16,8.254409840460365997e-16,3.113507681472348142e-18,1.005296960951446473e-17,2.658831741298997816e-20,9.893694020752064056e-01,2.172604149299337938e-03,8.457993775494216174e-03
5.164999683318153451e-14,5.164999683318153245e+01,1.352017360257855072e-15,1.349018465842424816e-15,2.998894415430256667e-18,1.120887374937543693e-17,2.791772403367388848e-20,9.893700768876640961e-01,2.172692361794721291e-03,8.457230750541088957e-03
5.177181286344847242e-14,5.177181286344847422e+01,1.928510818949004268e-15,1.925501151559026616e-15,3.009667389977652685e-18,1.284074781995826890e-17,2.969201425613095270e-20,9.893813910695256064e-01,2.169835940666525308e-03,8.448772989807765491e-03
5.189362889371541033e-14,5.189362889371540888e+01,2.507588081240283540e-15,2.504426810080564525e-15,3.161271159719014826e-18,1.480546030825192368e-17,3.056873414677120410e-20,9.894021123975617060e-01,2.164402950023425545e-03,8.433484652414840674e-03
5.201544492398234824e-14,5.201544492398235064e+01,3.038822895901411059e-15,3.035369782626494928e-15,3.453113274916130694e-18,1.694345295540903244e-17,2.973868302986525321e-20,9.894300835979151776e-01,2.157028031997488930e-03,8.412888370087407211e-03
5.213726095424928615e-14,5.213726095424928531e+01,3.476193251664596691e-15,3.472329945426801924e-15,3.863306237794767682e-18,1.908505768960237825e-17,2.969671828403659708e-20,9.894624765601353067e-01,2.148520151825778195e-03,8.389003288038814066e-03
5.225907698451622406e-14,5.225907698451622707e+01,3.781885237736633892e-15,3.777532506082164925e-15,4.352731654468966969e-18,2.104463073404349449e-17,2.855743222207188178e-20,9.894961461796980551e-01,2.139761109668606234e-03,8.364092710633415015e-03
5.238089301478316197e-14,5.238089301478316173e+01,3.929418138405514303e-15,3.924544104081572358e-15,4.874034323941945883e-18,2.264027197528385636e-17,2.897481217846111495e-20,9.895279705113234625e-01,2.131616224842590099e-03,8.340413263833935248e-03
5.250270904505009988e-14,5.250270904505009639e+01,3.905803214825339782e-15,3.900423706600943219e-15,5.379508224396563262e-18,2.370910714060395860e-17,2.951397323460629486e-20,9.895551499784505101e-01,2.124863349432987158e-03,8.319986672116110732e-03
5.262452507531703778e-14,5.262452507531703816e+01,3.712780293304167864e-15,3.706951519967243871e-15,5.828773336923993528e-18,2.414072690649918620e-17,2.845511288400292399e-20,9.895754002527510362e-01,2.120144569181236886e-03,8.304455178067458865e-03
5.274634110558397569e-14,5.274634110558397282e+01,3.366881524593889787e-15,3.360700123738947011e-15,6.181400854942775701e-18,2.390399013599432639e-17,2.978370048433966419e-20,9.895870708035083840e-01,2.117910002260015717e-03,8.295019194231510046e-03
5.286815713585091360e-14,5.286815713585091459e+01,2.898175901440310562e-15,2.891769131779708274e-15,6.406769660602288040e-18,2.303778601257971517e-17,3.272014087537066812e-20,9.895892166854511895e-01,2.118394564195091260e-03,8.292388750353667584e-03
5.298997316611785151e-14,5.298997316611784925e+01,2.347654016119226646e-15,2.341170080172312192e-15,6.483935946914453541e-18,2.163161121731870914e-17,2.924063449527728150e-20,9.895816552235259245e-01,2.121605658690668347e-03,8.296739117783186873e-03
5.311178919638478942e-14,5.311178919638479101e+01,1.763489524785875612e-15,1.757088279582921582e-15,6.401245202954029792e-18,1.982602997282346128e-17,2.770220109162045647e-20,9.895649552175077579e-01,2.127321667731271043e-03,8.307723114760672684e-03
5.323360522665172733e-14,5.323360522665172567e+01,1.196658859992664394e-15,1.190492807344143993e-15,6.166052648520401043e-18,1.777027781140439187e-17,2.712730474711960300e-20,9.895404253316770760e-01,2.135123722176885189e-03,8.324450946145586089e-03
5.335542125691866524e-14,5.335542125691866744e+01,6.964330905728402152e-16,6.906313495173339723e-16,5.801741055506242896e-18,1.562548513621223058e-17,2.636607879535801249e-20,9.895100284089761722e-01,2.144433253267388675e-03,8.345538337756005023e-03
5.347723728718560315e-14,5.347723728718560210e+01,3.061758663930900323e-16,3.008355362627927487e-16,5.340330130297283534e-18,1.356612009279642311e-17,2.666323399247487593e-20,9.894762347025528593e-01,2.154547365581469757e-03,8.369217931865334872e-03
5.359905331745254106e-14,5.359905331745254387e+01,7.618057553414891816e-17,7.135403473489765150e-17,4.826540799251266660e-18,1.176854672947778828e-17,2.665975104517926907e-20,9.894421929124540549e-01,2.164621278141444158e-03,8.393185809404221653e-03
5.372086934771947896e-14,5.372086934771947853e+01,2.648405287298313805e-17,2.217766833931633310e-17,4.306384533666804952e-18,1.039839155455870834e-17,2.698923064324989971e-20,9.894110954889224763e-01,2.173802645917626095e-03,8.415101865159526837e-03
5.384268537798641687e-14,5.384268537798642029e+01,7.755350884221009399e-17,7.373043574969004168e-17,3.823073092520052305e-18,9.603717046966598301e-18,4.719271849168821499e-20,9.893839383180677016e-01,2.181694476062410060e-03,8.434367205869567827e-03
5.396450140825335478e-14,5.396450140825335495e+01,3.286255913602464989e-16,3.252077343199630252e-16,3.417857040283473643e-18,9.396114839197621659e-18,2.620491665531600918e-20,9.893639161480010102e-01,2.187511753209741595e-03,8.448572098788959331e-03
5.408631743852028638e-14,5.408631743852028961e+01,7.253179019665627929e-16,7.221789688928949753e-16,3.138933073667817602e-18,9.847202296730205203e-18,2.543908367341888811e-20,9.893527203575820383e-01,2.190828656025905607e-03,8.456450986392064287e-03
5.420813346878722429e-14,5.420813346878722427e+01,1.230451531765618447e-15,1.227451956901047989e-15,2.999574864570457210e-18,1.089254001482050252e-17,2.701718417739204424e-20,9.893512612760205771e-01,2.191433751468982102e-03,8.457304972510383545e-03
5.432994949905416220e-14,5.432994949905415893e+01,1.799314301301304613e-15,1.796328158664814342e-15,2.986142636490271415e-18,1.243612213861047971e-17,2.796459038748539533e-20,9.893595931370435803e-01,2.189315181326962831e-03,8.451091681629583491e-03
5.445176552932110011e-14,5.445176552932110070e+01,2.382312620331414442e-15,2.379201629409157568e-15,3.110990922256874571e-18,1.434726713482098776e-17,2.916662736612713850e-20,9.893768180687840808e-01,2.184740700301488793e-03,8.438441230914488569e-03
5.457358155958803802e-14,5.457358155958803536e+01,2.928823584327306630e-15,2.925449536502239184e-15,3.374047825067446096e-18,1.645958358381516405e-17,2.895845240709574662e-20,9.894011951014001216e-01,2.178227262810751921e-03,8.420577635789315563e-03
5.469539758985497592e-14,5.469539758985497713e+01,3.391334718413145315e-15,3.387574860738520391e-15,3.759857674624924197e-18,1.858584889650951743e-17,2.935328806143382669e-20,9.894303420075732936e-01,2.170478085603128309e-03,8.399179906823629749e-03
5.481721362012191383e-14,5.481721362012191179e+01,3.729480344472658265e-15,3.725245795142283198e-15,4.234549330375066553e-18,2.052830687524778929e-17,2.888549621315400864e-20,9.894615196550893277e-01,2.162292945002366410e-03,8.376187399908341033e-03
5.493902965038885174e-14,5.493902965038885355e+01,3.913618931135514860e-15,3.908866181368071621e-15,4.752749767443239300e-18,2.211024060278811440e-17,2.910856869084214435e-20,9.894919019747321354e-01,2.154481048830319320e-03,8.353616976437702735e-03
5.506084568065578965e-14,5.506084568065578821e+01,3.927532615318600079e-15,3.922261859557589073e-15,5.270755761011006161e-18,2.319418887252917752e-17,2.879469199356970600e-20,9.895188117793549676e-01,2.147797746727864773e-03,8.333390473917349356e-03
5.518266171092272756e-14,5.518266171092272998e+01,3.769988734591084268e-15,3.764244749144614197e-15,5.743985446470071200e-18,2.369818632596571065e-17,2.718077295549633671e-20,9.895399278685027555e-01,2.142878749603045838e-03,8.317193381894242427e-03
5.530447774118966547e-14,5.530447774118966464e+01,3.454860689314626769e-15,3.448735132773017853e-15,6.125556541608916445e-18,2.359926512418718356e-17,2.873208833071006739e-20,9.895534588239546236e-01,2.140179999787566838e-03,8.306361176257999468e-03
5.542629377145660338e-14,5.542629377145660641e+01,3.009817689501462477e-15,3.003435573959383364e-15,6.382115542079113590e-18,2.291290460887331831e-17,3.215304804772637536e-20,9.895582776882327902e-01,2.139960969756755579e-03,8.301761342010617259e-03
5.554810980172354129e-14,5.554810980172354107e+01,2.473725777566932518e-15,2.467238068518037409e-15,6.487709048895108831e-18,2.168342086455916490e-17,2.864744887115966788e-20,9.895540289788757882e-01,2.142266644883096451e-03,8.303704376241378624e-03
5.566992583199047920e-14,5.566992583199047573e+01,1.893171439526799116e-15,1.886738836555872119e-15,6.432602970926997450e-18,2.000993371156645347e-17,2.812696287148490006e-20,9.895411050604687730e-01,2.146937985455254529e-03,8.311956954076207479e-03
5.579174186225741710e-14,5.579174186225741749e+01,1.318467969829563520e-15,1.312242092183485357e-15,6.225877646078163550e-18,1.801909369355661499e-17,2.735421045397866001e-20,9.895206121073365502e-01,2.153637746594112834e-03,8.325750146069491389e-03
5.591355789252435501e-14,5.591355789252435216e+01,7.994396874839276364e-16,7.935518639804832720e-16,5.887823503444364374e-18,1.588170747898206402e-17,2.670116061721240772e-20,9.894942564191588907e-01,2.161871826141527255e-03,8.343871754699706475e-03
5.603537392279129292e-14,5.603537392279129392e+01,3.812262691293150548e-16,3.757802263829485754e-16,5.446042746366479394e-18,1.379613335446930386e-17,2.702205224213636448e-20,9.894642044095518507e-01,2.171015670976840593e-03,8.364779919471413208e-03
5.615718995305823083e-14,5.615718995305822858e+01,1.022964426652617180e-16,9.735533740170420352e-17,4.941105263557514490e-18,1.195843646978954334e-17,2.647418035013146982e-20,9.894329575941915866e-01,2.180358506995871363e-03,8.386683898812696825e-03
5.627900598332516874e-14,5.627900598332517035e+01,3.261577353649018332e-17,2.819952906956620868e-17,4.416244466923974639e-18,1.053912837039150179e-17,2.703346721691478254e-20,9.894040950708971049e-01,2.188962214449875418e-03,8.406942714653229537e-03
5.640082201359210034e-14,5.640082201359209790e+01,4.539686820477548679e-17,4.147903678766366735e-17,3.917831417111819440e-18,9.671391375124527729e-18,4.307770186929698244e-20,9.893782086133940945e-01,2.196520298619113794e-03,8.425271087986966473e-03
5.652263804385903825e-14,5.652263804385903967e+01,2.597127043253386323e-16,2.562223636418145984e-16,3.490340683524033858e-18,9.369833726273787339e-18,2.565274360300862484e-20,9.893583113232486959e-01,2.202287936661241011e-03,8.439400740090226630e-03
5.664445407412597616e-14,5.664445407412597433e+01,6.273904446748734859e-16,6.242111787230727507e-16,3.179265951800735183e-18,9.696939275964394593e-18,2.411970006604780587e-20,9.893461987214835496e-01,2.205816933446097094e-03,8.447984345070559328e-03
5.676627010439291406e-14,5.676627010439291610e+01,1.112251456431903449e-15,1.109238155175690557e-15,3.013301256212891831e-18,1.060870765385766817e-17,2.566548387304251918e-20,9.893429093924898110e-01,2.206880437172421133e-03,8.450210170338062765e-03
5.688808613465985828e-14,5.688808613465985786e+01,1.671213150498527964e-15,1.668240520563885438e-15,2.972629934642525668e-18,1.202788079345426768e-17,2.662620256647240940e-20,9.893487141496399850e-01,2.205414238980747677e-03,8.445871611379442492e-03
5.700990216492678988e-14,5.700990216492679252e+01,2.255580768697452319e-15,2.252516306913774230e-15,3.064461783678088995e-18,1.383949659750463498e-17,2.871155176876794510e-20,9.893630106559625492e-01,2.201597233607450674e-03,8.435392110430331436e-03
5.713171819519373410e-14,5.713171819519373429e+01,2.814557509863034596e-15,2.811262790363693810e-15,3.294719499340786918e-18,1.588434995020101811e-17,2.914971673584634414e-20,9.893843873124227306e-01,2.195852667892075286e-03,8.419760019685461686e-03
5.725353422546066570e-14,5.725353422546066895e+01,3.299447501848496006e-15,3.295789327864532604e-15,3.658173983963402172e-18,1.798001941508030719e-17,2.902302963959211780e-20,9.894107763824915303e-01,2.188804855602059177e-03,8.400418761906855089e-03
5.737535025572760992e-14,5.737535025572761072e+01,3.667907237413154482e-15,3.663785386878249775e-15,4.121850534904706801e-18,1.993753262417299344e-17,2.877955143799903587e-20,9.894397055882719894e-01,2.181182546013524150e-03,8.379111865714989130e-03
5.749716628599454152e-14,5.749716628599453827e+01,3.887733607537613192e-15,3.883091667009545306e-15,4.641940528067886128e-18,2.158365769833602367e-17,2.793319355525710922e-20,9.894685444349700099e-01,2.173742037855775147e-03,8.357713527174629592e-03
5.761898231626147311e-14,5.761898231626147293e+01,3.939773193061322199e-15,3.934601066178264226e-15,5.172126883057972423e-18,2.277935404557217867e-17,2.712475023739566137e-20,9.894947369329638587e-01,2.167200663208710375e-03,8.338062403827737126e-03
5.774079834652841733e-14,5.774079834652841470e+01,3.819570635359234382e-15,3.813909476053355493e-15,5.661159305878888867e-18,2.342560732552913560e-17,2.621300654209696741e-20,9.895160313838535782e-01,2.162167353873398895e-03,8.321801262273250191e-03
5.786261437679534893e-14,5.786261437679534936e+01,3.537664445452477963e-15,3.531601333649736955e-15,6.063111802741007358e-18,2.346991556217445700e-17,2.799197379135612281e-20,9.895306549673071883e-01,2.159099625261699015e-03,8.310245407431450515e-03
5.798443040706229315e-14,5.798443040706229112e+01,3.118604304766251289e-15,3.112260238891139410e-15,6.344065875111878338e-18,2.290261107500299299e-17,3.135701789992384484e-20,9.895374430948712385e-01,2.158282032368471267e-03,8.304274872760588136e-03
5.810624643732922475e-14,5.810624643732922578e+01,2.598786464920207130e-15,2.592306829114768978e-15,6.479635805438151963e-18,2.175977693651007773e-17,2.919927535837963847e-20,9.895359191847153957e-01,2.159809575906149973e-03,8.304271239378871114e-03
5.822806246759616897e-14,5.822806246759616755e+01,2.023361880796037433e-15,2.016901186941459144e-15,6.460693854578288141e-18,2.014646090408247842e-17,2.896097596416393131e-20,9.895262690998872790e-01,2.163591314388800015e-03,8.310139585724317379e-03
5.834987849786310057e-14,5.834987849786310221e+01,1.442389821788135456e-15,1.436098615739999904e-15,6.291206048135552343e-18,1.820550569566964782e-17,2.743349196008150032e-20,9.895093212859662479e-01,2.169359969204609408e-03,8.321318744829508257e-03
5.847169452813004479e-14,5.847169452813004398e+01,9.065026971857534576e-16,9.005187055909310931e-16,5.983991594822364443e-18,1.611686910351691550e-17,2.684405886588685345e-20,9.894864740593677377e-01,2.176684824605906038e-03,8.336841116026862814e-03
5.859351055839697639e-14,5.859351055839697864e+01,4.624404552962601577e-16,4.568786904329300005e-16,5.561764863330157169e-18,1.406642681503103964e-17,2.644961464528197936e-20,9.894596104953141680e-01,2.184999386688843241e-03,8.355390117997739050e-03
5.871532658866392061e-14,5.871532658866392040e+01,1.489019733627354892e-16,1.438379122251286578e-16,5.064061137606831376e-18,1.222873232022481718e-17,2.580055239021013916e-20,9.894309618871459655e-01,2.193655818524876434e-03,8.375382294329757407e-03
5.883714261893085220e-14,5.883714261893085506e+01,4.070365334526747615e-17,3.616941793783092130e-17,4.534235407436554859e-18,1.075580215250751594e-17,2.632674928755202496e-20,9.894038741704129780e-01,2.201777546518684722e-03,8.394348283069140437e-03
5.895895864919779642e-14,5.895895864919779683e+01,2.373880745251405922e-17,1.971474547016327806e-17,4.024061982350781160e-18,9.770933081535655724e-18,3.119357233741923856e-20,9.893791874474375803e-01,2.209033503440350175e-03,8.411779049122668911e-03
5.908077467946472802e-14,5.908077467946473149e+01,1.979897238428983202e-16,1.944134149534731949e-16,3.576308889425125238e-18,9.345900753620108610e-18,2.706729534334565249e-20,9.893595039770322064e-01,2.214759075644298289e-03,8.425736947324274223e-03
5.920259070973167224e-14,5.920259070973167326e+01,5.346720427388875883e-16,5.314377871376895155e-16,3.234255601198072860e-18,9.533388816632973851e-18,2.411438823691894174e-20,9.893467060948091252e-01,2.218480794701372522e-03,8.434813110490406093e-03
5.932440673999860384e-14,5.932440673999860081e+01,9.972319070116446982e-16,9.941938474739348392e-16,3.038059537709859081e-18,1.032665158938184066e-17,2.554932554363286702e-20,9.893418891796669223e-01,2.219950663578730207e-03,8.438160156755133284e-03
5.944622277026554806e-14,5.944622277026554968e+01,1.544350390928358401e-15,1.541382710834459153e-15,2.967680093899248064e-18,1.165268986830524926e-17,2.688148086291912546e-20,9.893454742827537673e-01,2.219062331167408544e-03,8.435463386079521467e-03
5.956803880053247966e-14,5.956803880053247724e+01,2.128102863437532280e-15,2.125075668803496604e-15,3.027194634035676061e-18,1.338931627598601215e-17,2.840449450518934444e-20,9.893571134105276776e-01,2.215925421775295345e-03,8.426961167697642405e-03
5.968985483079942388e-14,5.968985483079942611e+01,2.697488739529325162e-15,2.694258648923159868e-15,3.230090606165293776e-18,1.537536091215956593e-17,2.902090239116542310e-20,9.893756936990157902e-01,2.210891994543767204e-03,8.413414306441354198e-03
5.981167086106635547e-14,5.981167086106635367e+01,3.202779385430276354e-15,3.199206944604125075e-15,3.572440826151278569e-18,1.743422575789183862e-17,2.803051169562432098e-20,9.893994534373006244e-01,2.204510115873887545e-03,8.396036446826302471e-03
5.993348689133329969e-14,5.993348689133330254e+01,3.599912758281896499e-15,3.595889748379205780e-15,4.023009902690718450e-18,1.939483021101007260e-17,2.786237728255550457e-20,9.894261750143074075e-01,2.197438982043317234e-03,8.376386003649999995e-03
6.005530292160023129e-14,6.005530292160023009e+01,3.854385832445925422e-15,3.849849622562668392e-15,4.536209883257029605e-18,2.109492057420224444e-17,2.690383889883941077e-20,9.894534205846995389e-01,2.190373656332457366e-03,8.356205758968757863e-03
6.017711895186716289e-14,6.017711895186716475e+01,3.944213637127763346e-15,3.939148024670984737e-15,5.065612456778609422e-18,2.239383589949301890e-17,2.644886322584351485e-20,9.894787607049541078e-01,2.183987386188106315e-03,8.337251908858403851e-03
6.029893498213410711e-14,6.029893498213410652e+01,3.861683028584022596e-15,3.856121790285968099e-15,5.561238298054496966e-18,2.317635272054112401e-17,2.709671959023503014e-20,9.895000087815301049e-01,2.178869255675730966e-03,8.321121962794889720e-03
6.042075101240103871e-14,6.042075101240104118e+01,3.613944500366405861e-15,3.607962521937742839e-15,5.981978428663021690e-18,2.336376649197074321e-17,2.751580244816167440e-20,9.895153986198239604e-01,2.175488485158669476e-03,8.309112895017976841e-03
6.054256704266798293e-14,6.054256704266798295e+01,3.222435488844601562e-15,3.216141606762307710e-15,6.293882082293852154e-18,2.293423913744985173e-17,3.066949211562339749e-20,9.895236996134951779e-01,2.174162650384143993e-03,8.302137736121307371e-03
6.066438307293491453e-14,6.066438307293491761e+01,2.721101754916206071e-15,2.714633310833134433e-15,6.468444083071637309e-18,2.191782370466936933e-17,3.025540942327613323e-20,9.895243029898027620e-01,2.175031607306543175e-03,8.300665402891295452e-03
6.078619910320185875e-14,6.078619910320185937e+01,2.153541509519026386e-15,2.147050527214824766e-15,6.490982304201620694e-18,2.041158193568934691e-17,2.864699035836297937e-20,9.895172202936211026e-01,2.178055111382183346e-03,8.304724594997451789e-03
6.090801513346879034e-14,6.090801513346878693e+01,1.569209178459572834e-15,1.562852331524223944e-15,6.356846935348889220e-18,1.855532937534438968e-17,2.648849820082674178e-20,9.895030759112599661e-01,2.183013876555571324e-03,8.313910212185082749e-03
6.102983116373573456e-14,6.102983116373573580e+01,1.019040162415501419e-15,1.012965158585406790e-15,6.075003830094629791e-18,1.651667288407905953e-17,2.639539527439268782e-20,9.894830589079868233e-01,2.189527730188697407e-03,8.327413361825367066e-03
6.115164719400266616e-14,6.115164719400266335e+01,5.509482620611206139e-16,5.452784274937037507e-16,5.669834567416863172e-18,1.446692758580069603e-17,2.541722039823408644e-20,9.894588492600064900e-01,2.197088751586026741e-03,8.344061988408115610e-03
6.127346322426961038e-14,6.127346322426961223e+01,2.056447895692130685e-16,2.004640819530441167e-16,5.180707616168951801e-18,1.258003109754500015e-17,2.572212871836107310e-20,9.894324825966218651e-01,2.205106412709728451e-03,8.362410990669174107e-03
6.139527925453654198e-14,6.139527925453653978e+01,5.158178216857669153e-17,4.693010630039648834e-17,4.651675868180203195e-18,1.101449551092532381e-17,2.594503411784322741e-20,9.894068958538890790e-01,2.212803306390781401e-03,8.380300839720973560e-03
6.151709528480348620e-14,6.151709528480348865e+01,1.953514079989196546e-17,1.540100351759498837e-17,4.134137282296977089e-18,9.906915152462119118e-18,2.580620830723812545e-20,9.893834853579667188e-01,2.219741600888873283e-03,8.396773041145322997e-03
6.163891131507041780e-14,6.163891131507041621e+01,1.440917679001090607e-16,1.404228188071343429e-16,3.668949092974717714e-18,9.363581272646719313e-18,3.178160482566586472e-20,9.893640458213094346e-01,2.225415446482890275e-03,8.410538732208511226e-03
6.176072734533736202e-14,6.176072734533736508e+01,4.484130061867148905e-16,4.451141771460781328e-16,3.298829040636757654e-18,9.414716386749026968e-18,2.462853574850471861e-20,9.893506842475867646e-01,2.229299126483294449e-03,8.420016625930681203e-03
6.188254337560429361e-14,6.188254337560429263e+01,8.866039637833651938e-16,8.835342122838868341e-16,3.069751499478359772e-18,1.007377069871365608e-17,2.512689133212866778e-20,9.893445707223159635e-01,2.231120314595079219e-03,8.424308963089807700e-03
6.200435940587123783e-14,6.200435940587123440e+01,1.418977097253836117e-15,1.416005618672731575e-15,2.971478581104541915e-18,1.127303136797553253e-17,2.630613923016785526e-20,9.893462596143622889e-01,2.230747758460409000e-03,8.422992627178174652e-03
6.212617543613816943e-14,6.212617543613816906e+01,1.998662172770294140e-15,1.995659439224549999e-15,3.002733545744141106e-18,1.290760710932573707e-17,2.734730869964526087e-20,9.893555940241813840e-01,2.228237506957169486e-03,8.416168468862086222e-03
6.224799146640511365e-14,6.224799146640511083e+01,2.575179240286130013e-15,2.572001780785931528e-15,3.177459500198485545e-18,1.484079170552500921e-17,2.836122339476970283e-20,9.893716732827192439e-01,2.223870926007406792e-03,8.404455791274188445e-03
6.236980749667204525e-14,6.236980749667204549e+01,3.098445325830206429e-15,3.094953860143592038e-15,3.491465686614391123e-18,1.690915457687758980e-17,2.762107208744489774e-20,9.893929598319955998e-01,2.218115390651147819e-03,8.388924777354185222e-03
6.249162352693897685e-14,6.249162352693898015e+01,3.523036382235308385e-15,3.519119148196994931e-15,3.917234038313453265e-18,1.893597329264272322e-17,2.744418686974905468e-20,9.894174609854632374e-01,2.211557054567428546e-03,8.370981959970019703e-03
6.261343955720592107e-14,6.261343955720592191e+01,3.812010349403555017e-15,3.807595697253601831e-15,4.414652149953186298e-18,2.073610909866302639e-17,2.670847590353524665e-20,9.894429528777640703e-01,2.204837788489177018e-03,8.352209333747501185e-03
6.273525558747285267e-14,6.273525558747284947e+01,3.940109746203427909e-15,3.935169553368591162e-15,4.940192834836746613e-18,2.214167391021677926e-17,2.687105082810764130e-20,9.894671913718970924e-01,2.198599058148330634e-03,8.334209569955260480e-03
6.285707161773979688e-14,6.285707161773979834e+01,3.895975791314867659e-15,3.890528944532976916e-15,5.446846781890742937e-18,2.302099093295453987e-17,2.748566658263223836e-20,9.894881106131423465e-01,2.193423293241513004e-03,8.318466093616900744e-03
6.297888764800672848e-14,6.297888764800672590e+01,3.683278933985482635e-15,3.677385253970305039e-15,5.893680015177596206e-18,2.329781040793793676e-17,2.658134299039467790e-20,9.895039718199449830e-01,2.189793174862684003e-03,8.306235005193177839e-03
6.310070367827367270e-14,6.310070367827367477e+01,3.320517617755983196e-15,3.314278243213438514e-15,6.239374542544681699e-18,2.296565382972664038e-17,2.873069254342368811e-20,9.895134779964374072e-01,2.188046102735111565e-03,8.298475900828331669e-03
6.322251970854060430e-14,6.322251970854060232e+01,2.839409146543494990e-15,2.832959256800617934e-15,6.449889742877055810e-18,2.206554753228836739e-17,3.040756895863181129e-20,9.895158748098209500e-01,2.188349587220601161e-03,8.295775602959290160e-03
6.334433573880754852e-14,6.334433573880755119e+01,2.282027420599003186e-15,2.275521237268693085e-15,6.506183330310100964e-18,2.067894078003558924e-17,2.761082927672495029e-20,9.895110023076906236e-01,2.190698460453958853e-03,8.298299231856234165e-03
6.346615176907448012e-14,6.346615176907447875e+01,1.696987898202916851e-15,1.690587811760066343e-15,6.400086442850507941e-18,1.892592671972733102e-17,2.625086503533786569e-20,9.894993020731028821e-01,2.194915382472998125e-03,8.305782544424929886e-03
6.358796779934142434e-14,6.358796779934142762e+01,1.135156143947316195e-15,1.129013693202726075e-15,6.142450744590119819e-18,1.694422346050904340e-17,2.614387587090791362e-20,9.894817885355200460e-01,2.200674734324580863e-03,8.317536730156300379e-03
6.370978382960835594e-14,6.370978382960835518e+01,6.452766035968151689e-16,6.395166807078001152e-16,5.759922889015053711e-18,1.489215488751164930e-17,2.549475945828519706e-20,9.894599637828489502e-01,2.207532013676302609e-03,8.332504203475697355e-03
6.383159985987530016e-14,6.383159985987529694e+01,2.698519014432015411e-16,2.645648512877103299e-16,5.287050155491211228e-18,1.294798041537253230e-17,2.619129363484655309e-20,9.894356885543749147e-01,2.214952183863520829e-03,8.349359261762378040e-03
6.395341589014223175e-14,6.395341589014223160e+01,6.623218493646789823e-17,6.146619637929287054e-17,4.765988557175027692e-18,1.128668704345789004e-17,2.609021914671513134e-20,9.894114490465537592e-01,2.222262487419251250e-03,8.366288466027957046e-03
6.407523192040917597e-14,6.407523192040918047e+01,2.373467392601311252e-17,1.949041688070353441e-17,4.244257045309578112e-18,1.006462006068290079e-17,2.630090610399694849e-20,9.893892518095768196e-01,2.228895960353026538e-03,8.381852230070945334e-03
6.419704795067610757e-14,6.419704795067610803e+01,9.824589344775007042e-17,9.448186384391899975e-17,3.764029603831070664e-18,9.408813191829073721e-18,4.205161346996461138e-20,9.893701134464382152e-01,2.234502114421959510e-03,8.395384439140575125e-03
6.431886398094305179e-14,6.431886398094304980e+01,3.682675920646361035e-16,3.648986523034893440e-16,3.368939761146759521e-18,9.326486156338666245e-18,2.456127943036879984e-20,9.893563108553055097e-01,2.238516834821185561e-03,8.405172309874140921e-03
6.444068001120998339e-14,6.444068001120997735e+01,7.800136357510303547e-16,7.769067377603894087e-16,3.106897990640945960e-18,9.867089965648679726e-18,2.409488153896444005e-20,9.893490594831088059e-01,2.240642568171084554e-03,8.410297948720954833e-03
6.456249604147692761e-14,6.456249604147693333e+01,1.295423599547424974e-15,1.292441940000395219e-15,2.981659547029755381e-18,1.096418184652763639e-17,2.564286624401772343e-20,9.893490094376269361e-01,2.240728945861735714e-03,8.410261616512024196e-03
6.468431207174385921e-14,6.468431207174386088e+01,1.869067603816351540e-15,1.866084113582271597e-15,2.983490234079942698e-18,1.252073914479875426e-17,2.688003971962267478e-20,9.893561765871566882e-01,2.238781538892459753e-03,8.405041873951541592e-03
6.480612810201079080e-14,6.480612810201078844e+01,2.450966685575720423e-15,2.447841862759200774e-15,3.124822816519649467e-18,1.440510049308687086e-17,2.829386070405495156e-20,9.893698855120338642e-01,2.235013056150812836e-03,8.395101431815970433e-03
6.492794413227773502e-14,6.492794413227773020e+01,2.990501407774986383e-15,2.987097435414283352e-15,3.403972360703030808e-18,1.645233499780280642e-17,2.788373650326776079e-20,9.893888505170620462e-01,2.229818166000860791e-03,8.381331316937625994e-03
6.504976016254466662e-14,6.504976016254467197e+01,3.440675413835968057e-15,3.436872012117244498e-15,3.803401718723559869e-18,1.848296252316859519e-17,2.776174407538423114e-20,9.894113141024433178e-01,2.223727002723642487e-03,8.364958894833629532e-03
6.517157619281161084e-14,6.517157619281161374e+01,3.762171769185517515e-15,3.757882483983949307e-15,4.289285201568207364e-18,2.031510404624608177e-17,2.719640048771021676e-20,9.894352380520794465e-01,2.217343122825562313e-03,8.347418825095235737e-03
6.529339222307854244e-14,6.529339222307854129e+01,3.926905448239591982e-15,3.922088463112491011e-15,4.816985127100971173e-18,2.179066932591164956e-17,2.724679068874627599e-20,9.894584965975509183e-01,2.211280214703158394e-03,8.330223187746323144e-03
6.541520825334548666e-14,6.541520825334548306e+01,3.920521791690120020e-15,3.915183355219442996e-15,5.338436470677023968e-18,2.278759760491252313e-17,2.693408792815462397e-20,9.894790642002502246e-01,2.206106593272918418e-03,8.314829206477277260e-03
6.553702428361241826e-14,6.553702428361242482e+01,3.743681467111368716e-15,3.737874180752780942e-15,5.807286358587773721e-18,2.322818527570524758e-17,2.566155028320649676e-20,9.894951836927132760e-01,2.202298931635129388e-03,8.302517375652226916e-03
6.565884031387936248e-14,6.565884031387936659e+01,3.411914805406966025e-15,3.405738629355501280e-15,6.176176051464745125e-18,2.308223925779871131e-17,2.788476805897423409e-20,9.895055134207020320e-01,2.200197278215545310e-03,8.294289301083045476e-03
6.578065634414629408e-14,6.578065634414629415e+01,2.954165686743019751e-15,2.947753105815662907e-15,6.412580927356844617e-18,2.235357706799362075e-17,3.123426176609458196e-20,9.895092360392075959e-01,2.199991856133220406e-03,8.290772104659725403e-03
6.590247237441323830e-14,6.590247237441323591e+01,2.410201198817060650e-15,2.403704566008955816e-15,6.496632808104833763e-18,2.108446701589132686e-17,2.793379665699761884e-20,9.895061211819701219e-01,2.201714849977761367e-03,8.292163968052721282e-03
6.602428840468016989e-14,6.602428840468016347e+01,1.827194207198324649e-15,1.820772497261875775e-15,6.421709936448873991e-18,1.938365067425063162e-17,2.758900805863228126e-20,9.894964994154499260e-01,2.205241763292852247e-03,8.298258821257854453e-03
6.614610443494711411e-14,6.614610443494711944e+01,1.255745115743089258e-15,1.249547312371538786e-15,6.197803371550472225e-18,1.739564359716250900e-17,2.679874579640362077e-20,9.894812282132472436e-01,2.210307087240417911e-03,8.308464699512893570e-03
6.626792046521404571e-14,6.626792046521404700e+01,7.455819147579714874e-16,7.397355666744217368e-16,5.846348083549750598e-18,1.530498091251909260e-17,2.589903419624230903e-20,9.894616065072512345e-01,2.216522277293542578e-03,8.321871215455672183e-03
6.638973649548098993e-14,6.638973649548098876e+01,3.412270931738832508e-16,3.358330665495847359e-16,5.394026624298514931e-18,1.330917238811319730e-17,2.617791791874266740e-20,9.894392816012962388e-01,2.223395911839630250e-03,8.337322486864811796e-03
6.651155252574792153e-14,6.651155252574791632e+01,8.701830702120863006e-17,8.213666003456773636e-17,4.881646986640893697e-18,1.158672091387313000e-17,2.559368593443875342e-20,9.894162738305343208e-01,2.230349398734130309e-03,8.353376770732289652e-03
6.663336855601486575e-14,6.663336855601487230e+01,2.912641356610333725e-17,2.477184482151818080e-17,4.354568744585156445e-18,1.028387979514955248e-17,2.591601830806076415e-20,9.893950654604654060e-01,2.236712309103437366e-03,8.368222230431845293e-03
6.675518458628179735e-14,6.675518458628179985e+01,6.124151844250936084e-17,5.738205904834683114e-17,3.859459394162529697e-18,9.516812282120037802e-18,4.252285591132964923e-20,9.893762383909499025e-01,2.242231338393363589e-03,8.381530270657482420e-03
6.687700061654874157e-14,6.687700061654874162e+01,2.952033657128366839e-16,2.917626715728447216e-16,3.440694139991962246e-18,9.293358329528851296e-18,2.453090509706019185e-20,9.893620801725230285e-01,2.246341973365540735e-03,8.391577854112224413e-03
6.699881664681567316e-14,6.699881664681566917e+01,6.782739577106249274e-16,6.751291837133433459e-16,3.144773997281581465e-18,9.683924014461349175e-18,2.344099519668343337e-20,9.893538757019770813e-01,2.248723370334544929e-03,8.397400927689155706e-03
6.712063267708261738e-14,6.712063267708261094e+01,1.174084373800315660e-15,1.171092786809085401e-15,2.991586991230258473e-18,1.065057216315951320e-17,2.546045543771168045e-20,9.893523457943126376e-01,2.249210060678530961e-03,8.398444145009554412e-03
6.724244870734954898e-14,6.724244870734955271e+01,1.738791559962472027e-15,1.735827751284633022e-15,2.963808677839005258e-18,1.211528337614396617e-17,2.664526451422448784e-20,9.893576292389971716e-01,2.247765622732670644e-03,8.394605138270758854e-03
6.736426473761648058e-14,6.736426473761648026e+01,2.323226797910531765e-15,2.320155122944062729e-15,3.071674966469036074e-18,1.395284137666165522e-17,2.803766297796037714e-20,9.893692243646283746e-01,2.244542411439209937e-03,8.386233223932972741e-03
6.748608076788342480e-14,6.748608076788342203e+01,2.876496760779752612e-15,2.873176894679905139e-15,3.319866099847472913e-18,1.599308202051017821e-17,2.797745563034132379e-20,9.893860480916061295e-01,2.239875545837261353e-03,8.374076362557263120e-03
6.760789679815035640e-14,6.760789679815034958e+01,3.350267368834698208e-15,3.346567607594365417e-15,3.699761240332790208e-18,1.804841858137210673e-17,2.762479648519614180e-20,9.894065457286999044e-01,2.234247431075860307e-03,8.359206840224720630e-03
6.772971282841730062e-14,6.772971282841730556e+01,3.703096746148988882e-15,3.698919748133431057e-15,4.176998015557825037e-18,1.993585236626381722e-17,2.728296978319474227e-20,9.894288597855807055e-01,2.228218401749315798e-03,8.342921812670480927e-03
6.785152885868423222e-14,6.785152885868423311e+01,3.904181669037833417e-15,3.899478315398300129e-15,4.703353639533288127e-18,2.149675358983832243e-17,2.687588474142545536e-20,9.894510063071312311e-01,2.222364431757309269e-03,8.326629261111910194e-03
6.797334488895117643e-14,6.797334488895117488e+01,3.936086854677710288e-15,3.930856972579349440e-15,5.229882098360847333e-18,2.260619060304170318e-17,2.647612121137529925e-20,9.894710480570031441e-01,2.217229148267219497e-03,8.311722794730068767e-03
6.809516091921810803e-14,6.809516091921810244e+01,3.796185180237369768e-15,3.790477221009776395e-15,5.707959227593373033e-18,2.317435325529438202e-17,2.564982488277434851e-20,9.894872689509075503e-01,2.213277634311102814e-03,8.299453414781726365e-03
6.821697694948505225e-14,6.821697694948505841e+01,3.496751602169917306e-15,3.490658356830403135e-15,6.093245339514170753e-18,2.315349274514540794e-17,2.797796256412460911e-20,9.894983173965243850e-01,2.210860186944140979e-03,8.290822416531852188e-03
6.833879297975198385e-14,6.833879297975198597e+01,3.063842082714113538e-15,3.057485005593091288e-15,6.357077121022250211e-18,2.253517315845709660e-17,3.168678962998387335e-20,9.895033088718439007e-01,2.210198697079125783e-03,8.286492431077433635e-03
6.846060901001892807e-14,6.846060901001892773e+01,2.535037939345802628e-15,2.528560809687342143e-15,6.477129658460484754e-18,2.135750755947507323e-17,2.873108756092867073e-20,9.895018945890295958e-01,2.211367188838938951e-03,8.286738222132107937e-03
6.858242504028585967e-14,6.858242504028585529e+01,1.956269887475545465e-15,1.949826723179393607e-15,6.443164296151857987e-18,1.973121803990366212e-17,2.836541084489390910e-20,9.894942434746906157e-01,2.214288782472524295e-03,8.291467742837375227e-03
6.870424107055280389e-14,6.870424107055279705e+01,1.377891244349233697e-15,1.371632790743975366e-15,6.258453605258331341e-18,1.780020670754852701e-17,2.660524025576737016e-20,9.894810305399808215e-01,2.218743767458989605e-03,8.300225692560966526e-03
6.882605710081973549e-14,6.882605710081973882e+01,8.502869949506596163e-16,8.443506780581481601e-16,5.936316892511456192e-18,1.574224097185999657e-17,2.604644070940905157e-20,9.894633771342032924e-01,2.224382739895901500e-03,8.312240125901567203e-03
6.894787313108667971e-14,6.894787313108668059e+01,4.194222892522535405e-16,4.139214722290470952e-16,5.500817023206445312e-18,1.373706066401311302e-17,2.574520275833599014e-20,9.894427796788759499e-01,2.230751688144134125e-03,8.326468632980510085e-03
6.906968916135361130e-14,6.906968916135360814e+01,1.227961889174191753e-16,1.178019422846905050e-16,4.994246632728670329e-18,1.195380255435522946e-17,2.525916242912082398e-20,9.894209909342958076e-01,2.237338853874858147e-03,8.341670211829877238e-03
6.919150519162055552e-14,6.919150519162054991e+01,3.621667308356135955e-17,3.175433879309759725e-17,4.462334290463762296e-18,1.054261955730779748e-17,2.593101976911827153e-20,9.894006282455176660e-01,2.243454160509526438e-03,8.355917593973354041e-03
6.931332122188748712e-14,6.931332122188749167e+01,3.359550159100692111e-17,2.963962816484832731e-17,3.955873426158593800e-18,9.634040857707308070e-18,3.726920899261254447e-20,9.893822012722376380e-01,2.248869119480016721e-03,8.368929608282785898e-03
6.943513725215443134e-14,6.943513725215443344e+01,2.291053281640727662e-16,2.255876753296560562e-16,3.517652834416710093e-18,9.278331206254910960e-18,2.557964320406516869e-20,9.893678019793900047e-01,2.253051571449315223e-03,8.379146449161253840e-03
6.955695328242136294e-14,6.955695328242136100e+01,5.821356539712252162e-16,5.789450126380492592e-16,3.190641333175957033e-18,9.543803603125862368e-18,2.391558354152414227e-20,9.893587705761179851e-01,2.255655142090944552e-03,8.385574281791787626e-03
6.967876931268829454e-14,6.967876931268828855e+01,1.056689004093491338e-15,1.053678815797759465e-15,3.010188295731873220e-18,1.040133990143323890e-17,2.540782317836252937e-20,9.893558926444828705e-01,2.256499331356610037e-03,8.387608024161267994e-03
6.980058534295523876e-14,6.980058534295524453e+01,1.610419317678353927e-15,1.607463567551962309e-15,2.955750126391618414e-18,1.176784396985529827e-17,2.647817644605795338e-20,9.893594437502108985e-01,2.255515306039278592e-03,8.385040943750527234e-03
6.992240137322217035e-14,6.992240137322217208e+01,2.194802384551700260e-15,2.191768731121253707e-15,3.033653430446552933e-18,1.351820426044891343e-17,2.761514396066248603e-20,9.893691128226421716e-01,2.252804631833414759e-03,8.378082545525180821e-03
7.004421740348911457e-14,7.004421740348911385e+01,2.758795329893704380e-15,2.755540950858927167e-15,3.254379034777213075e-18,1.549758303403248606e-17,2.798137784000251393e-20,9.893840076786807325e-01,2.248650690783992549e-03,8.367341630536012653e-03
7.016603343375604617e-14,7.016603343375604140e+01,3.253256374667799822e-15,3.249644607371037458e-15,3.611767296762363787e-18,1.753996808739751845e-17,2.740812884152917094e-20,9.894027416185655621e-01,2.243483558678546676e-03,8.353774822756676599e-03
7.028784946402299039e-14,7.028784946402299738e+01,3.635214110863828139e-15,3.631143891467605666e-15,4.070219396222473498e-18,1.947997589614232081e-17,2.761730010193083752e-20,9.894235908463846485e-01,2.237812306086822602e-03,8.338596847529340314e-03
7.040966549428992199e-14,7.040966549428992494e+01,3.871561594352883053e-15,3.866978138779027828e-15,4.583455573855225310e-18,2.115380214895574643e-17,2.699114294793708394e-20,9.894446764146932471e-01,2.232173012315334572e-03,8.323150572992231433e-03
7.053148152455686621e-14,7.053148152455686670e+01,3.941845275967122969e-15,3.936738764163278484e-15,5.106511803844485119e-18,2.241320697658957728e-17,2.661147579940363071e-20,9.894641409234580243e-01,2.227087675119864083e-03,8.308771401422974240e-03
7.065329755482379781e-14,7.065329755482379426e+01,3.839928434751121036e-15,3.834335386252905122e-15,5.593048498215913666e-18,2.313644857822850237e-17,2.669514192887101762e-20,9.894803229884369111e-01,2.223018458456785772e-03,8.296658553107209497e-03
7.077511358509074203e-14,7.077511358509073602e+01,3.574529843649107406e-15,3.568526476663721327e-15,6.003366985386079686e-18,2.324857695742593358e-17,2.766111526426245602e-20,9.894918857404627621e-01,2.220335362554272125e-03,8.287778896983906407e-03
7.089692961535767363e-14,7.089692961535767779e+01,3.168586441957998452e-15,3.162282958691263234e-15,6.303483266735218511e-18,2.273785545479495670e-17,3.084794003332917933e-20,9.894979045349143743e-01,2.219287470008772696e-03,8.282807995077707403e-03
7.101874564562461785e-14,7.101874564562461956e+01,2.657354655702861686e-15,2.650890866496515494e-15,6.463789206346191339e-18,2.165003065039485488e-17,2.925002998345865803e-20,9.894979330208544255e-01,2.219979238020779264e-03,8.282087741125702951e-03
7.114056167589154944e-14,7.114056167589154711e+01,2.085389009952034428e-15,2.078920860923987758e-15,6.468149028046670130e-18,2.009814364195477929e-17,2.807535910874180242e-20,9.894920046401758373e-01,2.222366935452517889e-03,8.285628424372623591e-03
7.126237770615849366e-14,7.126237770615848888e+01,1.502599205829556806e-15,1.496285239101228063e-15,6.313966728328742283e-18,1.822498067288097587e-17,2.618565773621526351e-20,9.894806374000166826e-01,2.226264168679542924e-03,8.293098431304435358e-03
7.138419373642542526e-14,7.138419373642543064e+01,9.597997169872187060e-16,9.537864519711122599e-16,6.013265016106446149e-18,1.619512157756683671e-17,2.628741400979655976e-20,9.894647967218711537e-01,2.231358587084927240e-03,8.303844691044819787e-03
7.150600976669236948e-14,7.150600976669237241e+01,5.042243047416542174e-16,4.986310317205316576e-16,5.593273021122559833e-18,1.417356572629153968e-17,2.560392486139157863e-20,9.894458333683485707e-01,2.237239697372846343e-03,8.316926934279489370e-03
7.162782579695930108e-14,7.162782579695929996e+01,1.754367494797781478e-16,1.703398619354347308e-16,5.096887544343416992e-18,1.232827041454406388e-17,2.574786112072336177e-20,9.894253665115541052e-01,2.243437769466707400e-03,8.331195718980012252e-03
7.174964182722624530e-14,7.174964182722624173e+01,4.561803706578124417e-17,4.105031894757067668e-17,4.567718118210567488e-18,1.081578993115991072e-17,2.627422713307238919e-20,9.894057714478303733e-01,2.249323033786852343e-03,8.344905518383686355e-03
7.187145785749317690e-14,7.187145785749318350e+01,1.870835317523530082e-17,1.465199051654370542e-17,4.056362658691595399e-18,9.770217428609530742e-18,2.608397765529048755e-20,9.893878492620439280e-01,2.254613349051332906e-03,8.357537388905589976e-03
7.199327388776010849e-14,7.199327388776011105e+01,1.709249660137168987e-16,1.673227238270360420e-16,3.602242186680856635e-18,9.293271555645090124e-18,2.948340517149936140e-20,9.893732988421578556e-01,2.258847340595333212e-03,8.367853817247529816e-03
7.211508991802705271e-14,7.211508991802705282e+01,4.918017707512526529e-16,4.885531825188025388e-16,3.248588232450114134e-18,9.418451210879242081e-18,2.424365440743523826e-20,9.893635802219816755e-01,2.261649322236990254e-03,8.374770455782170817e-03
7.223690594829398431e-14,7.223690594829398037e+01,9.422224638200984806e-16,9.391832185398865240e-16,3.039245280211956566e-18,1.014814918818859440e-17,2.473935899319064555e-20,9.893595372890281459e-01,2.262819946062834958e-03,8.377642764909815423e-03
7.235872197856092853e-14,7.235872197856092214e+01,1.481681914475224580e-15,1.478723982657059611e-15,2.957931818164968321e-18,1.141095095741315724e-17,2.589293737917207985e-20,9.893615409500250424e-01,2.262264806709414055e-03,8.376194243266407019e-03
7.248053800882786013e-14,7.248053800882786391e+01,2.062812948725340749e-15,2.059807487055960349e-15,3.005461669380399680e-18,1.309483587002715552e-17,2.708637619631042257e-20,9.893694164344321029e-01,2.260039632859158019e-03,8.370543932709403889e-03
7.260235403909480435e-14,7.260235403909480567e+01,2.635012363468806156e-15,2.631817740828303408e-15,3.194622640502748302e-18,1.505392457007602804e-17,2.832989309370625559e-20,9.893824305241245565e-01,2.256374526870437262e-03,8.361194949005902252e-03
7.272417006936173595e-14,7.272417006936173323e+01,3.148486661840695515e-15,3.144966658414371154e-15,3.520003426324360770e-18,1.711638462676165358e-17,2.789795445211299867e-20,9.893993761379408225e-01,2.251642961306716834e-03,8.348980900753246934e-03
7.284598609962868017e-14,7.284598609962867499e+01,3.558512711295751979e-15,3.554560198537191442e-15,3.952512758560537406e-18,1.910207353394243148e-17,2.788555182340755000e-20,9.894187073723951231e-01,2.246309128687434559e-03,8.334983498918242459e-03
7.296780212989561177e-14,7.296780212989561676e+01,3.829307448669569874e-15,3.824855356595175793e-15,4.452092074394081216e-18,2.083177621085235388e-17,2.699427659359845775e-20,9.894386993203334590e-01,2.240880900338771201e-03,8.320419779328729060e-03
7.308961816016255598e-14,7.308961816016255852e+01,3.937204361689358412e-15,3.932226503509452288e-15,4.977858179906124295e-18,2.215294587463311030e-17,2.650082432543117657e-20,9.894575979304492952e-01,2.235868878480211982e-03,8.306533191071493322e-03
7.321143419042948758e-14,7.321143419042948608e+01,3.872748177387680013e-15,3.867266186022700698e-15,5.481991364979315587e-18,2.295410585099582032e-17,2.695590189732035604e-20,9.894737757104343778e-01,2.231735057860360482e-03,8.294489231706218824e-03
7.333325022069643180e-14,7.333325022069642785e+01,3.641577762146637951e-15,3.635657117974933433e-15,5.920644171704517731e-18,2.317261877357449412e-17,2.640217510749330379e-20,9.894858616128693329e-01,2.228857058158671776e-03,8.285281328972819714e-03
7.345506625096336340e-14,7.345506625096336961e+01,3.263941025421541388e-15,3.257689032188153488e-15,6.251993233387899888e-18,2.280303950466771414e-17,2.910060393496877717e-20,9.894928450765134720e-01,2.227494329730721461e-03,8.279660593756501749e-03
7.357688228123030762e-14,7.357688228123031138e+01,2.772841379693387966e-15,2.766399916632874786e-15,6.441463060513179847e-18,2.187529163083326806e-17,2.996594297703452726e-20,9.894941702029579345e-01,2.227767821346622948e-03,8.278061975696315161e-03
7.369869831149723922e-14,7.369869831149723893e+01,2.211078269837169587e-15,2.204604852292138586e-15,6.473417545031001278e-18,2.046209594097490366e-17,2.788264964517866456e-20,9.894897670898903375e-01,2.229662158463990070e-03,8.280570751646513378e-03
7.382051434176418344e-14,7.382051434176418070e+01,1.627470494233043698e-15,1.621125647900433655e-15,6.344846332610042167e-18,1.867721295775749316e-17,2.629162689256577441e-20,9.894800502991082380e-01,2.233028124327988626e-03,8.286921576564668449e-03
7.394233037203111504e-14,7.394233037203110825e+01,1.072659835152611443e-15,1.066589597267883512e-15,6.070237884727931530e-18,1.666767718370539779e-17,2.661055937339857604e-20,9.894658755710475928e-01,2.237600108927557258e-03,8.296524320025623622e-03
7.406414640229805926e-14,7.406414640229806423e+01,5.948051377375015477e-16,5.891283401187999608e-16,5.676797618701586918e-18,1.460522703564388249e-17,2.566832351223909142e-20,9.894484663323456219e-01,2.243016854053377952e-03,8.308516813601774659e-03
7.418596243256499085e-14,7.418596243256499179e+01,2.354632119389176498e-16,2.302630833963159934e-16,5.200128542601656383e-18,1.268131302092358361e-17,2.619800743309562038e-20,9.894293039638717424e-01,2.248846661900936496e-03,8.321849374228178914e-03
7.430777846283193507e-14,7.430777846283193355e+01,5.804348940891085280e-17,5.336353562495696173e-17,4.679953783953891069e-18,1.107262839379021892e-17,2.604829395672305609e-20,9.894104459996881928e-01,2.254526558754398405e-03,8.335027441558387137e-03
7.442959449309886667e-14,7.442959449309886111e+01,2.138037030174030686e-17,1.721621190851768018e-17,4.164158393222626687e-18,9.924759237032696745e-18,2.596241983026914249e-20,9.893931761982507345e-01,2.259665266906656176e-03,8.347158534843511848e-03
7.455141052336579827e-14,7.455141052336580287e+01,1.207654635193137175e-16,1.170715313132625697e-16,3.693932206051147740e-18,9.343136915428278897e-18,3.605831617672281668e-20,9.893785454125905154e-01,2.263932533205526357e-03,8.357522054205018119e-03
7.467322655363274249e-14,7.467322655363274464e+01,4.078688575167112963e-16,4.045552511610375699e-16,3.313606355673726344e-18,9.337915994188181398e-18,2.423818912200006187e-20,9.893682336316227399e-01,2.266904416857671786e-03,8.364861951520589228e-03
7.479504258389967409e-14,7.479504258389967220e+01,8.320402406535409512e-16,8.289680712285310426e-16,3.072169425009908575e-18,9.936330103921237728e-18,2.440191013841839330e-20,9.893631499581179156e-01,2.268362412405451264e-03,8.368487629477717321e-03
7.491685861416661831e-14,7.491685861416661396e+01,1.354518741803062491e-15,1.351556476255295682e-15,2.962265547766808856e-18,1.107689338741428705e-17,2.597509563711291766e-20,9.893637585325666395e-01,2.268193029001070588e-03,8.368048438433337705e-03
7.503867464443354990e-14,7.503867464443355573e+01,1.929316850263314016e-15,1.926339288381155452e-15,2.977561882158563908e-18,1.266487637653001430e-17,2.743638034914328867e-20,9.893700144468718927e-01,2.266411918847087686e-03,8.363573634282006272e-03
7.516049067470049412e-14,7.516049067470049749e+01,2.506383694617333475e-15,2.503251209938676300e-15,3.132484678657174853e-18,1.456688683005291653e-17,2.887866875965214267e-20,9.893813330675726991e-01,2.263201023984339529e-03,8.355465908443816120e-03
7.528230670496742572e-14,7.528230670496742505e+01,3.035479622027437058e-15,3.032053995883538123e-15,3.425626143898935082e-18,1.661455605020780196e-17,2.820737137196025011e-20,9.893966623478627209e-01,2.258885824110756172e-03,8.344451828027441009e-03
7.540412273523436994e-14,7.540412273523436681e+01,3.470493992849784265e-15,3.466657171149486624e-15,3.836821700297640753e-18,1.862663685476040091e-17,2.756896575895252731e-20,9.894145958409377162e-01,2.253894677631295036e-03,8.331509481431973244e-03
7.552593876550130154e-14,7.552593876550130858e+01,3.773443030606042671e-15,3.769113060513317772e-15,4.329970092724898736e-18,2.042324655437393936e-17,2.653529916265430333e-20,9.894335186714527941e-01,2.248710247384305000e-03,8.317771081163693667e-03
7.564775479576824576e-14,7.564775479576825035e+01,3.917906296772930641e-15,3.913046636133454840e-15,4.859660639475800793e-18,2.185014151956789614e-17,2.658746120323407700e-20,9.894517553076922489e-01,2.243821279235740009e-03,8.304423413072898816e-03
7.576957082603517736e-14,7.576957082603517790e+01,3.891334885805382783e-15,3.885960614476431861e-15,5.374271328950921706e-18,2.278718448189625297e-17,2.671953868076382936e-20,9.894677228118841095e-01,2.239675023541618740e-03,8.292602164575096219e-03
7.589138685630212158e-14,7.589138685630211967e+01,3.696135911429124960e-15,3.690308696076416526e-15,5.827215352708434112e-18,2.315606265886783816e-17,2.579962286039446416e-20,9.894800624141862899e-01,2.236644067150044077e-03,8.283293518664509511e-03
7.601320288656905318e-14,7.601320288656904722e+01,3.349384321823978169e-15,3.343209842944952433e-15,6.174478879025736572e-18,2.292800480316172199e-17,2.829566584553738258e-20,9.894877501676853093e-01,2.234993893738699590e-03,8.277255938576890543e-03
7.613501891683599740e-14,7.613501891683600320e+01,2.881277508337414709e-15,2.874890971227837430e-15,6.386537109577279779e-18,2.211367844987957308e-17,3.117783073231829862e-20,9.894901791500858579e-01,2.234870669938870350e-03,8.274950179976096193e-03
7.625683494710292899e-14,7.625683494710293076e+01,2.332506172624005789e-15,2.326057130938307348e-15,6.449041685698440151e-18,2.077151129379935269e-17,2.818525934328806742e-20,9.894871972341211519e-01,2.236296617749011697e-03,8.276506148130833435e-03
7.637865097736987321e-14,7.637865097736987252e+01,1.750761054498826098e-15,1.744404082828292315e-15,6.356971670533782858e-18,1.902546561915051725e-17,2.725407303992400000e-20,9.894790921212083257e-01,2.239165993655767468e-03,8.281741885136698761e-03
7.650046700763680481e-14,7.650046700763680008e+01,1.186644499522069674e-15,1.180524488638066043e-15,6.120010884003631268e-18,1.703211427073240016e-17,2.645246123542037143e-20,9.894665663963230218e-01,2.243256038648807574e-03,8.290177565028852835e-03
7.662228303790374903e-14,7.662228303790375605e+01,6.892691398700071745e-16,6.835103358114319672e-16,5.758804058575207235e-18,1.497321901361831357e-17,2.543110588601451877e-20,9.894506795836562896e-01,2.248242628234558681e-03,8.301077788110062042e-03
7.674409906817068063e-14,7.674409906817068361e+01,3.019217173871596299e-16,2.966214898361275121e-16,5.300227551032117792e-18,1.303306273754389834e-17,2.589304404805143359e-20,9.894327748000117939e-01,2.253720119095696701e-03,8.313505080893370675e-03
7.686591509843761223e-14,7.686591509843761116e+01,7.513060303336948185e-17,7.034526299581374856e-17,4.785340037555733285e-18,1.137325279551130899e-17,2.541294369293011250e-20,9.894145930688379442e-01,2.259194959765355691e-03,8.326211971397748726e-03
7.698773112870455645e-14,7.698773112870455293e+01,2.611834179505202805e-17,2.185665950873292357e-17,4.261682286319104479e-18,1.013069106330912995e-17,2.580460979663576840e-20,9.893978859979923879e-01,2.264179877114370996e-03,8.337934124894195650e-03
7.710954715897148804e-14,7.710954715897149470e+01,7.909435743906166476e-17,7.531843860809435755e-17,3.775918830967307202e-18,9.424429431582821638e-18,4.417730019562926212e-20,9.893832637475769021e-01,2.268443650706424702e-03,8.348292601717538855e-03
7.723136318923843226e-14,7.723136318923843646e+01,3.298537000204257782e-16,3.264812222569861313e-16,3.372477763439646870e-18,9.263402824340137186e-18,2.479027118529123264e-20,9.893724932081222612e-01,2.271546719184375836e-03,8.355960072694047780e-03
7.735317921950536386e-14,7.735317921950536402e+01,7.246539923207937014e-16,7.215551047899756725e-16,3.098887530818028843e-18,9.723782331615555821e-18,2.412296524250420236e-20,9.893665168243235275e-01,2.273250662134044739e-03,8.360232513543107771e-03
7.747499524977230808e-14,7.747499524977230578e+01,1.226619931537244188e-15,1.223656998153846964e-15,2.962933383397224351e-18,1.075521336760770983e-17,2.606190286507121810e-20,9.893658502194905280e-01,2.273429127986977775e-03,8.360720652523179891e-03
7.759681128003923968e-14,7.759681128003923334e+01,1.791322396410684901e-15,1.788371282741806451e-15,2.951113668878450492e-18,1.226264728043477314e-17,2.707560178840879317e-20,9.893705563776556966e-01,2.272065389164195856e-03,8.357378233180971436e-03
7.771862731030618390e-14,7.771862731030618932e+01,2.369323209964243919e-15,2.366246969953605805e-15,3.076240010638113991e-18,1.410635925059850754e-17,2.806631729604680050e-20,9.893802027946829725e-01,2.269297502177311434e-03,8.350499703140723540e-03
7.784044334057311550e-14,7.784044334057311687e+01,2.910086127708339967e-15,2.906745853309262137e-15,3.340274399077830416e-18,1.611425868258062707e-17,2.734940951554190397e-20,9.893939069530750530e-01,2.265405820376718230e-03,8.340687226549181599e-03
7.796225937084005972e-14,7.796225937084005864e+01,3.366331042721715890e-15,3.362601393244537964e-15,3.729649477177926104e-18,1.811135835443237232e-17,2.698786695705846524e-20,9.894104150170738299e-01,2.260781014670583660e-03,8.328803968256246956e-03
7.808407540110699132e-14,7.808407540110698619e+01,3.698265694504983498e-15,3.694057121601359676e-15,4.208572903623821836e-18,1.993141657889173018e-17,2.668023258595263482e-20,9.894282306338563204e-01,2.255872296081754078e-03,8.315897070062843593e-03
7.820589143137393553e-14,7.820589143137394217e+01,3.877109795260373444e-15,3.872382370784050817e-15,4.727424476322626078e-18,2.142849258996628388e-17,2.684937766662893772e-20,9.894457609201882109e-01,2.251137515995575104e-03,8.303101563817123429e-03
7.832770746164086713e-14,7.832770746164086972e+01,3.887505729691535581e-15,3.882268532659177676e-15,5.237197032357904975e-18,2.247825015327291111e-17,2.682496445355224678e-20,9.894614652760201912e-01,2.247006481226199257e-03,8.291528242754128697e-03
7.844952349190781135e-14,7.844952349190781149e+01,3.728729046628946021e-15,3.723035121437822790e-15,5.693925191123231324e-18,2.298434977028404540e-17,2.595487740574792268e-20,9.894739952822787510e-01,2.243849313323488699e-03,8.282155404398541809e-03
7.857133952217474295e-14,7.857133952217473905e+01,3.414647415099473439e-15,3.408590492074738837e-15,6.056923024734601225e-18,2.289451953454086011e-17,2.831388043670274476e-20,9.894823071308631590e-01,2.241945620707229501e-03,8.275747248430304071e-03
7.869315555244168717e-14,7.869315555244168081e+01,2.972540673398317976e-15,2.966240814575846558e-15,6.299858822471418379e-18,2.220358733562359890e-17,3.176133807877820208e-20,9.894857367173615081e-01,2.241471222108450644e-03,8.272792060530654440e-03
7.881497158270861877e-14,7.881497158270862258e+01,2.440799637182638702e-15,2.434398734799748554e-15,6.400902382890148027e-18,2.096183064298964276e-17,2.812266830622188879e-20,9.894840473635837519e-01,2.242479649111664072e-03,8.273472987304969148e-03
7.893678761297556299e-14,7.893678761297556434e+01,1.865665823978094363e-15,1.859317434918535198e-15,6.348389059559164777e-18,1.929504477158540402e-17,2.767305349033612331e-20,9.894774129904096993e-01,2.244897363085444127e-03,8.277689646505518792e-03
7.905860364324249459e-14,7.905860364324249190e+01,1.297214074832581910e-15,1.291068639545498324e-15,6.145435287083586741e-18,1.735484335198687792e-17,2.616003304067931764e-20,9.894664115160288764e-01,2.248532459282517534e-03,8.285056024689280846e-03
7.918041967350942618e-14,7.918041967350941945e+01,7.849221978750614929e-16,7.791147409172748263e-16,5.807456957786666590e-18,1.531752603763642589e-17,2.558580398405255701e-20,9.894519774356231867e-01,2.253089406623452577e-03,8.294933157754097106e-03
7.930223570377637040e-14,7.930223570377637543e+01,3.732810214301864180e-16,3.679192484907956973e-16,5.361772939390720733e-18,1.335694079045587016e-17,2.575485734510837749e-20,9.894353394852039019e-01,2.258192740716404891e-03,8.306467774080479941e-03
7.942405173404330200e-14,7.942405173404330299e+01,1.004446295174904695e-16,9.559108458703985120e-17,4.853544930450618329e-18,1.163387346202151584e-17,2.535400713150980646e-20,9.894179504061935138e-01,2.263420197783506081e-03,8.318629396023584713e-03
7.954586776431024622e-14,7.954586776431024475e+01,3.224860774947256330e-17,2.791850682696395153e-17,4.330100922508611774e-18,1.029308722101767714e-17,2.618293709385174142e-20,9.894018464994100981e-01,2.268230813286799003e-03,8.329922687303788556e-03
7.966768379457717782e-14,7.966768379457717231e+01,4.670913052783718062e-17,4.286945041326113668e-17,3.839680114576043947e-18,9.463208005652745925e-18,4.107016935798330682e-20,9.893874086075807872e-01,2.272448562928015663e-03,8.340142829491947393e-03
7.978949982484412204e-14,7.978949982484412828e+01,2.588238478185358021e-16,2.554007099407321298e-16,3.423137877803672235e-18,9.176504306893909101e-18,2.527931755851707772e-20,9.893763281638846552e-01,2.275644895559545636e-03,8.348026940556498715e-03
7.991131585511105364e-14,7.991131585511105584e+01,6.211313942422701521e-16,6.180074382520920254e-16,3.123955990178126681e-18,9.504082335595927166e-18,2.392963752143841334e-20,9.893695994223536960e-01,2.277561754941100081e-03,8.352838822705904720e-03
8.003313188537799786e-14,8.003313188537799761e+01,1.097826899470630846e-15,1.094860510660648242e-15,2.966388809982603138e-18,1.040323220021677428e-17,2.542585435607385875e-20,9.893677985136557496e-01,2.278063167296047551e-03,8.354138319048765374e-03
8.015494791564492945e-14,8.015494791564492516e+01,1.646182355987067956e-15,1.643251432607977671e-15,2.930923379090284903e-18,1.178661541167632377e-17,2.615153562174475613e-20,9.893710914080637853e-01,2.277105918089178220e-03,8.351802673847802394e-03
8.027676394591187367e-14,8.027676394591186693e+01,2.217989465861001913e-15,2.214964986601272359e-15,3.024479259729553955e-18,1.353163311698903883e-17,2.707414051635236088e-20,9.893791750605823720e-01,2.274784457305138383e-03,8.346040482113349993e-03
8.039857997617880527e-14,8.039857997617880869e+01,2.763248318238684216e-15,2.759993992610152374e-15,3.254325628531842457e-18,1.548817377884463338e-17,2.743829677718630756e-20,9.893912920999500260e-01,2.271334185770516011e-03,8.337373714280151005e-03
8.052039600644574949e-14,8.052039600644575046e+01,3.234430805429280981e-15,3.230818956561613763e-15,3.611848867667218313e-18,1.749129594618660605e-17,2.708912262711973176e-20,9.894063081690880335e-01,2.267103231581434498e-03,8.326588599331130949e-03
8.064221203671268109e-14,8.064221203671267801e+01,3.590576092587787177e-15,3.586514608460729571e-15,4.061484127057605549e-18,1.936996971689586956e-17,2.733755928963144339e-20,9.894228442362937859e-01,2.262500486376972739e-03,8.314655277330050206e-03
8.076402806697962531e-14,8.076402806697961978e+01,3.800768469440508202e-15,3.796210551854704394e-15,4.557917585803808397e-18,2.095370518167259141e-17,2.700403834711144018e-20,9.894394213584479791e-01,2.257954989936866805e-03,8.302623651615794603e-03
8.088584409724655691e-14,8.088584409724656155e+01,3.846776811249836059e-15,3.841718267818362520e-15,5.058543431473539838e-18,2.209332465570911307e-17,2.647280434692282242e-20,9.894545928466691453e-01,2.253884514859291321e-03,8.291522638472350465e-03
8.100766012751350113e-14,8.100766012751350331e+01,3.724613549178889419e-15,3.719093099436983352e-15,5.520449741906067066e-18,2.267956283379325828e-17,2.571174194960580681e-20,9.894670681657148359e-01,2.250659485800542061e-03,8.282272348485376218e-03
8.112947615778043273e-14,8.112947615778043087e+01,3.444931781232599331e-15,3.439028588362549636e-15,5.903192870049694943e-18,2.266344481359883672e-17,2.753255559774924248e-20,9.894758067331321794e-01,2.248571641401479661e-03,8.275621625466994535e-03
8.125129218804737695e-14,8.125129218804737263e+01,3.032186247556417318e-15,3.026013556465831939e-15,6.172691090585379289e-18,2.205545615222567629e-17,3.080196889033348241e-20,9.894800920510885556e-01,2.247810967358987010e-03,8.272096981553045056e-03
8.137310821831430854e-14,8.137310821831431440e+01,2.522493838279490611e-15,2.516193602936204692e-15,6.300235343285918895e-18,2.091562993086974983e-17,2.809818556940907654e-20,9.894795905941300429e-01,2.248447439250268309e-03,8.271961966620267753e-03
8.149492424858125276e-14,8.149492424858125617e+01,1.960406564758871714e-15,1.954134868070489983e-15,6.271696688381731069e-18,1.935955416294063508e-17,2.762566548337261033e-20,9.894743592298697044e-01,2.250429958191616300e-03,8.275210811939145983e-03
8.161674027884818436e-14,8.161674027884818372e+01,1.394900048155652115e-15,1.388809729994328908e-15,6.090318161323207145e-18,1.751590298284823898e-17,2.599968273827024259e-20,9.894648553469100882e-01,2.253596355703004882e-03,8.281548297387697488e-03
8.173855630911511596e-14,8.173855630911511128e+01,8.750187617792286311e-16,8.692453990988571834e-16,5.773362680371447693e-18,1.553553624450556059e-17,2.615876931684375994e-20,9.894518981674744751e-01,2.257688162846928533e-03,8.290413669679003172e-03
8.186037233938206018e-14,8.186037233938206725e+01,4.456103068846229208e-16,4.402599031036023912e-16,5.350403781020529669e-18,1.357595404090247043e-17,2.576268521826103387e-20,9.894366063149133694e-01,2.262372207514105633e-03,8.301021477572818538e-03
8.198218836964899178e-14,8.198218836964899481e+01,1.435135356824063383e-16,1.386492015391103881e-16,4.864334143295950146e-18,1.180388918948433243e-17,2.559867074142614414e-20,9.894202913770755448e-01,2.267271775278287271e-03,8.312436847646605120e-03
8.210400439991593600e-14,8.210400439991593657e+01,4.008201110627693026e-17,3.572586085463996992e-17,4.356150251636960333e-18,1.037876340846034242e-17,2.625964121805105586e-20,9.894048745792719535e-01,2.271876650456391370e-03,8.323248770272261010e-03
8.222582043018286759e-14,8.222582043018286413e+01,2.515890553660425442e-17,2.128675232113240486e-17,3.872153215471849564e-18,9.437834177343705630e-18,3.311164686585098202e-20,9.893908235963747577e-01,2.275994813537262663e-03,8.333181590088434981e-03
8.234763646044981181e-14,8.234763646044980590e+01,1.944317911458403926e-16,1.909826486654126298e-16,3.449142480427762805e-18,9.047301955591958365e-18,2.681193144603171063e-20,9.893796037926123610e-01,2.279235633025629426e-03,8.341160574362573368e-03
8.246945249071674341e-14,8.246945249071674766e+01,5.188082858209878143e-16,5.156778821029729293e-16,3.130403718014885042e-18,9.252061436749460584e-18,2.407143654188964277e-20,9.893722557088694414e-01,2.281325679285603307e-03,8.346418611845839164e-03
8.259126852098368763e-14,8.259126852098368943e+01,9.624640795689720410e-16,9.595117413638323995e-16,2.952338205139641490e-18,1.002327255466776182e-17,2.471354829504173937e-20,9.893693948133088778e-01,2.282120774726235750e-03,8.348484411965636717e-03
8.271308455125061923e-14,8.271308455125061698e+01,1.484931547797654939e-15,1.482039315586340238e-15,2.892232211314701049e-18,1.128117534458898608e-17,2.572658013988144968e-20,9.893712687676450290e-01,2.281555738748746853e-03,8.347175493606896757e-03
8.283490058151756345e-14,8.283490058151755875e+01,2.039827483575755728e-15,2.036874841670537429e-15,2.952641905218299352e-18,1.291137630830087166e-17,2.657301253199415550e-20,9.893776955855350108e-01,2.279687494182473448e-03,8.342616920283223506e-03
8.295671661178449505e-14,8.295671661178450051e+01,2.578376113417391009e-15,2.575232075399589070e-15,3.144038017801938551e-18,1.477244889597392241e-17,2.741121427070376954e-20,9.893880599508989571e-01,2.276708523341587197e-03,8.335231525759894192e-03
8.307853264205143927e-14,8.307853264205144228e+01,3.053438583014705345e-15,3.049977250968079073e-15,3.461332046626272459e-18,1.670195750496364314e-17,2.678043151481957933e-20,9.894013814384684524e-01,2.272922972733540121e-03,8.325695588798472796e-03
8.320034867231837087e-14,8.320034867231836984e+01,3.423551018146336617e-15,3.419676477467061337e-15,3.874540679275279718e-18,1.853211905044067392e-17,2.672316279860813595e-20,9.894164259570862319e-01,2.268701803899751592e-03,8.314872239014559074e-03
8.332216470258531508e-14,8.332216470258531160e+01,3.656517146430736735e-15,3.652173622090714587e-15,4.343524340022148090e-18,2.009782466514656587e-17,2.588027160636077035e-20,9.894318329057851802e-01,2.264445446058847324e-03,8.303721648156531937e-03
8.344398073285224668e-14,8.344398073285225337e+01,3.732235681641932788e-15,3.727407434808152997e-15,4.828246833779790831e-18,2.125980665553794113e-17,2.508856608043226644e-20,9.894462337789300399e-01,2.260552045591603283e-03,8.293214175478950956e-03
8.356579676311919090e-14,8.356579676311919513e+01,3.644412650096946179e-15,3.639130083383364879e-15,5.282566713581299895e-18,2.191787514210458781e-17,2.554573878459420210e-20,9.894583748918607258e-01,2.257377245294537801e-03,8.284247862845326230e-03
8.368761279338612250e-14,8.368761279338612269e+01,3.401072289413522391e-15,3.395409621616889302e-15,5.662667796633088580e-18,2.201629908526137258e-17,2.618672090453037073e-20,9.894672227566075895e-01,2.255204174727300139e-03,8.277573068665495040e-03
8.380942882365306672e-14,8.380942882365306446e+01,3.023794736689428567e-15,3.017863227414945318e-15,5.931509274483248924e-18,2.155001687387791640e-17,2.910705568709146092e-20,9.894720432525594411e-01,2.254221732672310238e-03,8.273735014768805046e-03
8.393124485391999832e-14,8.393124485391999201e+01,2.545714474632575103e-15,2.539652762074677021e-15,6.061712557898082461e-18,2.055124183809585181e-17,2.869046093798932501e-20,9.894724666015259906e-01,2.254511353425350893e-03,8.273022045049163720e-03
8.405306088418692992e-14,8.405306088418693378e+01,2.008553232751286591e-15,2.002507843163190104e-15,6.045389588096486802e-18,1.910285223991933530e-17,2.720704144438918270e-20,9.894684966201028331e-01,2.256050484898175328e-03,8.275452894999382747e-03
8.417487691445387414e-14,8.417487691445387554e+01,1.458934727408641979e-15,1.453047964699864444e-15,5.886762708777535127e-18,1.732688820749990745e-17,2.564247342457552407e-20,9.894605038762728233e-01,2.258715542292876952e-03,8.280780581434780269e-03
8.429669294472080573e-14,8.429669294472080310e+01,9.443364434616677172e-16,9.387339360343588096e-16,5.602507427308907583e-18,1.538041031241432221e-17,2.596731756351806318e-20,9.894491845823564224e-01,2.262292956370371734e-03,8.288522461273744452e-03
8.441850897498774995e-14,8.441850897498774486e+01,5.089728842144250342e-16,5.037553800685205262e-16,5.217504145904508034e-18,1.343550517520346304e-17,2.501754940842972267e-20,9.894355051449538196e-01,2.266493920481635425e-03,8.298000934565065781e-03
8.454032500525468155e-14,8.454032500525468663e+01,1.899424919826488279e-16,1.851772035261232907e-16,4.765288456525537137e-18,1.166996442770060213e-17,2.557619931581456587e-20,9.894206170044844706e-01,2.270977783920581639e-03,8.308405211595551454e-03
8.466214103552162577e-14,8.466214103552162840e+01,4.976080923193427790e-17,4.547868743395644530e-17,4.282121797977832598e-18,1.023513143212766147e-17,2.563020352683141798e-20,9.894061697770021313e-01,2.275292296272485217e-03,8.318537926726193160e-03
8.478395706578855737e-14,8.478395706578855595e+01,1.917010666925285290e-17,1.535676585334558954e-17,3.813340815907263362e-18,9.247916976064250773e-18,2.613395603984358687e-20,9.893928909259664950e-01,2.279193346036733660e-03,8.327915727997575387e-03
8.490577309605550159e-14,8.490577309605549772e+01,1.380786370660214024e-16,1.346820876225444833e-16,3.396549443476919076e-18,8.783051780142278846e-18,2.998691525532135835e-20,9.893818390589756984e-01,2.282379132746638947e-03,8.335781808278286756e-03
8.502758912632243319e-14,8.502758912632243948e+01,4.168954985554844548e-16,4.138215315227971312e-16,3.073967032687323576e-18,8.856033082944533914e-18,2.457506622059562058e-20,9.893741331917764725e-01,2.284565517835955659e-03,8.341301290388186337e-03
8.514940515658937741e-14,8.514940515658938125e+01,8.149078520259500675e-16,8.120234718356439219e-16,2.884380190306145586e-18,9.468617350331474795e-18,2.483152998442476978e-20,9.893703992850891860e-01,2.285605731759746562e-03,8.343994983151485981e-03
8.527122118685630900e-14,8.527122118685630880e+01,1.294660942934109019e-15,1.291852467910464472e-15,2.808475023644546396e-18,1.056155847563938085e-17,2.548091922652562102e-20,9.893709222588904506e-01,2.285424389876798690e-03,8.343653351233383877e-03
8.539303721712325322e-14,8.539303721712325057e+01,1.812812251470258007e-15,1.809971023395346791e-15,2.841228074911216243e-18,1.203845935676717260e-17,2.580059696713583128e-20,9.893756006003110448e-01,2.284047514457774979e-03,8.340351885231959972e-03
8.551485324739018482e-14,8.551485324739017813e+01,2.323339731777016130e-15,2.320344509033172596e-15,2.995222743843533941e-18,1.376488709974006769e-17,2.626500848534355909e-20,9.893839392796833776e-01,2.281626744693723494e-03,8.334433975623755861e-03
8.563666927765712904e-14,8.563666927765713410e+01,2.781145859016188487e-15,2.777878965732747136e-15,3.266893283441351190e-18,1.557589484872934688e-17,2.527884432418517475e-20,9.893951152023729989e-01,2.278418241225059829e-03,8.326466556403044547e-03
8.575848530792406064e-14,8.575848530792406166e+01,3.146009143382762345e-15,3.142376774439881328e-15,3.632368942881016749e-18,1.730062300516852552e-17,2.450598055098396185e-20,9.894080685655369800e-01,2.274746954698893091e-03,8.317184479765009006e-03
8.588030133819100486e-14,8.588030133819100342e+01,3.386107539029932777e-15,3.382053801662710439e-15,4.053737367222338669e-18,1.877922658964432553e-17,2.382481884498400857e-20,9.894216090468993530e-01,2.270969193044761886e-03,8.307421760056726487e-03
8.600211736845793646e-14,8.600211736845793098e+01,3.480858994475141758e-15,3.476368738612743483e-15,4.490255862398275670e-18,1.988250856261583592e-17,2.385535398781621508e-20,9.894345180047838806e-01,2.267441181835180841e-03,8.298040813381729608e-03
8.612393339872488068e-14,8.612393339872488696e+01,3.422640875147293522e-15,3.417745334222516857e-15,4.895540924776664504e-18,2.051926993716419122e-17,2.472576059773444814e-20,9.894456588153756060e-01,2.264482561122615339e-03,8.289858623502264351e-03
8.624574942899181228e-14,8.624574942899181451e+01,3.217337429126064394e-15,3.212106123288318123e-15,5.231305837746270305e-18,2.063698452637366415e-17,2.465718507183223752e-20,9.894540716109460066e-01,2.262354617607982826e-03,8.283573771446567022e-03
8.636756545925874387e-14,8.636756545925874207e+01,2.883628746897013370e-15,2.878162157408678522e-15,5.466589488334848382e-18,2.022967752970616025e-17,2.768893917950527075e-20,9.894590477113122118e-01,2.261240797126048193e-03,8.279711491562289499e-03
8.648938148952568809e-14,8.648938148952568383e+01,2.451185770455724029e-15,2.445603947856521170e-15,5.581822599202859186e-18,1.932376042723129199e-17,2.856902348330672948e-20,9.894601919735314111e-01,2.261236169125152053e-03,8.278571857344098686e-03
8.661119751979261969e-14,8.661119751979262560e+01,1.957958002584916867e-15,1.952386637799603034e-15,5.571364785313832336e-18,1.799199214760275818e-17,2.597487201764013303e-20,9.894574401739549829e-01,2.262345319473533806e-03,8.280214506572155034e-03
8.673301355005956391e-14,8.673301355005956736e+01,1.446774414733564431e-15,1.441339542016008543e-15,5.434872717555888233e-18,1.635288346220371711e-17,2.486370129281559571e-20,9.894510530374379664e-01,2.264478270439754682e-03,8.284468692122926373e-03
8.685482958032649551e-14,8.685482958032649492e+01,9.615633484392221110e-16,9.563798289882024700e-16,5.183519451019640947e-18,1.454922200109909396e-17,2.452268193604829223e-20,9.894415902133235630e-01,2.267459925012579869e-03,8.290949861664559731e-03
8.697664561059343973e-14,8.697664561059343669e+01,5.434850172026684560e-16,5.386478427299033347e-16,4.837174472765121213e-18,1.273757965453141325e-17,2.364940371248004270e-20,9.894298612908554169e-01,2.271044136202322698e-03,8.299094572942969025e-03
8.709846164086037133e-14,8.709846164086036424e+01,2.273160536504883863e-16,2.228917124412497776e-16,4.424341209238608615e-18,1.107522717522098628e-17,2.474902346614594334e-20,9.894168547170280048e-01,2.274935107900230048e-03,8.308210175072642048e-03
8.722027767112731555e-14,8.722027767112732022e+01,6.107284958384196774e-17,5.708981193358734715e-17,3.983037650254620596e-18,9.695884840442701226e-18,2.456489889666477040e-20,9.894038989376464643e-01,2.278764781393346258e-03,8.317336280960782244e-03
8.734209370139424714e-14,8.734209370139424777e+01,2.275029326217027682e-17,1.919388685611285190e-17,3.556406406057424923e-18,8.711278032344132938e-18,2.569623086433536673e-20,9.893919411751361803e-01,2.282256340902471484e-03,8.325802483962000886e-03
8.746390973166119136e-14,8.746390973166118954e+01,9.113812136482237139e-17,8.795804615495796191e-17,3.180075209864409474e-18,8.200566700846708476e-18,3.298624474928861313e-20,9.893815950638786827e-01,2.285215207894818277e-03,8.333189728227297435e-03
8.758572576192812296e-14,8.758572576192811709e+01,3.135409984898861627e-16,3.106531476847840154e-16,2.887850805102147263e-18,8.176086693183309309e-18,2.516879674362957721e-20,9.893739354540054265e-01,2.287371185809592821e-03,8.338693360185604753e-03
8.770754179219506718e-14,8.770754179219507307e+01,6.468377237308002011e-16,6.441241172539791826e-16,2.713606476821018519e-18,8.648414818189992790e-18,2.450694763653739312e-20,9.893695347789238648e-01,2.288586526985781841e-03,8.341878694090880744e-03
8.782935782246199878e-14,8.782935782246200063e+01,1.057507670842060231e-15,1.054866265112262404e-15,2.641405729797827218e-18,9.553454624627261733e-18,2.441766191496151086e-20,9.893686834302904964e-01,2.288785834587669585e-03,8.342530735122415109e-03
8.795117385272894300e-14,8.795117385272894239e+01,1.506689153854039501e-15,1.504030644023346801e-15,2.658509830692700254e-18,1.079264778755639664e-17,2.365485682126736987e-20,9.893713605505140007e-01,2.287972536318163587e-03,8.340666913168452365e-03
8.807298988299587460e-14,8.807298988299586995e+01,1.953297503343144854e-15,1.950521404761980681e-15,2.776098581164173063e-18,1.224159535204132517e-17,2.279158999851217491e-20,9.893772124117184985e-01,2.286257821083026963e-03,8.336529767199261226e-03
8.819480591326281882e-14,8.819480591326281171e+01,2.357161420128852114e-15,2.354170765180254729e-15,2.990654948597385282e-18,1.376195700066460822e-17,2.166163290070841496e-20,9.893855950124476051e-01,2.283842514255887777e-03,8.330562473297302081e-03
8.831662194352975042e-14,8.831662194352975348e+01,2.682547006166660121e-15,2.679264951235662227e-15,3.282054930997893716e-18,1.521555377208578190e-17,2.107437690216992086e-20,9.893956447694897127e-01,2.280988234785759697e-03,8.323366995725235348e-03
8.843843797379669463e-14,8.843843797379669525e+01,2.901272932160681512e-15,2.897657003054698966e-15,3.615929105982546503e-18,1.647143356115215673e-17,2.113799163354254425e-20,9.894063731953512963e-01,2.277983831075630541e-03,8.315642973573690241e-03
8.856025400406362623e-14,8.856025400406362280e+01,2.995022863647592818e-15,2.991067179116801213e-15,3.955684530791604948e-18,1.741330080236457036e-17,2.157416500183238124e-20,9.894167644510813986e-01,2.275119242726248315e-03,8.308116306192903436e-03
8.868207003433057045e-14,8.868207003433056457e+01,2.956755239493262987e-15,2.952490653287054670e-15,4.264586206208316426e-18,1.794822394888785805e-17,2.182502372142104068e-20,9.894258729607537939e-01,2.272659413475030914e-03,8.301467625771904654e-03
8.880388606459750205e-14,8.880388606459750633e+01,2.791082839310434858e-15,2.786567264776586641e-15,4.515574533848217424e-18,1.801813201473587957e-17,2.160552565002312036e-20,9.894328993660811422e-01,2.270828301530107649e-03,8.296272332389359461e-03
8.892570209486443365e-14,8.892570209486443389e+01,2.513656974990701754e-15,2.508972249923726037e-15,4.684725066975717127e-18,1.761500262785101990e-17,2.566837195572333956e-20,9.894372479159102562e-01,2.269788829270291772e-03,8.292963254820184468e-03
8.904751812513137787e-14,8.904751812513137565e+01,2.149651650959686991e-15,2.144893507036524290e-15,4.758143923162700874e-18,1.676738177594822660e-17,2.557586727894369980e-20,9.894385724310033048e-01,2.269633563791397749e-03,8.291794005206031687e-03
8.916933415539830947e-14,8.916933415539830321e+01,1.731376995201745153e-15,1.726650340658481427e-15,4.726654543263726190e-18,1.555854859095953684e-17,2.267799513066043245e-20,9.894367854192162026e-01,2.270375365506533284e-03,8.292839215278045156e-03
8.929115018566525369e-14,8.929115018566525919e+01,1.295272772019549528e-15,1.290683918319705747e-15,4.588853699843780823e-18,1.410749969151375193e-17,2.272924343328764156e-20,9.894320537743191979e-01,2.271947107602596827e-03,8.295999118078902640e-03
8.941296621593218528e-14,8.941296621593218674e+01,8.785368561970913429e-16,8.741799267921554555e-16,4.356929404935887388e-18,1.253749530135725555e-17,2.138383603166682001e-20,9.894247875744045517e-01,2.274213622433130834e-03,8.300998803163303630e-03
8.953478224619912950e-14,8.953478224619912851e+01,5.157425159774449239e-16,5.116903495242770112e-16,4.052166453167912732e-18,1.098025301486818058e-17,2.227978639977484225e-20,9.894155975698060157e-01,2.276985796463539252e-03,8.307416633731294631e-03
8.965659827646606110e-14,8.965659827646605606e+01,2.357855227506183476e-16,2.320842694840281570e-16,3.701253266590190690e-18,9.553382822049184716e-18,2.275526652367101410e-20,9.894052487717703848e-01,2.280037282283597488e-03,8.314713945946808349e-03
8.977841430673300532e-14,8.977841430673301204e+01,7.130008496905163519e-17,6.795853122388693361e-17,3.341553745164701585e-18,8.365071231786065340e-18,2.361018197174854221e-20,9.893947020043207807e-01,2.283105323410308633e-03,8.322192672269369471e-03
8.990023033699993692e-14,8.990023033699993960e+01,2.612138137342751360e-17,2.311539384394289128e-17,3.005987529484622317e-18,7.503467362723876514e-18,2.447608299969239058e-20,9.893848446624536885e-01,2.285949283305071036e-03,8.329206054242140750e-03
9.002204636726688114e-14,9.002204636726688136e+01,5.788104720538017297e-17,5.516247135516904805e-17,2.718575850211124914e-18,7.034613923952440956e-18,3.027648974183866074e-20,9.893760449390747169e-01,2.288444499625128751e-03,8.335510561300855589e-03
9.014386239753381274e-14,9.014386239753380892e+01,2.135505489693715078e-16,2.110462412262116619e-16,2.504307743159845933e-18,6.967242584133307690e-18,2.483013628125056447e-20,9.893691255694164743e-01,2.290385424012322466e-03,8.340489006571902286e-03
9.026567842780075696e-14,9.026567842780075068e+01,4.591657678595154663e-16,4.567831009855587701e-16,2.382666873956696242e-18,7.300660552271139238e-18,2.361147452312948229e-20,9.893645420430835502e-01,2.291660518408339311e-03,8.343797438508875064e-03
9.038749445806768855e-14,9.038749445806769245e+01,7.668714320587945464e-16,7.645339377279884946e-16,2.337494330806051816e-18,7.974466329932862842e-18,2.154679423611228651e-20,9.893625341821927766e-01,2.292205169446502686e-03,8.345260648361406408e-03
9.050931048833463277e-14,9.050931048833463421e+01,1.105496696403989317e-15,1.103142805223760102e-15,2.353891180229215231e-18,8.903907272523803836e-18,2.016294788919050276e-20,9.893631119357663151e-01,2.292010960879209240e-03,8.344877103355014328e-03
9.063112651860156437e-14,9.063112651860156177e+01,1.442488622050507005e-15,1.440050853358227855e-15,2.437768692279149720e-18,9.981799031701405485e-18,1.822514940806572987e-20,9.893660422890490080e-01,2.291149019876891502e-03,8.342808691074548449e-03
9.075294254886850859e-14,9.075294254886850354e+01,1.746662981838182503e-15,1.744075866453892823e-15,2.587115384289680614e-18,1.109559716964656956e-17,1.785036710019082883e-20,9.893708782340334684e-01,2.289758665099900312e-03,8.339363100866971704e-03
9.087475857913544019e-14,9.087475857913544530e+01,1.990685641911752345e-15,1.987901395207757922e-15,2.784246703994423259e-18,1.212921635382804532e-17,1.702245948600290002e-20,9.893770205516113636e-01,2.288022628614811045e-03,8.334956819774407347e-03
9.099657460940238441e-14,9.099657460940238707e+01,2.153440615060125430e-15,2.150438000491949692e-15,3.002614568175737916e-18,1.297917333526161872e-17,1.711728811750286139e-20,9.893837821370294883e-01,2.286143586306581439e-03,8.330074276664475863e-03
9.111839063966931601e-14,9.111839063966931462e+01,2.221699363745371859e-15,2.218483502157476467e-15,3.215861587895391549e-18,1.355825878516126641e-17,1.721344507671758277e-20,9.893904561247655050e-01,2.284326089430988374e-03,8.325217785804132908e-03
9.124020666993624761e-14,9.124020666993624218e+01,2.191053188409163568e-15,2.187653893192419553e-15,3.399295216744015178e-18,1.380772841188472844e-17,1.665025818262973318e-20,9.893963784828491148e-01,2.282758429435379800e-03,8.320863087716024939e-03
9.136202270020319183e-14,9.136202270020319816e+01,2.066043666096249306e-15,2.062509398137537831e-15,3.534267958711474707e-18,1.370660619385584604e-17,1.743307802675939002e-20,9.894009765925902977e-01,2.281599062850274938e-03,8.317424344560200161e-03
9.148383873047012342e-14,9.148383873047012571e+01,1.859457947182997843e-15,1.855853969324765483e-15,3.603977858232360155e-18,1.326847668120068571e-17,2.021991455574912422e-20,9.894038158135963767e-01,2.280961102069471117e-03,8.315223084334695536e-03
9.160565476073706764e-14,9.160565476073706748e+01,1.590861490246846122e-15,1.587261709611623826e-15,3.599780635222295655e-18,1.253012964389090645e-17,1.871151115598920401e-20,9.894046347911213957e-01,2.280906346324661736e-03,8.314458862554614804e-03
9.172747079100399924e-14,9.172747079100399503e+01,1.284545609660600424e-15,1.281028744515297296e-15,3.516865145303128459e-18,1.156104440953096870e-17,1.809292906368796783e-20,9.894033552352852201e-01,2.281439564028439962e-03,8.315205200687035558e-03
9.184928682127094346e-14,9.184928682127093680e+01,9.671152888529060030e-16,9.637524163366905777e-16,3.362872516215425306e-18,1.043797852104695835e-17,1.739297247778627761e-20,9.894000841457911699e-01,2.282515946334417230e-03,8.317399907875286727e-03
9.197110285153787506e-14,9.197110285153787856e+01,6.649848583902284697e-16,6.618309044834543555e-16,3.153953906774114245e-18,9.247644705599300716e-18,1.694054720414180233e-20,9.893950935724488138e-01,2.284049749200791051e-03,8.320856678351045213e-03
9.209291888180481928e-14,9.209291888180482033e+01,4.020362312473457880e-16,3.991239810819897239e-16,2.912250165356064114e-18,8.082869773980720639e-18,1.811377678359523047e-20,9.893887843460624776e-01,2.285925204941526706e-03,8.325290448996823175e-03
9.221473491207175088e-14,9.221473491207174789e+01,1.976358822343604773e-16,1.949773815543658266e-16,2.658500679994650719e-18,7.032109168645138689e-18,1.851855811315731264e-20,9.893816477356796035e-01,2.288004487485094992e-03,8.330347776836258614e-03
9.233655094233869510e-14,9.233655094233868965e+01,7.174728143974820548e-17,6.932879346817695642e-17,2.418487971571249059e-18,6.177924014122250240e-18,1.987602430751150786e-20,9.893742742456504979e-01,2.290130643676146268e-03,8.335595110673939961e-03
9.245836697260562669e-14,9.245836697260563142e+01,2.731419714684354142e-17,2.510851001700892255e-17,2.205687129834618863e-18,5.579685713493890130e-18,2.220201623430918866e-20,9.893672171413255834e-01,2.292152489256011130e-03,8.340630369419036946e-03
9.258018300287257091e-14,9.258018300287257318e+01,3.912785910601339272e-17,3.708598695416347737e-17,2.041872151849915350e-18,5.263831943038582184e-18,2.315802787238449363e-20,9.893607317939047130e-01,2.293993710784029971e-03,8.345274495311943985e-03
9.270199903313950251e-14,9.270199903313950074e+01,1.278757748735272960e-16,1.259383317226888672e-16,1.937443150838428790e-18,5.223769701812937375e-18,2.036669434829287531e-20,9.893552802109609745e-01,2.295542431376780459e-03,8.349177357663049512e-03
9.282381506340644673e-14,9.282381506340644250e+01,2.749263542516069966e-16,2.730376725017541016e-16,1.888681749852895028e-18,5.432474169016194321e-18,1.893158233994238778e-20,9.893511660807736696e-01,2.296723604460643945e-03,8.352110314766418922e-03
9.294563109367337833e-14,9.294563109367338427e+01,4.604500706412532018e-16,4.585683154977059355e-16,1.881755143547266218e-18,5.836783769538346911e-18,1.662492200437521092e-20,9.893485554741194843e-01,2.297492453749222594e-03,8.353952072132039483e-03
9.306744712394032255e-14,9.306744712394032604e+01,6.637538014222869197e-16,6.618422138917081313e-16,1.911587530578788447e-18,6.376943536623846558e-18,1.522614607468649670e-20,9.893474650630921241e-01,2.297844941362478695e-03,8.354689995545970527e-03
9.318926315420725415e-14,9.318926315420725359e+01,8.638115757215022823e-16,8.618339051510830655e-16,1.977670570419216801e-18,6.985078830200988261e-18,1.426244321787400658e-20,9.893477618458782485e-01,2.297822893859388562e-03,8.354415260263222884e-03
9.331107918447419837e-14,9.331107918447419536e+01,1.041349497972284064e-15,1.039273367369123252e-15,2.076130603160812573e-18,7.590147617683633479e-18,1.346684934284036065e-20,9.893491875941237135e-01,2.297506820905122031e-03,8.353305584972187114e-03
9.343289521474112997e-14,9.343289521474112291e+01,1.180212614946180778e-15,1.178018809921088249e-15,2.193805025092528803e-18,8.121618046012965902e-18,1.296420762192871484e-20,9.893513997686425032e-01,2.297000003492487546e-03,8.351600227866269946e-03
9.355471124500806156e-14,9.355471124500806468e+01,1.268599539602704630e-15,1.266287178618061858e-15,2.312360984642772414e-18,8.515534757280870542e-18,1.275531838547036781e-20,9.893540153458606490e-01,2.296413797385289061e-03,8.349570856755188231e-03
9.367652727527500578e-14,9.367652727527500645e+01,1.299900329166187651e-15,1.297485878305541034e-15,2.414450860646617708e-18,8.722499141322303508e-18,1.205296374633808660e-20,9.893566494097920661e-01,2.295857046581833549e-03,8.347493543626989879e-03
9.379834330554193738e-14,9.379834330554193400e+01,1.273016088353974313e-15,1.270530789082213994e-15,2.485299271760319156e-18,8.717374456268009338e-18,1.179467478629441035e-20,9.893589457531857256e-01,2.295426467730195871e-03,8.345627779085307979e-03
9.392015933580888160e-14,9.392015933580887577e+01,1.192165728475487433e-15,1.189651710335068080e-15,2.514018140419353049e-18,8.499985930464230149e-18,1.286271269816569778e-20,9.893606029655690470e-01,2.295198883797080688e-03,8.344198150635043221e-03
9.404197536607581320e-14,9.404197536607581753e+01,1.066182779314964819e-15,1.063689310402893609e-15,2.493468912071210381e-18,8.089392414868171900e-18,1.313234339653080450e-20,9.893613983962525893e-01,2.295224999593968584e-03,8.343376604154536733e-03
9.416379139634275742e-14,9.416379139634275930e+01,9.074099802976540723e-16,9.049853112873129189e-16,2.424669010341153345e-18,7.522565306345968603e-18,1.199522474719518655e-20,9.893611978840171073e-01,2.295529752967316681e-03,8.343272363016811591e-03
9.428560742660968902e-14,9.428560742660968685e+01,7.303255397037190210e-16,7.280131125520912490e-16,2.312427151627771986e-18,6.849537000310841312e-18,1.158045725025172472e-20,9.893599604550713522e-01,2.296111482231811760e-03,8.343928062697882064e-03
9.440742345687663324e-14,9.440742345687662862e+01,5.500860465397459015e-16,5.479158478391614724e-16,2.170198700584429061e-18,6.122919732269030709e-18,1.107572268694505901e-20,9.893577339770567303e-01,2.296948702166543704e-03,8.345317320777709616e-03
9.452923948714356483e-14,9.452923948714357039e+01,3.811006102763299965e-16,3.790905903636829770e-16,2.010019912647019501e-18,5.398815493829677393e-18,1.150299399238001110e-20,9.893546456259070254e-01,2.298000376461804134e-03,8.347353997632081177e-03
9.465105551741050905e-14,9.465105551741051215e+01,2.357959660863597708e-16,2.339490343087692712e-16,1.846931777590499595e-18,4.728305884250601023e-18,1.141550720779694020e-20,9.893508841837390655e-01,2.299212919786784628e-03,8.349902896475152117e-03
9.477287154767744065e-14,9.477287154767743971e+01,1.236127296022905016e-16,1.219180268741688634e-16,1.694702728121638179e-18,4.157663692875981281e-18,1.233334536771576305e-20,9.893466763875479186e-01,2.300525296245815952e-03,8.352798316207336177e-03
9.489468757794438487e-14,9.489468757794438147e+01,5.423997498647129370e-17,5.267212005127496794e-17,1.567854935196325761e-18,3.716857708207099165e-18,1.245018996166291267e-20,9.893423043707756381e-01,2.301869068709343994e-03,8.355826560515955057e-03
9.501650360821131647e-14,9.501650360821132324e+01,2.421335473381954251e-17,2.273982239161781661e-17,1.473532342201725900e-18,3.424286373460449214e-18,1.436684810177287071e-20,9.893379924305240047e-01,2.303189754181506933e-03,8.358817815295415538e-03
9.513831963847826069e-14,9.513831963847826501e+01,2.788715116196523390e-17,2.647532143362351233e-17,1.411829728341721569e-18,3.275233436586345246e-18,1.308095933122168209e-20,9.893339133410039565e-01,2.304444966773535903e-03,8.361641692223465566e-03
9.526013566874519229e-14,9.526013566874519256e+01,6.659727358236261809e-17,6.521789289389936437e-17,1.379380688463253712e-18,3.261419149415512662e-18,1.261748423532545171e-20,9.893302645496298009e-01,2.305586145901010551e-03,8.364149304470241963e-03
9.538195169901213651e-14,9.538195169901213433e+01,1.326154555315904163e-16,1.312405233305241682e-16,1.374932201066248102e-18,3.359720016925910693e-18,1.165206225257009080e-20,9.893271892218343799e-01,2.306580180693451436e-03,8.366230597473239827e-03
9.550376772927906810e-14,9.550376772927906188e+01,2.156627878949475301e-16,2.142674920809239912e-16,1.395295814023538877e-18,3.541441841718615207e-18,1.084133663629005105e-20,9.893247574173087422e-01,2.307413203365376968e-03,8.367829379326877440e-03
9.562558375954601232e-14,9.562558375954601786e+01,3.054334036119059480e-16,3.039966142176389907e-16,1.436789394266957249e-18,3.770703404347889009e-18,9.816073265983827164e-21,9.893229726991761286e-01,2.308090268750429951e-03,8.368937032074474924e-03
9.574739978981294392e-14,9.574739978981294541e+01,3.920189777733325084e-16,3.905227212850617970e-16,1.496256488270711407e-18,4.008909761723847165e-18,9.249103900704086163e-21,9.893217780353337210e-01,2.308635019764903977e-03,8.369586944902482686e-03
9.586921582007988814e-14,9.586921582007988718e+01,4.666311717659924761e-16,4.650648235000878071e-16,1.566348265904669057e-18,4.216895955094841678e-18,8.676406078891807533e-21,9.893210714997717758e-01,2.309083330956978805e-03,8.369845169272246282e-03
9.599103185034681974e-14,9.599103185034681474e+01,5.223936895991080081e-16,5.207577331952472939e-16,1.635956403860714182e-18,4.362369924803019812e-18,8.400140462151717183e-21,9.893207226836875368e-01,2.309475613251455329e-03,8.369801703062113366e-03
9.611284788061375134e-14,9.611284788061375650e+01,5.547607079314610001e-16,5.530664774725157657e-16,1.694230458945234433e-18,4.423362330170551973e-18,8.193460799188407527e-21,9.893205863539874523e-01,2.309851971086351007e-03,8.369561674927460462e-03
9.623466391088069556e-14,9.623466391088069827e+01,5.617397081825454172e-16,5.600088079999578748e-16,1.730900182587542409e-18,4.390670969870526586e-18,7.773282535664815842e-21,9.893205157270203998e-01,2.310247193672919364e-03,8.369237079307867422e-03
9.635647994114762716e-14,9.635647994114762582e+01,5.438602930195447514e-16,5.421216595608708331e-16,1.738633458673918291e-18,4.267912080287750509e-18,8.156940529037831395e-21,9.893203730914709171e-01,2.310688041239022592e-03,8.368938867291401268e-03
9.647829597141457138e-14,9.647829597141456759e+01,5.038853656392950822e-16,5.021701723539052300e-16,1.715193285389852269e-18,4.064780385340632453e-18,8.215231641000350948e-21,9.893200416662487617e-01,2.311193198011044642e-03,8.368765135741584871e-03
9.660011200168150297e-14,9.660011200168150935e+01,4.463374105837509996e-16,4.446763411658731395e-16,1.661069417877860130e-18,3.796857260702514293e-18,7.729134655574622866e-21,9.893194350455798425e-01,2.311772039305818715e-03,8.368792915115953399e-03
9.672192803194844719e-14,9.672192803194845112e+01,3.769002231774442422e-16,3.753166609111821827e-16,1.583562266262059539e-18,3.483655971256769876e-18,7.313156973747063618e-21,9.893184986492792321e-01,2.312428494586508954e-03,8.369072856135643251e-03
9.684374406221537879e-14,9.684374406221537868e+01,3.017967804842474251e-16,3.003088518147009539e-16,1.487928669546471189e-18,3.146353348031813804e-18,6.798942705971276170e-21,9.893172153478596575e-01,2.313157983466125958e-03,8.369626668675687539e-03
9.696556009248232301e-14,9.696556009248232044e+01,2.271940046616242467e-16,2.258081755858541563e-16,1.385829075770090401e-18,2.808558458786297565e-18,6.698863426684683064e-21,9.893155966289011172e-01,2.313953494561459597e-03,8.370449876538933742e-03
9.708737612274925461e-14,9.708737612274924800e+01,1.586440709061169506e-16,1.573617098119168444e-16,1.282361094200106279e-18,2.492653840153187917e-18,6.469547428053455595e-21,9.893136837269702610e-01,2.314800777305879055e-03,8.371515495725236414e-03
9.720919215301619883e-14,9.720919215301620397e+01,1.006739269589487409e-16,9.948792902899268300e-17,1.185997929956057905e-18,2.218889781360856937e-18,6.693817756478995308e-21,9.893115362903747156e-01,2.315683677210499287e-03,8.372780032416258719e-03
9.733100818328313043e-14,9.733100818328313153e+01,5.667571776178334145e-17,5.557347063680993805e-17,1.102247124973403396e-18,2.000073002555630786e-18,6.698519583194853381e-21,9.893092307884258085e-01,2.316583808250607598e-03,8.374185403324921340e-03
9.745282421355007465e-14,9.745282421355007330e+01,2.910135415831570849e-17,2.806540801843478349e-17,1.035946139880925002e-18,1.842830783798149929e-18,7.200713013786022509e-21,9.893068575509231799e-01,2.317481946907952797e-03,8.375660502170227326e-03
9.757464024381700624e-14,9.757464024381700085e+01,1.598560285257496152e-17,1.499810442457443164e-17,9.874984280005298876e-19,1.744466881074985893e-18,6.662705737774710733e-21,9.893044895542050243e-01,2.318363443151980757e-03,8.377147002644433002e-03
9.769645627408395046e-14,9.769645627408395683e+01,1.642570590960913172e-17,1.546606115394080097e-17,9.596447556683307553e-19,1.699799229752584075e-18,6.444345911861874835e-21,9.893021931218300979e-01,2.319218113304157350e-03,8.378588764867167180e-03
9.781827230435088206e-14,9.781827230435088438e+01,2.889799963353048937e-17,2.794758646884809116e-17,9.504131646823982076e-19,1.698937341316234961e-18,6.696222316610658516e-21,9.893000304548393853e-01,2.320037207767432653e-03,8.379932337394637928e-03
9.794008833461782628e-14,9.794008833461782615e+01,5.043340172430711652e-17,4.947432343612896967e-17,9.590782881781468500e-19,1.728732033989364278e-18,6.405770641864255157e-21,9.892980470361011358e-01,2.320817713091225150e-03,8.381135250809077994e-03
9.806190436488475788e-14,9.806190436488475370e+01,7.730814750607477744e-17,7.632471743560076248e-17,9.834300704740149562e-19,1.776131861918818974e-18,5.926024447486310539e-21,9.892962653535208872e-01,2.321562614624341110e-03,8.382172031856401431e-03
9.818372039515170210e-14,9.818372039515169547e+01,1.058547652558369610e-16,1.048334703475763657e-16,1.021294908260595309e-18,1.827383175327704460e-18,5.439877816656349128e-21,9.892946860315756652e-01,2.322280823448662473e-03,8.383033144977205392e-03
9.830553642541863370e-14,9.830553642541863724e+01,1.327286679497808115e-16,1.316631367057068563e-16,1.065531244073955151e-18,1.869261755630112543e-18,4.997135385780052064e-21,9.892932951620964088e-01,2.322981860381177332e-03,8.383722977524307729e-03
9.842735245568556530e-14,9.842735245568556479e+01,1.551496378519264869e-16,1.540406314773541938e-16,1.109006374572293137e-18,1.890824836823243637e-18,4.688471239777392368e-21,9.892920678095598053e-01,2.323674646746184784e-03,8.384257543695905132e-03
9.854916848595250952e-14,9.854916848595250656e+01,1.710647048043428024e-16,1.699203237177828703e-16,1.144381086559932082e-18,1.884575260306802181e-18,4.522855191412680237e-21,9.892909722808189699e-01,2.324365738370161132e-03,8.384661980812604595e-03
9.867098451621944111e-14,9.867098451621943411e+01,1.792736808564243324e-16,1.781076442953930426e-16,1.166036561031289831e-18,1.847060643725193367e-18,4.532153334390254028e-21,9.892899733071218726e-01,2.325059079552473963e-03,8.384967613327317867e-03
9.879280054648638533e-14,9.879280054648639009e+01,1.794224512245145341e-16,1.782523430684501703e-16,1.170108156064363805e-18,1.778472379509001454e-18,4.545607897474763319e-21,9.892890354984534840e-01,2.325755801930567187e-03,8.385208699617676190e-03
9.891461657675331693e-14,9.891461657675331764e+01,1.719341655701740977e-16,1.707785819899307182e-16,1.155583580243379446e-18,1.682533307740336579e-18,4.550776346372494518e-21,9.892881251912005736e-01,2.326455191715170057e-03,8.385419617085795516e-03
9.903643260702026115e-14,9.903643260702025941e+01,1.578814614465594826e-16,1.567578881008376764e-16,1.123573345721806173e-18,1.565455972616805820e-18,4.275049083989175323e-21,9.892872126569982605e-01,2.327155253246012724e-03,8.385632089757301053e-03
9.915824863728719275e-14,9.915824863728718697e+01,1.388202053760185063e-16,1.377429856614550380e-16,1.077219714563468269e-18,1.436035039247850491e-18,4.114329254076769322e-21,9.892862726517842598e-01,2.327853544214841548e-03,8.385873804002495074e-03
9.928006466755413697e-14,9.928006466755414294e+01,1.165993877318703772e-16,1.155792032574231635e-16,1.020184474447213734e-18,1.303371053004629296e-18,3.969631628512230609e-21,9.892852865709469423e-01,2.328547018239590649e-03,8.386166410814702155e-03
9.940188069782106857e-14,9.940188069782107050e+01,9.315974381643507085e-17,9.220335701048255766e-17,9.563868059525131860e-19,1.176242811995783591e-18,3.952020782738612241e-21,9.892842434194880630e-01,2.329232059887325658e-03,8.386524520625911541e-03
9.952369672808801279e-14,9.952369672808801226e+01,7.034659250247814139e-17,6.945833036079987357e-17,8.882621416782678232e-19,1.061501636695829612e-18,4.020737252082841898e-21,9.892831420157481848e-01,2.329903309187706609e-03,8.386954675065711948e-03
9.964551275835494438e-14,9.964551275835493982e+01,4.974543112479160664e-17,4.892486846293323944e-17,8.205626618583671931e-19,9.634634172774087073e-19,4.015873358089027652e-21,9.892819885850772099e-01,2.330556377928201441e-03,8.387455036995963842e-03
9.976732878862188860e-14,9.976732878862188159e+01,3.256179323512192248e-17,3.180433779767416246e-17,7.574554374477600226e-19,8.845105207216633175e-19,4.051586852289360012e-21,9.892807953034922219e-01,2.331188127551760917e-03,8.388016568957337715e-03
9.988914481888882020e-14,9.988914481888882335e+01,1.968043276866402788e-17,1.897796542300822272e-17,7.024673456558051549e-19,8.251160785747007119e-19,3.879887135708052103e-21,9.892795794602394777e-01,2.331796769629883390e-03,8.388623770132021956e-03
1.000109608491557644e-13,1.000109608491557651e+02,1.133574569448280840e-17,1.067788512803586008e-17,6.578605664469483215e-19,7.851346822917478845e-19,3.738645135531378189e-21,9.892783587274449619e-01,2.332382099470565063e-03,8.389259173086090204e-03
1.001327768794226960e-13,1.001327768794226927e+02,7.232806833114566708e-18,6.607271782225968503e-18,6.255350508885982058e-19,7.630196734009465600e-19,3.615862019776721981e-21,9.892771475124928493e-01,2.332946310559364054e-03,8.389906176949325778e-03
1.002545929096896402e-13,1.002545929096896344e+02,6.978056136058776704e-18,6.372237593158715980e-18,6.058185429000607240e-19,7.560466072380501566e-19,3.776504304227440551e-21,9.892759585188409810e-01,2.333492751083565946e-03,8.390548730076916734e-03
1.003764089399565718e-13,1.003764089399565762e+02,9.948600912523170178e-18,9.350090481704811894e-18,5.985104308183582838e-19,7.591945870740182281e-19,3.806045080849228430e-21,9.892748030601838938e-01,2.334025937090209238e-03,8.391171002727538034e-03
1.004982249702235161e-13,1.004982249702235180e+02,1.527344230172274735e-17,1.467150623696308103e-17,6.019360647596663207e-19,7.665485877308128935e-19,3.668411937780029408e-21,9.892736907747102792e-01,2.334550724511457245e-03,8.391758500779803939e-03
1.006200410004904477e-13,1.006200410004904455e+02,2.195523932873774903e-17,2.134097920021957857e-17,6.142601285181704671e-19,7.721208603527243533e-19,3.488155529720521240e-21,9.892726285756155979e-01,2.335072436442555809e-03,8.392298987943283897e-03
1.007418570307573919e-13,1.007418570307573873e+02,2.900022226852590020e-17,2.836828299601509773e-17,6.319392725108024664e-19,7.710029131197088694e-19,3.278007986365963124e-21,9.892716212760882533e-01,2.335595267453516137e-03,8.392783456459577615e-03
1.008636730610243235e-13,1.008636730610243291e+02,3.553514985333433801e-17,3.488421973719210865e-17,6.509301161422293605e-19,7.605814775728881317e-19,3.139857050950880599e-21,9.892706711403879138e-01,2.336121554345696547e-03,8.393207305267640778e-03
1.009854890912912551e-13,1.009854890912912566e+02,4.086118515938918168e-17,4.019427355593350630e-17,6.669116034556753859e-19,7.403048689428081430e-19,3.009517928708007017e-21,9.892697779821157944e-01,2.336651137009447977e-03,8.393570880875961954e-03
1.011073051215581993e-13,1.011073051215581984e+02,4.449100963526380618e-17,4.381411078622142891e-17,6.768988490423772673e-19,7.112018600424381005e-19,2.928048151468328072e-21,9.892689385767343691e-01,2.337182139621691527e-03,8.393879283645390085e-03
1.012291211518251309e-13,1.012291211518251259e+02,4.616215679055442541e-17,4.548285205637242748e-17,6.793047341819979315e-19,6.748614636676661186e-19,2.849313089159610221e-21,9.892681470896751428e-01,2.337711781662505251e-03,8.394141128663728038e-03
1.013509371820920751e-13,1.013509371820920819e+02,4.582992653738577308e-17,4.515672055734346348e-17,6.732059800423095998e-19,6.331394242036095547e-19,2.808751770200184245e-21,9.892673963869215159e-01,2.338236521961204340e-03,8.394367091118454596e-03
1.014727532123590067e-13,1.014727532123590095e+02,4.364219664083671455e-17,4.298284436864935261e-17,6.593522721873619399e-19,5.877846536786276575e-19,2.670118977781707969e-21,9.892666785004218255e-01,2.338753195391245123e-03,8.394568304188158858e-03
1.015945692426259509e-13,1.015945692426259512e+02,3.989718725744825315e-17,3.925973943190975670e-17,6.374478255384964530e-19,5.410298843602959055e-19,2.694622820879402090e-21,9.892659866558829451e-01,2.339257712780156914e-03,8.394755631338429724e-03
1.017163852728928825e-13,1.017163852728928788e+02,3.500052780953703759e-17,3.439198913199152336e-17,6.085386775455142327e-19,4.946493266697830961e-19,2.602862640865738611e-21,9.892653155198477544e-01,2.339746074544380404e-03,8.394938405609234794e-03
1.018382013031598267e-13,1.018382013031598206e+02,2.941388872938395458e-17,2.884094064675247043e-17,5.729480826314841523e-19,4.508991647807894209e-19,2.628002349304790817e-21,9.892646619884570836e-01,2.340213574813221602e-03,8.395124436731212295e-03
1.019600173334267583e-13,1.019600173334267623e+02,2.360638989945787774e-17,2.307342974702908951e-17,5.329601524287882281e-19,4.114149867153647532e-19,2.579983630860317455e-21,9.892640240111739702e-01,2.340656607463680039e-03,8.395319381363862410e-03
1.020818333636937026e-13,1.020818333636937041e+02,1.800836516531846199e-17,1.751824894423589609e-17,4.901162210825659044e-19,3.779744677870688999e-19,2.712553474009829083e-21,9.892634007646402550e-01,2.341072058555298228e-03,8.395527176805804223e-03
1.022036493939606342e-13,1.022036493939606316e+02,1.298076926773761092e-17,1.253283006025004440e-17,4.479392074875665239e-19,3.516106545068499255e-19,2.903130552657048686e-21,9.892627908046568441e-01,2.341459299224764486e-03,8.395749896119958713e-03
1.023254654242275784e-13,1.023254654242275734e+02,8.791068141705889705e-18,8.382667663883819821e-18,4.084004778220698838e-19,3.328716097995376917e-19,3.098249626406075423e-21,9.892621930218956638e-01,2.341818947627351873e-03,8.395988030478475708e-03
1.024472814544945100e-13,1.024472814544945152e+02,5.629082387637424874e-18,5.254974896550947211e-18,3.741074910864776634e-19,3.213895419556037918e-19,3.203453031169067702e-21,9.892616061185385279e-01,2.342153630674392514e-03,8.396240250788845547e-03
1.025690974847614542e-13,1.025690974847614569e+02,3.524027474855427987e-18,3.178422985211439460e-18,3.456044896439885276e-19,3.155756841547163144e-19,2.989313237450393595e-21,9.892610300455608741e-01,2.342466419011188673e-03,8.396503535429769571e-03
1.026909135150283858e-13,1.026909135150283845e+02,2.442835313599592380e-18,2.118859052624269973e-18,3.239762609753224061e-19,3.133875026208564490e-19,2.684817348604758168e-21,9.892604652959404721e-01,2.342761466129442832e-03,8.396773237931767775e-03
1.028127295452953300e-13,1.028127295452953263e+02,2.275925787166267605e-18,1.967214645936946014e-18,3.087111412293215906e-19,3.123512644997753832e-19,2.406165659856429206e-21,9.892599140207020136e-01,2.343042692709349124e-03,8.397043286590208030e-03
1.029345455755622616e-13,1.029345455755622680e+02,2.850814756209378024e-18,2.551155335610133492e-18,2.996594205992445324e-19,3.104301167139649793e-19,2.259700439504481138e-21,9.892593786627644770e-01,2.343314259290032141e-03,8.397307077946992299e-03
1.030563616058292058e-13,1.030563616058292098e+02,3.952903748985399375e-18,3.657088828043132632e-18,2.958149209422667427e-19,3.063950859569783178e-19,2.167789770534353213e-21,9.892588615892630166e-01,2.343579860679387283e-03,8.397558550059474811e-03
1.031781776360961374e-13,1.031781776360961373e+02,5.352150222528149254e-18,5.056424028642518869e-18,2.957261938856303853e-19,3.000686498840363483e-19,2.086029680838640246e-21,9.892583643839867324e-01,2.343842343843756913e-03,8.397793272171450926e-03
1.032999936663630690e-13,1.032999936663630649e+02,6.829802624741829979e-18,6.531837392690291534e-18,2.979652320515384449e-19,2.919256890661647289e-19,2.068501920782808603e-21,9.892578873379926918e-01,2.344103703959458593e-03,8.398008958049738709e-03
1.034218096966300132e-13,1.034218096966300067e+02,8.199437125635386868e-18,7.898241026928515897e-18,3.011960987068709708e-19,2.822457813316253591e-19,2.015502118537063986e-21,9.892574298657851317e-01,2.344365100233883857e-03,8.398205033983084308e-03
1.035436257268969448e-13,1.035436257268969484e+02,9.314166513836026594e-18,9.010094653648490690e-18,3.040718601875359046e-19,2.710653110693212858e-19,1.949800182832118945e-21,9.892569911333867205e-01,2.344626760321056377e-03,8.398382106294243615e-03
1.036654417571638891e-13,1.036654417571638902e+02,1.007018458566796588e-17,9.764470759515180875e-18,3.057138261527850031e-19,2.581399753123051519e-19,1.873716804397878288e-21,9.892565703110768327e-01,2.344888322361422545e-03,8.398541366563865018e-03
1.037872577874308207e-13,1.037872577874308178e+02,1.040731627632866590e-17,1.010216406723971550e-17,3.051522090889503929e-19,2.433338082979682469e-19,1.756316139899868407e-21,9.892561669938714219e-01,2.345148655181773442e-03,8.398684350948839444e-03
1.039090738176977649e-13,1.039090738176977595e+02,1.030979344208364860e-17,1.000813760500403105e-17,3.016558370796175545e-19,2.271678810561900544e-19,1.699497224286343482e-21,9.892557808191311253e-01,2.345405981912944242e-03,8.398813198958040779e-03
1.040308898479646965e-13,1.040308898479647013e+02,9.805868547010619049e-18,9.510993635886078575e-18,2.948749111245404741e-19,2.105545848129738648e-19,1.626977947216528068e-21,9.892554111920303095e-01,2.345658137590981608e-03,8.398930670380737665e-03
1.041527058782316407e-13,1.041527058782316431e+02,8.961394131446896334e-18,8.677309852129327339e-18,2.840842793175689953e-19,1.948991486339222856e-19,1.744064518897755066e-21,9.892550575568277438e-01,2.345902137331233595e-03,8.399040305843017556e-03
1.042745219084985723e-13,1.042745219084985706e+02,7.869077597431540362e-18,7.599791106100169311e-18,2.692864913313710509e-19,1.809568810743228860e-19,1.864023250191655844e-21,9.892547195863845566e-01,2.346134795258704095e-03,8.399145618358918111e-03
1.043963379387655165e-13,1.043963379387655124e+02,6.634200637967772798e-18,6.382944557647003645e-18,2.512560803207691532e-19,1.691101980162405843e-19,1.893349601922662895e-21,9.892543969333528198e-01,2.346353415035166631e-03,8.399249651614175069e-03
1.045181539690324481e-13,1.045181539690324541e+02,5.359721387654929209e-18,5.128733468790259149e-18,2.309879188646700599e-19,1.594522315469918797e-19,1.799592495221166919e-21,9.892540892683304721e-01,2.346556000102308429e-03,8.399354731569217900e-03
1.046399699992993923e-13,1.046399699992993959e+02,4.136946724477432140e-18,3.926771384731963292e-18,2.101753397454688484e-19,1.521582836799268856e-19,1.789267568764340526e-21,9.892537954392024435e-01,2.346741927708632849e-03,8.399462633090890376e-03
1.047617860295663239e-13,1.047617860295663235e+02,3.039024200989611425e-18,2.849227484760701335e-18,1.897967162289100906e-19,1.470512136852393154e-19,1.825244086949707183e-21,9.892535142781818669e-01,2.346911324871251998e-03,8.399574396949070765e-03
1.048836020598332682e-13,1.048836020598332652e+02,2.119928317337782262e-18,1.949005474893785440e-18,1.709228424439968223e-19,1.438686751031310511e-19,1.994319652560868498e-21,9.892532444028838690e-01,2.347065196184910073e-03,8.399690400933310444e-03
1.050054180901001998e-13,1.050054180901001928e+02,1.414228091183494067e-18,1.260156984222968175e-18,1.540711069605258913e-19,1.419598772626478718e-19,2.306088505320161067e-21,9.892529848938100834e-01,2.347204952790429757e-03,8.399810153401580243e-03
1.051272341203671440e-13,1.051272341203671488e+02,9.343991858856012850e-19,7.948019983577363157e-19,1.395971875278649692e-19,1.402069297323212843e-19,2.547798745034666024e-21,9.892527356533177274e-01,2.347332311340704237e-03,8.399932035343640052e-03
1.052490501506340756e-13,1.052490501506340763e+02,6.749571765159627462e-19,5.472855868257037062e-19,1.276715896902590400e-19,1.377603585649538143e-19,2.716274421290304747e-21,9.892524971515982424e-01,2.347449160568036448e-03,8.400053687835929914e-03
1.053708661809010198e-13,1.053708661809010181e+02,6.122807129335623703e-19,4.940527962675928370e-19,1.182279166659695334e-19,1.341898334046303906e-19,2.793340369562985171e-21,9.892522700803950686e-01,2.347557379852387074e-03,8.400172539754679341e-03
1.054926822111679514e-13,1.054926822111679456e+02,7.089671966486236592e-19,5.976393314739808880e-19,1.113278651746427711e-19,1.297274217391966557e-19,2.856544838992948019e-21,9.892520544874953137e-01,2.347658986883910826e-03,8.400286525622972095e-03
1.056144982414348830e-13,1.056144982414348874e+02,9.191177660566458746e-19,8.124357919764338120e-19,1.066819740802120626e-19,1.247599471190486935e-19,2.805113148886991854e-21,9.892518498758542389e-01,2.347755829622396803e-03,8.400394294525463310e-03
1.057363142717018272e-13,1.057363142717018292e+02,1.194611469363625084e-18,1.090754074245503123e-18,1.038573951181219608e-19,1.197672336364067244e-19,2.673908652647503603e-21,9.892516552290949727e-01,2.347849457744952129e-03,8.400495313162262626e-03
1.058581303019687588e-13,1.058581303019687567e+02,1.490011689651187425e-18,1.387494822864924961e-18,1.025168667862624636e-19,1.149552761746210943e-19,2.486235880998154115e-21,9.892514692011400435e-01,2.347941206220529459e-03,8.400589592641564268e-03
1.059799463322357030e-13,1.059799463322356985e+02,1.765399225318661031e-18,1.663119237589466400e-18,1.022799877291946309e-19,1.103555562482920925e-19,2.337547533004307389e-21,9.892512903717570749e-01,2.348032143590593739e-03,8.400677484654544419e-03
1.061017623625026346e-13,1.061017623625026403e+02,1.988734814597785402e-18,1.885987526948301800e-18,1.027472876494836020e-19,1.057102365993684547e-19,2.120333502253446053e-21,9.892511176088606417e-01,2.348123037707993115e-03,8.400759353433524465e-03
1.062235783927695788e-13,1.062235783927695820e+02,2.137796679867103868e-18,2.034103831408699682e-18,1.036928484584041862e-19,1.010681374350211204e-19,1.921600429013162126e-21,9.892509497234340810e-01,2.348214494911450307e-03,8.400835781656920340e-03
1.063453944230365104e-13,1.063453944230365096e+02,2.199805702010959469e-18,2.095802946630983378e-18,1.040027553799760909e-19,9.663629394289359892e-20,1.757126966451207382e-21,9.892507862434440913e-01,2.348306114047093909e-03,8.400907642511034820e-03
1.064672104533034547e-13,1.064672104533034513e+02,2.172842370218878165e-18,2.069759884143756564e-18,1.030824860751216005e-19,9.280851727224232714e-20,1.665612984312428419e-21,9.892506268680515413e-01,2.348396944950935199e-03,8.400976186999692744e-03
1.065890264835703863e-13,1.065890264835703931e+02,2.064825878543362374e-18,1.964343517291874920e-18,1.004823612514874543e-19,8.985222513860952671e-20,1.584453743337876439e-21,9.892504715474687016e-01,2.348485601836635631e-03,8.401042850696765693e-03
1.067108425138373305e-13,1.067108425138373349e+02,1.890384467063780535e-18,1.794287775090789565e-18,9.609669197299096995e-20,8.826253217397461864e-20,1.823270262431600179e-21,9.892503200210940317e-01,2.348570567759048454e-03,8.401109411149031841e-03
1.068326585441042621e-13,1.068326585441042624e+02,1.667907631018813161e-18,1.577494667922949730e-18,9.041296309586343173e-20,8.779242982202057542e-20,2.069500798892293097e-21,9.892501719860690157e-01,2.348650739133355085e-03,8.401177274799647571e-03
1.069544745743712063e-13,1.069544745743712042e+02,1.416318087076674605e-18,1.332577665983276807e-18,8.374042109339779763e-20,8.839243186806148571e-20,2.292253320544572178e-21,9.892500270866750878e-01,2.348725258525284371e-03,8.401247654801883430e-03
1.070762906046381379e-13,1.070762906046381318e+02,1.154205329864405665e-18,1.077637367115346039e-18,7.656796274905962591e-20,8.987899026744308218e-20,2.490060173086295663e-21,9.892498848673222378e-01,2.348793682570772968e-03,8.401321450109109495e-03
1.071981066349050821e-13,1.071981066349050877e+02,8.989656441532217449e-19,8.297236850880451622e-19,6.924195906517658264e-20,9.175214136101670043e-20,2.651891030405163967e-21,9.892497451838848654e-01,2.348855852839851644e-03,8.401398963277238383e-03
1.073199226651720137e-13,1.073199226651720153e+02,6.665049728762123727e-19,6.044970966396778678e-19,6.200787623653450490e-20,9.313670077020678248e-20,2.747566100692864399e-21,9.892496086274409350e-01,2.348911806151045625e-03,8.401479566410047228e-03
1.074417386954389579e-13,1.074417386954389571e+02,4.698009947872914835e-19,4.148896270084946219e-19,5.491136777879686158e-20,9.304393635764273643e-20,2.810336279292286081e-21,9.892494767850369408e-01,2.348961595561486950e-03,8.401561619403558057e-03
1.075635547257058895e-13,1.075635547257058846e+02,3.178499468391029573e-19,2.694503670332953542e-19,4.839957980580760306e-20,9.073865261145453928e-20,2.880259483281341147e-21,9.892493515938767246e-01,2.349005671525363891e-03,8.401642734599930329e-03
1.076853707559728337e-13,1.076853707559728406e+02,2.137287962189842950e-19,1.713239005788069330e-19,4.240489564017736199e-20,8.613353213275737504e-20,2.932932586419230253e-21,9.892492351649962989e-01,2.349044415136731633e-03,8.401720419869113110e-03
1.078071867862397653e-13,1.078071867862397681e+02,1.555924899271426321e-19,1.182477675287179385e-19,3.734472239842469359e-20,8.009431631569097956e-20,3.046072783213876806e-21,9.892491284075097813e-01,2.349078597425700594e-03,8.401792995066688710e-03
1.079290028165067096e-13,1.079290028165067099e+02,1.371084408751470634e-19,1.039079230613134219e-19,3.320051781383364152e-20,7.374160281392729278e-20,3.089175232683773205e-21,9.892490311545814041e-01,2.349108983561779690e-03,8.401859861858792036e-03
1.080508188467736412e-13,1.080508188467736375e+02,1.503119326963266389e-19,1.201327056162060178e-19,3.017922708012062117e-20,6.805867257265547105e-20,3.003851054149566063e-21,9.892489420638280739e-01,2.349136546216934896e-03,8.401921389957029904e-03
1.081726348770405728e-13,1.081726348770405792e+02,1.865282937881454216e-19,1.584644613139061738e-19,2.806383247423924775e-20,6.339312648139048621e-20,2.771973624318212921e-21,9.892488595883770497e-01,2.349162074604247818e-03,8.401978337020866994e-03
1.082944509073075170e-13,1.082944509073075210e+02,2.374008939398645980e-19,2.105368470425443176e-19,2.686404689732028039e-20,5.951708199287102860e-20,2.444241514677816455e-21,9.892487822983133672e-01,2.349186385694854596e-03,8.402031315993870736e-03
1.084162669375744486e-13,1.084162669375744485e+02,2.946049256048026687e-19,2.682817073951455359e-19,2.632321820965713275e-20,5.605194379448191776e-20,2.132897133175488216e-21,9.892487092669922655e-01,2.349210077001156766e-03,8.402080656008857618e-03
1.085380829678413928e-13,1.085380829678413903e+02,3.502407708667349484e-19,3.239161482349574753e-19,2.632462263177747309e-20,5.287953760753930824e-20,1.921696777296020384e-21,9.892486397059215841e-01,2.349233655087532013e-03,8.402126638993048791e-03
1.086598989981083244e-13,1.086598989981083179e+02,3.971865719386140398e-19,3.705173091859983665e-19,2.666926275261567324e-20,5.023808851002994329e-20,1.719535765093205537e-21,9.892485727214028746e-01,2.349257456656040233e-03,8.402169821943148223e-03
1.087817150283752686e-13,1.087817150283752738e+02,4.297284720693532408e-19,4.026309437843183112e-19,2.709752828503492957e-20,4.882242567695104791e-20,1.522348872175704294e-21,9.892485069652432461e-01,2.349281588162716386e-03,8.402211446595987329e-03
1.089035310586422002e-13,1.089035310586422014e+02,4.443450793715683532e-19,4.170509982871736941e-19,2.729408108439465911e-20,4.940749368535760486e-20,1.469297335094399249e-21,9.892484406347989978e-01,2.349305869082057938e-03,8.402253496121059317e-03
1.090253470889091444e-13,1.090253470889091432e+02,4.403274033059128760e-19,4.131791452707803995e-19,2.714825803513247654e-20,5.222054460582687445e-20,1.600966924308765517e-21,9.892483718142913718e-01,2.349330017125979189e-03,8.402298168584733731e-03
1.091471631191760760e-13,1.091471631191760707e+02,4.191737477860390082e-19,3.926430544624531070e-19,2.653069332358590122e-20,5.673247224747040482e-20,1.749935112226383822e-21,9.892482992094016048e-01,2.349353627700619986e-03,8.402347162899755431e-03
1.092689791494430203e-13,1.092689791494430267e+02,3.838462095277799392e-19,3.584344868430023774e-19,2.541172268477756181e-20,6.210938340221565309e-20,1.812052658739963648e-21,9.892482223493889171e-01,2.349376264008056978e-03,8.402401386605043432e-03
1.093907951797099518e-13,1.093907951797099543e+02,3.383023833225360511e-19,3.142877928215571616e-19,2.401459050097888943e-20,6.759414536906950593e-20,1.847723056440207494e-21,9.892481412915079542e-01,2.349397689679668440e-03,8.402461018814175869e-03
1.095126112099768961e-13,1.095126112099768960e+02,2.864357571018962324e-19,2.641439141182088277e-19,2.229184298368740466e-20,7.250381587520537594e-20,1.878296038635118895e-21,9.892480568036835509e-01,2.349417617251036219e-03,8.402525579067277733e-03
1.096344272402438277e-13,1.096344272402438236e+02,2.322410581031479067e-19,2.119297713990868139e-19,2.031128670406109274e-20,7.627746495178855379e-20,1.884752680177973685e-21,9.892479701462921771e-01,2.349435814761078895e-03,8.402594038948645733e-03
1.097562432705107719e-13,1.097562432705107653e+02,1.795600372722937697e-19,1.613446329656228859e-19,1.821540430667088382e-20,7.848153369467410177e-20,1.854416441529695664e-21,9.892478828841890781e-01,2.349452175187921165e-03,8.402664940624953588e-03
1.098780593007777035e-13,1.098780593007777071e+02,1.315025242135680037e-19,1.156205391971815667e-19,1.588198501638643705e-20,7.882875255185609665e-20,1.799656110007575753e-21,9.892477969908666235e-01,2.349466471803670058e-03,8.402736537331525687e-03
1.099998753310446477e-13,1.099998753310446489e+02,9.091063472243529432e-20,7.731646010521066947e-20,1.359417461722462486e-20,7.727082632722880464e-20,1.753900248132698150e-21,9.892477142495306186e-01,2.349478734848238579e-03,8.402807015623094816e-03
1.101216913613115793e-13,1.101216913613115764e+02,5.985485506186102723e-20,4.849274456965520281e-20,1.136211049220582442e-20,7.401048224914493598e-20,1.688970807417140657e-21,9.892476362683266800e-01,2.349488999017120168e-03,8.402874732658051696e-03
1.102435073915785235e-13,1.102435073915785182e+02,3.865314884460669965e-20,2.918169094125786268e-20,9.471457903348836971e-21,6.954976011733205283e-20,1.612232680270147130e-21,9.892475639317496183e-01,2.349497562622709142e-03,8.402938505629550803e-03
1.103653234218454551e-13,1.103653234218454600e+02,2.592818749068039459e-20,1.802293317848038077e-20,7.905254312200013822e-21,6.440869891867877931e-20,1.500246553667540433e-21,9.892474976483309757e-01,2.349504710088431720e-03,8.402997641582489116e-03
1.104871394521123867e-13,1.104871394521123875e+02,2.159367012678885202e-20,1.478031795878026315e-20,6.813352168008588877e-21,5.900968216896169405e-20,1.431801914399166676e-21,9.892474372983059983e-01,2.349510864329396216e-03,8.403051837366502450e-03
1.106089554823793309e-13,1.106089554823793293e+02,2.410243925383469286e-20,1.802752172577643916e-20,6.074917528058253698e-21,5.335889755125341485e-20,1.354018654135380677e-21,9.892473828530340407e-01,2.349516339358999513e-03,8.403100807608893108e-03
1.107307715126462625e-13,1.107307715126462568e+02,3.205906759952981653e-20,2.640471465642399470e-20,5.654352943105821830e-21,4.739311517550964583e-20,1.236308081770345510e-21,9.892473343611227765e-01,2.349521419301418921e-03,8.403144219577801666e-03
1.108525875429132068e-13,1.108525875429132128e+02,4.364128431815241690e-20,3.826929332954945492e-20,5.371990988602961980e-21,4.136533718742482117e-20,1.103568721390578028e-21,9.892472917873692539e-01,2.349526224779791787e-03,8.403181987853025961e-03
1.109744035731801384e-13,1.109744035731801404e+02,5.658932192403909683e-20,5.127411864319048622e-20,5.315203280848610608e-21,3.597231991142543693e-20,9.695738182164491052e-22,9.892472543524338802e-01,2.349530961004793819e-03,8.403214686563206456e-03
1.110962196034470826e-13,1.110962196034470821e+02,6.875382502483612182e-20,6.336734488920947318e-20,5.386480135626648642e-21,3.221813390582734101e-20,8.854279788292987879e-22,9.892472204232639621e-01,2.349535745092228619e-03,8.403243831645770823e-03
1.112180356337140142e-13,1.112180356337140097e+02,7.871610726618824632e-20,7.315022157606608487e-20,5.565885690122161454e-21,3.081213474236702513e-20,7.701633334692935427e-22,9.892471877191904017e-01,2.349540677184136245e-03,8.403271603627577094e-03
1.113398516639809584e-13,1.113398516639809515e+02,8.566411304313334593e-20,7.989209877934870876e-20,5.772014263784637176e-21,3.208300027905937674e-20,6.666013346967709490e-22,9.892471537249788449e-01,2.349545782844863779e-03,8.403300492178369940e-03
1.114616676942478900e-13,1.114616676942478932e+02,8.926621680621045415e-20,8.332037181366644150e-20,5.945844992544012653e-21,3.587100847452707771e-20,6.925493538657477601e-22,9.892471161237185173e-01,2.349551033875913863e-03,8.403332842407601477e-03
1.115834837245148342e-13,1.115834837245148350e+02,8.941329059085459975e-20,8.340085613133264787e-20,6.012434459521951881e-21,4.144852243302928993e-20,7.883678741042233066e-22,9.892470733358054158e-01,2.349556334276605568e-03,8.403370329920011733e-03
1.117052997547817658e-13,1.117052997547817625e+02,8.622051084961703689e-20,8.017635641625651528e-20,6.044154433360521606e-21,4.794657976913086042e-20,8.719548906740434818e-22,9.892470245142056529e-01,2.349561656931329658e-03,8.403413828864884916e-03
1.118271157850487100e-13,1.118271157850487043e+02,7.981784279938540735e-20,7.386508983474591846e-20,5.952752964639488887e-21,5.466127284381931733e-20,9.064611413160960487e-22,9.892469695421355347e-01,2.349566893983870853e-03,8.403463563882466666e-03
1.119489318153156416e-13,1.119489318153156461e+02,7.073035361899570491e-20,6.496284734248292895e-20,5.767506276512775956e-21,6.110337820283649124e-20,8.748313387292456146e-22,9.892469087304984754e-01,2.349571964699975236e-03,8.403519304803500067e-03
1.120707478455825858e-13,1.120707478455825878e+02,5.963715304773162256e-20,5.429537284900780022e-20,5.341780198723822344e-21,6.692639684265905399e-20,8.175851033482322007e-22,9.892468428516825174e-01,2.349576651383853462e-03,8.403580496935699959e-03
1.121925638758495174e-13,1.121925638758495154e+02,4.761035191935540830e-20,4.286156134366682532e-20,4.748790575688582981e-21,7.171229731813574055e-20,7.523402465386106118e-22,9.892467730049717689e-01,2.349580802935733511e-03,8.403646192094368916e-03
1.123143799061164617e-13,1.123143799061164572e+02,3.565568577734346490e-20,3.163365175407687424e-20,4.022034023266590660e-21,7.500512777604853008e-20,7.001951678749591214e-22,9.892467006876393132e-01,2.349584298176952794e-03,8.403715014185538998e-03
1.124361959363833933e-13,1.124361959363833989e+02,2.470112865870433013e-20,2.142516525705715648e-20,3.275963401647173649e-21,7.640404442575706418e-20,6.556564788581973648e-22,9.892466276683045123e-01,2.349587121114543077e-03,8.403785210582886619e-03
1.125580119666503375e-13,1.125580119666503407e+02,1.589807387476047664e-20,1.328218462818473099e-20,2.615889246575745652e-21,7.569614164025907753e-20,6.079492918630994158e-22,9.892465558249264879e-01,2.349589351549191685e-03,8.403854823526211298e-03
1.126798279969172691e-13,1.126798279969172683e+02,9.797336689193914337e-21,7.760141069596762517e-21,2.037195619597151820e-21,7.288669731251418185e-20,5.260385541535264340e-22,9.892464870404052979e-01,2.349591063778998842e-03,8.403921895817624901e-03
1.128016440271842007e-13,1.128016440271841958e+02,5.942553314573246389e-21,4.344003012559336808e-21,1.598550302013909581e-21,6.822603989856806043e-20,4.082610308423403685e-22,9.892464229084984018e-01,2.349592387059080707e-03,8.403984704444518103e-03
1.129234600574511449e-13,1.129234600574511518e+02,3.740266408895142572e-21,2.452874145522713467e-21,1.287392263372429105e-21,6.211177654726288299e-20,2.798731680433439641e-22,9.892463646632657648e-01,2.349593439401780667e-03,8.404041897334173228e-03
1.130452760877180765e-13,1.130452760877180793e+02,2.677249700914615264e-21,1.587360753928919920e-21,1.089888946985695344e-21,5.497943365052575638e-20,1.801321154356359871e-22,9.892463131462034820e-01,2.349594326137404397e-03,8.404092527661234310e-03
1.131670921179850207e-13,1.131670921179850211e+02,2.626706111269227504e-21,1.687871725241794912e-21,9.388343860274325913e-22,4.734183806688805696e-20,1.703404022657028418e-22,9.892462687886429684e-01,2.349595089313544737e-03,8.404136122045265805e-03
1.132889081482519523e-13,1.132889081482519487e+02,4.127288846171362402e-21,3.238843002066017815e-21,8.884458441053445874e-22,3.982419380133212298e-20,2.379111747511637329e-22,9.892462314023074965e-01,2.349595818809504903e-03,8.404172778884957951e-03
1.134107241785188965e-13,1.134107241785188904e+02,6.906837205858391393e-21,6.019826488259089546e-21,8.870107175993018476e-22,3.319104639219803736e-20,3.091790383010309136e-22,9.892462001415570638e-01,2.349596555384353327e-03,8.404203303060809802e-03
1.135325402087858281e-13,1.135325402087858322e+02,1.057005516615011703e-20,9.626560188626048390e-21,9.434949775240686351e-22,2.823004396314482859e-20,3.394160811285409828e-22,9.892461734245507898e-01,2.349597347270789525e-03,8.404229228180386951e-03
1.136543562390527723e-13,1.136543562390527740e+02,1.451328054332744905e-20,1.347132369195029195e-20,1.041956851377157106e-21,2.546784269232545168e-20,2.812667749725750538e-22,9.892461491941839657e-01,2.349598228058362610e-03,8.404252577759768056e-03
1.137761722693197166e-13,1.137761722693197157e+02,1.803748485869944970e-20,1.689208660011612312e-20,1.145398258583326577e-21,2.523856092873858628e-20,2.491731718783441454e-22,9.892461251136555056e-01,2.349599197758874339e-03,8.404275688587771118e-03
1.138979882995866355e-13,1.138979882995866291e+02,2.071029164803255844e-20,1.947071017850158243e-20,1.239581469530976007e-21,2.745642972857687706e-20,2.448456504963217014e-22,9.892460989339029176e-01,2.349600244287176724e-03,8.404300821811970870e-03
1.140198043298535798e-13,1.140198043298535850e+02,2.220473955668415746e-20,2.087963210177769190e-20,1.325107454906465557e-21,3.175311714779434986e-20,2.252046112970181808e-22,9.892460687405704167e-01,2.349601357634274398e-03,8.404329901797218810e-03
1.141416203601205240e-13,1.141416203601205268e+02,2.236841303213501876e-20,2.095894098072227146e-20,1.409472051412747303e-21,3.767886506950780610e-20,2.517465007753893553e-22,9.892460330241852340e-01,2.349602536069961538e-03,8.404364439746844079e-03
1.142634363903874682e-13,1.142634363903874686e+02,2.124375910923094595e-20,1.975693461226890908e-20,1.486824496962036864e-21,4.453829869924921526e-20,2.727957317493221790e-22,9.892459909202478974e-01,2.349603773853507337e-03,8.404405305900617545e-03
1.143852524206543872e-13,1.143852524206543819e+02,1.909673862617725466e-20,1.755048831738016407e-20,1.546250308797090592e-21,5.160622938971821114e-20,2.756166970597338285e-22,9.892459422435729843e-01,2.349605056106200685e-03,8.404452700322969511e-03
1.145070684509213314e-13,1.145070684509213379e+02,1.629887553762697112e-20,1.478176696001052888e-20,1.517108577616442239e-21,5.820333458004719712e-20,2.651063708225664864e-22,9.892458875026781673e-01,2.349606302989953183e-03,8.404506194334296007e-03
1.146288844811882756e-13,1.146288844811882797e+02,1.322069842129786618e-20,1.180831930929183202e-20,1.412379112006034162e-21,6.382493449261859387e-20,2.521299256031732121e-22,9.892458276615703205e-01,2.349607447018877294e-03,8.404564891413097635e-03
1.147507005114552198e-13,1.147507005114552214e+02,9.970331692214645537e-21,8.753842991238597625e-21,1.216488700976047912e-21,6.821532030186849045e-20,2.335405828398215571e-22,9.892457639348259946e-01,2.349608406560476682e-03,8.404627658615928740e-03
1.148725165417221388e-13,1.148725165417221348e+02,6.948904594084853355e-21,5.972051730361319093e-21,9.768528637235342623e-22,7.131678241138202742e-20,2.093143348440615053e-22,9.892456975500154570e-01,2.349609143285569073e-03,8.404693306701292374e-03
1.149943325719890830e-13,1.149943325719890765e+02,4.487791248271069114e-21,3.740841602068860315e-21,7.469496462022087990e-22,7.306928781988593324e-20,1.778956512931412856e-22,9.892456297435101575e-01,2.349609667958211644e-03,8.404760588533800522e-03
1.151161486022560273e-13,1.151161486022560325e+02,2.705978219759659248e-21,2.160930132090219511e-21,5.450480876694397371e-22,7.326316191151130045e-20,1.406481687945524263e-22,9.892455619286069091e-01,2.349610008513885583e-03,8.404828062881640471e-03
1.152379646325229462e-13,1.152379646325229459e+02,1.580405546235217233e-21,1.169424317880120175e-21,4.109812283550970580e-22,7.155566900318241612e-20,1.050936940371894878e-22,9.892454957963676687e-01,2.349610230694794237e-03,8.404893972940134794e-03
1.153597806627898904e-13,1.153597806627898876e+02,9.375136211647689738e-22,6.371555729862506411e-22,3.003580481785183327e-22,6.764036948592163855e-20,7.899604023563405012e-23,9.892454333590087190e-01,2.349610360048007274e-03,8.404956280945802966e-03
1.154815966930568347e-13,1.154815966930568294e+02,6.549816854271409087e-22,4.316293465392983803e-22,2.233523388878425284e-22,6.151215841821952184e-20,7.116510265238651747e-23,9.892453766227633505e-01,2.349610431851054723e-03,8.405012945388166956e-03
1.156034127233237789e-13,1.156034127233237854e+02,7.780521016036290904e-22,5.999876176770709455e-22,1.780644839265581449e-22,5.366944479209003185e-20,7.612537419545303990e-23,9.892453271379975099e-01,2.349610478429770433e-03,8.405062383575349905e-03
1.157252287535906979e-13,1.157252287535906987e+02,1.446368113394613849e-21,1.268684787975106499e-21,1.776833254195073491e-22,4.512065634723337936e-20,8.663108239746681463e-23,9.892452855173818893e-01,2.349610541857289746e-03,8.405103940763400047e-03
1.158470447838576421e-13,1.158470447838576405e+02,2.517814669525745507e-21,2.318897382574654273e-21,1.989172869510912340e-22,3.714948551217364569e-20,1.499358524856166140e-22,9.892452512139776610e-01,2.349610640074894369e-03,8.405138145950143830e-03
1.159688608141245863e-13,1.159688608141245822e+02,3.757243625613438754e-21,3.527764871504157085e-21,2.294787541092816687e-22,3.078045063233772151e-20,2.487739502353889843e-22,9.892452227482873006e-01,2.349610777884468451e-03,8.405166473831037280e-03
1.160906768443915305e-13,1.160906768443915240e+02,5.050818879847912088e-21,4.784746668898063941e-21,2.660722109498481472e-22,2.650112889954759287e-20,3.142767498283002444e-22,9.892451981946106532e-01,2.349610956210218884e-03,8.405190849181943397e-03
1.162124928746584495e-13,1.162124928746584516e+02,6.385775414128554008e-21,6.081442849233188906e-21,3.043325648953651019e-22,2.427891557774506381e-20,2.733645768448263306e-22,9.892451756611430058e-01,2.349611172019862044e-03,8.405213166840017416e-03
1.163343089049253937e-13,1.163343089049253933e+02,7.554928855410506474e-21,7.204995253472455537e-21,3.499336019380509371e-22,2.386141575095414690e-20,1.485981480774263861e-22,9.892451534807116253e-01,2.349611428555781721e-03,8.405235090735145576e-03
1.164561249351923379e-13,1.164561249351923351e+02,8.419734206011599219e-21,8.014035303209993320e-21,4.056989028016058987e-22,2.519835390472201426e-20,1.961175210924230598e-22,9.892451300283456872e-01,2.349611732095894471e-03,8.405258239561322689e-03
1.165779409654592822e-13,1.165779409654592769e+02,8.854192250247204552e-21,8.372190110797449080e-21,4.820021394497554725e-22,2.784882938718600474e-20,1.443270928507493829e-22,9.892451040734031587e-01,2.349612099793643889e-03,8.405283826806071029e-03
1.166997569957262011e-13,1.166997569957262044e+02,8.790873717249994936e-21,8.220727125734619208e-21,5.701465915153757279e-22,3.185241178454838698e-20,1.144380454971064655e-22,9.892450743562818394e-01,2.349612540783315752e-03,8.405313102937607417e-03
1.168215730259931454e-13,1.168215730259931462e+02,8.269814235823734318e-21,7.625774117419372327e-21,6.440401184043619908e-22,3.707477441283999821e-20,1.230308094648863802e-22,9.892450397654800609e-01,2.349613040163273277e-03,8.405347194359568883e-03
1.169433890562600896e-13,1.169433890562600880e+02,7.398187044728569351e-21,6.721829198467495087e-21,6.763578462610742642e-22,4.317762140799971912e-20,1.273559602697711748e-22,9.892449995268780549e-01,2.349613558149351786e-03,8.405386914975290780e-03
1.170652050865270338e-13,1.170652050865270297e+02,6.272246267738712008e-21,5.615896897275532016e-21,6.563493704631799911e-22,4.974891088414547738e-20,1.264114420375001413e-22,9.892449532560112502e-01,2.349614045658740547e-03,8.405432698332923613e-03
1.171870211167939528e-13,1.171870211167939573e+02,4.966311233872040502e-21,4.371827742153969614e-21,5.944834917180708876e-22,5.627184956171869077e-20,1.196587246426396071e-22,9.892449010344095406e-01,2.349614464300930038e-03,8.405484501292175697e-03
1.173088371470608970e-13,1.173088371470608990e+02,3.580136104350353639e-21,3.067212955077441674e-21,5.129231492729119646e-22,6.208557144863728024e-20,1.100587355777069599e-22,9.892448435314055155e-01,2.349614797501521288e-03,8.405541671095645082e-03
1.174306531773278412e-13,1.174306531773278408e+02,2.384447713277404033e-21,1.953183747928886777e-21,4.312639653485172558e-22,6.639349471205169144e-20,9.727949155250691575e-23,9.892447821329601876e-01,2.349615048040000140e-03,8.405602819002639878e-03
1.175524692075947602e-13,1.175524692075947542e+02,1.491232069815845271e-21,1.135197005321202704e-21,3.560350644946425662e-22,6.842455024662960730e-20,8.618859685021223242e-23,9.892447189287683074e-01,2.349615226200717655e-03,8.405665845033525457e-03
1.176742852378617044e-13,1.176742852378617101e+02,9.183824538411236099e-22,6.283658785898986411e-22,2.900165752512249689e-22,6.767740759070978229e-20,8.214018739482584305e-23,9.892446564668883058e-01,2.349615345906332000e-03,8.405728187207885810e-03
1.177961012681286486e-13,1.177961012681286519e+02,5.983187700570095579e-22,3.729489428739794221e-22,2.253698271830301358e-22,6.415123336705424615e-20,8.202722876346184210e-23,9.892445973027500505e-01,2.349615413946072508e-03,8.405787283306530647e-03
1.179179172983955928e-13,1.179179172983955937e+02,4.888915445950927828e-22,3.125973698745607126e-22,1.762941747205320702e-22,5.844541484447249412e-20,7.973443833832659102e-23,9.892445434272778559e-01,2.349615449085091807e-03,8.405841123639509055e-03
1.180397333286625118e-13,1.180397333286625070e+02,5.163109457325847763e-22,3.646284705094068161e-22,1.516824752231779602e-22,5.159428432706628578e-20,7.443715079835893911e-23,9.892444958717530046e-01,2.349615476253882028e-03,8.405888651995584507e-03
1.181615493589294560e-13,1.181615493589294630e+02,6.639020701033639095e-22,5.264912633387348462e-22,1.374108067646290632e-22,4.466544410955676264e-20,7.020018438418413389e-23,9.892444546991896459e-01,2.349615504966487238e-03,8.405929795846268579e-03
1.182833653891964003e-13,1.182833653891964047e+02,9.900697389508344252e-22,8.530100130476142665e-22,1.370597259032201587e-22,3.837144199081747907e-20,6.915485097484396180e-23,9.892444193149647624e-01,2.349615546380604165e-03,8.405965138657177371e-03
1.184051814194633445e-13,1.184051814194633465e+02,1.608101699029299862e-21,1.472825879647697000e-21,1.352758193816028620e-22,3.295268631334593691e-20,7.865842888162774608e-23,9.892443889188949901e-01,2.349615596617231957e-03,8.405995484490249442e-03
1.185269974497302635e-13,1.185269974497302599e+02,2.487384538076559916e-21,2.343095024021755217e-21,1.442895140548046990e-22,2.834244868590836002e-20,1.198573982568293998e-22,9.892443627604584622e-01,2.349615663372937521e-03,8.406021576171138210e-03
1.186488134799972077e-13,1.186488134799972016e+02,3.524840926017559093e-21,3.369130260841836001e-21,1.557106651757230913e-22,2.442187548942022266e-20,1.786454729122941877e-22,9.892443402051351864e-01,2.349615747033627008e-03,8.406044047833705415e-03
1.187706295102641519e-13,1.187706295102641576e+02,4.559728714629942439e-21,4.377444263099408702e-21,1.822844515305337371e-22,2.126061392987293700e-20,1.620716979772263706e-22,9.892443205409460205e-01,2.349615860025379682e-03,8.406063599031014105e-03
1.188924455405310961e-13,1.188924455405310994e+02,5.341082127073655156e-21,5.114301539809835665e-21,2.267805872638194905e-22,1.940130572757049341e-20,1.086735664744738629e-22,9.892443025520950561e-01,2.349616016710840295e-03,8.406081431196577719e-03
1.190142615707980151e-13,1.190142615707980127e+02,5.682430173375160038e-21,5.399619869311531207e-21,2.828103040636288309e-22,1.952425445684117326e-20,1.091803945915087212e-22,9.892442844015991721e-01,2.349616224438933702e-03,8.406099373964621632e-03
1.191360776010649593e-13,1.191360776010649545e+02,5.600004159833844642e-21,5.247501050603974928e-21,3.525031092298697142e-22,2.178595469203095317e-20,7.769419805734943262e-23,9.892442641068264209e-01,2.349616492160012515e-03,8.406119401016367773e-03
1.192578936313319035e-13,1.192578936313319105e+02,5.222605872729572441e-21,4.812440779132289375e-21,4.101650935972830662e-22,2.587488673479195771e-20,4.653159798831351621e-23,9.892442399966187017e-01,2.349616805351550756e-03,8.406143198032433803e-03
1.193797096615988478e-13,1.193797096615988522e+02,4.678109325070661588e-21,4.248102582214218903e-21,4.300067428564426843e-22,3.105040097454791224e-20,4.993661140409776574e-23,9.892442111057797582e-01,2.349617126868137548e-03,8.406171767354787827e-03
1.195015256918657667e-13,1.195015256918657656e+02,4.023646118873375289e-21,3.615157078339893696e-21,4.084890405334815930e-22,3.644802721359874226e-20,5.616846955670674969e-23,9.892441772674971379e-01,2.349617418038736465e-03,8.406205314466924650e-03
1.196233417221327109e-13,1.196233417221327073e+02,3.267834714363730477e-21,2.901393528216626724e-21,3.664411861471037529e-22,4.145673360940646736e-20,6.360138846675913565e-23,9.892441388572846828e-01,2.349617660859407587e-03,8.406243481858565944e-03
1.197451577523996552e-13,1.197451577523996491e+02,2.516144255230744245e-21,2.181543278554673424e-21,3.346009766760708213e-22,4.573576933587628561e-20,6.857350374912833074e-23,9.892440965363333838e-01,2.349617866397754780e-03,8.406285597271676013e-03
1.198669737826665994e-13,1.198669737826666051e+02,1.872964522066680079e-21,1.550410728422052614e-21,3.225537936446274648e-22,4.908726936538782658e-20,6.890585337804221470e-23,9.892440511398259417e-01,2.349618054831039814e-03,8.406330805345663473e-03
1.199887898129335184e-13,1.199887898129335184e+02,1.299759285808429957e-21,9.944837740474160721e-22,3.052755117610138848e-22,5.128940129497222545e-20,6.572092282935194565e-23,9.892440037296940103e-01,2.349618223655447393e-03,8.406378046653315700e-03
1.201106058432004626e-13,1.201106058432004602e+02,8.738467218209236464e-22,6.028277793899247753e-22,2.710189424309988711e-22,5.205263356737383618e-20,6.177219190471729735e-23,9.892439556456599226e-01,2.349618359916328877e-03,8.406425994426808615e-03
1.202324218734674068e-13,1.202324218734674020e+02,6.185220213772396305e-22,3.925242194069027618e-22,2.259978019703368687e-22,5.116428603924633092e-20,5.990711217179824172e-23,9.892439084173767494e-01,2.349618456845509705e-03,8.406473125780763653e-03
1.203542379037343258e-13,1.203542379037343295e+02,4.899964885374998090e-22,3.038522359594374887e-22,1.861442525780623203e-22,4.867018060147124325e-20,5.739762033053609286e-23,9.892438635171434402e-01,2.349618522472657952e-03,8.406517960386749796e-03
1.204760539340012700e-13,1.204760539340012713e+02,4.552080349947857236e-22,3.002805684560495700e-22,1.549274665387361537e-22,4.490632844504109170e-20,5.749521001129730489e-23,9.892438221048811542e-01,2.349618567389247063e-03,8.406559327732427214e-03
1.205978699642682142e-13,1.205978699642682130e+02,5.897413270482295413e-22,4.598529408496611994e-22,1.298883861985683419e-22,4.032450095008240263e-20,5.447430945267929974e-23,9.892437849283326479e-01,2.349618598750874334e-03,8.406596472919277210e-03
1.207196859945351584e-13,1.207196859945351548e+02,9.213397120712493613e-22,8.088441643804500233e-22,1.124955476907993380e-22,3.534513233237308443e-20,5.524987503972079756e-23,9.892437523477374262e-01,2.349618624099158570e-03,8.406629028166006518e-03
1.208415020248020774e-13,1.208415020248020824e+02,1.396072462610636683e-21,1.294379908363043215e-21,1.016925542475934687e-22,3.028097396248914761e-20,6.284097758375160311e-23,9.892437244363322391e-01,2.349618649429237750e-03,8.406656914241233264e-03
1.209633180550690216e-13,1.209633180550690241e+02,1.937594434517429324e-21,1.841521776418632627e-21,9.607265809879669718e-23,2.536124678148922288e-20,6.559452141563955811e-23,9.892437010572228129e-01,2.349618679095538416e-03,8.406680263684301532e-03
1.210851340853359659e-13,1.210851340853359659e+02,2.499734829812119217e-21,2.400017363463973896e-21,9.971746634814532164e-23,2.085144096950839574e-20,7.199944720416035817e-23,9.892436818252532404e-01,2.349618720765862291e-03,8.406699453983375314e-03
1.212069501156029101e-13,1.212069501156029077e+02,3.035922955146699557e-21,2.921569447079780145e-21,1.143535080669194124e-22,1.717293216959928154e-20,1.489599019009548112e-22,9.892436659659175069e-01,2.349618782893900682e-03,8.406715251191240051e-03
1.213287661458698291e-13,1.213287661458698352e+02,3.483993321116186197e-21,3.342336886059395496e-21,1.416564350567907018e-22,1.454216445189135239e-20,8.168865280352548626e-23,9.892436525035998018e-01,2.349618875153373313e-03,8.406728621249633798e-03
1.214505821761367733e-13,1.214505821761367770e+02,3.803176708227185084e-21,3.622927286914606298e-21,1.802494213125787861e-22,1.347698752667801025e-20,4.550873284809699336e-23,9.892436399876071151e-01,2.349619004897354931e-03,8.406741007498320234e-03
1.215723982064037175e-13,1.215723982064037187e+02,3.981866594252255202e-21,3.757660653374604489e-21,2.242059408776507135e-22,1.405838166799767491e-20,5.550405015369531472e-23,9.892436268982093273e-01,2.349619173821255839e-03,8.406753927972299145e-03
1.216942142366706617e-13,1.216942142366706605e+02,4.029442352592340442e-21,3.773893005740922179e-21,2.555493468514182635e-22,1.597955355476283568e-20,5.487606356345725638e-23,9.892436120144413314e-01,2.349619367567968523e-03,8.406768617993456982e-03
1.218160302669375807e-13,1.218160302669375739e+02,3.942459789083818336e-21,3.688196072821014697e-21,2.542637162628036383e-22,1.880356252258911332e-20,4.007360435292312027e-23,9.892435945354876026e-01,2.349619554145325386e-03,8.406785910369841963e-03
1.219378462972045249e-13,1.219378462972045298e+02,3.728196646977650568e-21,3.494452773149648831e-21,2.337438738280017366e-22,2.211578300946837557e-20,3.193780092051990344e-23,9.892435740292371271e-01,2.349619714895273461e-03,8.406806255870176783e-03
1.220596623274714691e-13,1.220596623274714716e+02,3.397350965422081184e-21,3.180185171870120129e-21,2.171657935519610551e-22,2.558591092024993981e-20,3.506363053682318634e-23,9.892435503457327473e-01,2.349619853389819154e-03,8.406829800880104633e-03
1.221814783577384133e-13,1.221814783577384134e+02,2.936960779577653919e-21,2.718847865847380572e-21,2.181129137302733471e-22,2.894083431460994453e-20,4.022674314492570849e-23,9.892435235732807142e-01,2.349619986445578707e-03,8.406856440276470541e-03
1.223032943880053323e-13,1.223032943880053267e+02,2.357469209870450026e-21,2.128552838470924313e-21,2.289163713995257123e-22,3.186674420627761053e-20,4.427352075058782161e-23,9.892434940958347855e-01,2.349620124416416152e-03,8.406885779751613330e-03
1.224251104182722765e-13,1.224251104182722827e+02,1.727087993453434766e-21,1.492138414557005229e-21,2.349495788964295371e-22,3.394172197007861821e-20,4.410884446012208155e-23,9.892434626993996671e-01,2.349620264839047141e-03,8.406917035764049570e-03
1.225469264485392208e-13,1.225469264485392245e+02,1.181555088721245226e-21,9.567000666992867405e-22,2.248550220219584858e-22,3.476308204189242728e-20,4.245684001441764688e-23,9.892434305519918203e-01,2.349620395280880257e-03,8.406949052730037716e-03
1.226687424788061397e-13,1.226687424788061378e+02,7.806230531715326232e-22,5.829041276665791618e-22,1.977189255049534613e-22,3.417531265426358902e-20,4.131671194218246028e-23,9.892433989660025517e-01,2.349620502669397606e-03,8.406980531331055204e-03
1.227905585090730840e-13,1.227905585090730796e+02,5.345498188801613280e-22,3.739703729070070807e-22,1.605794459731542473e-22,3.238544169249207602e-20,4.098686889642914360e-23,9.892433690571088567e-01,2.349620579996766507e-03,8.407010362897371358e-03
1.229123745393400282e-13,1.229123745393400213e+02,4.036152574387613638e-22,2.760610939510292705e-22,1.275541634877320933e-22,2.983461549134681349e-20,4.222097136938283632e-23,9.892433415220229787e-01,2.349620632495221743e-03,8.407037845484671007e-03
1.230341905696069724e-13,1.230341905696069773e+02,3.611528527133890645e-22,2.537823694760907552e-22,1.073704832372983093e-22,2.693768104080972397e-20,4.719415951337785530e-23,9.892433166678016310e-01,2.349620672658068749e-03,8.407062659543156069e-03
1.231560065998738914e-13,1.231560065998738907e+02,3.966172315537457154e-22,2.999690186925337202e-22,9.664821286121199519e-23,2.389718466618599952e-20,5.152348448469785051e-23,9.892432946183786768e-01,2.349620709419006359e-03,8.407084672205260636e-03
1.232778226301408356e-13,1.232778226301408324e+02,4.893706264028608972e-22,4.024869522241820919e-22,8.688367417867880524e-23,2.072598513098719478e-20,5.252530396045560961e-23,9.892432754935638339e-01,2.349620743828105193e-03,8.407103762610983883e-03
1.233996386604077798e-13,1.233996386604077742e+02,6.746508378198776191e-22,5.944104685944349887e-22,8.024036922544263036e-23,1.741260805475964080e-20,5.003809780297892690e-23,9.892432594220552655e-01,2.349620778893632498e-03,8.407119799054049714e-03
1.235214546906747240e-13,1.235214546906747302e+02,1.045020920246270462e-21,9.639369856577977877e-22,8.108393458847267410e-23,1.409861312464860234e-20,4.119703053871094806e-23,9.892432463993144909e-01,2.349620821168795903e-03,8.407132779519824878e-03
1.236432707209416430e-13,1.236432707209416435e+02,1.545983326975674626e-21,1.459534218205711335e-21,8.644910876996329161e-23,1.115250467060630487e-20,3.248108786413440199e-23,9.892432360843252948e-01,2.349620873766361095e-03,8.407143041911232031e-03
1.237650867512085872e-13,1.237650867512085853e+02,2.011954024946499002e-21,1.916926730850852477e-21,9.502729409564652489e-23,9.080208839387327193e-21,6.242104262247061289e-23,9.892432276706434324e-01,2.349620937840341591e-03,8.407151391519006312e-03
1.238869027814755314e-13,1.238869027814755270e+02,2.360323635752433888e-21,2.252035204023112169e-21,1.082884317293217189e-22,8.156948553045525953e-21,4.919721174028745707e-23,9.892432200966790878e-01,2.349621015489968337e-03,8.407158887833641320e-03
1.240087188117424757e-13,1.240087188117424688e+02,2.572749742724054943e-21,2.449511198404345433e-21,1.232385443197095096e-22,8.477381222262569724e-21,2.891006234454915482e-23,9.892432122164425135e-01,2.349621105866230367e-03,8.407166677693837450e-03
1.241305348420093946e-13,1.241305348420093964e+02,2.661592179159035882e-21,2.528988323817542620e-21,1.326038553414932621e-22,9.789946563535935419e-21,4.231233319126884431e-23,9.892432031220315114e-01,2.349621201884366517e-03,8.407175676086781416e-03
1.242523508722763389e-13,1.242523508722763381e+02,2.666390240640802541e-21,2.528586579159414829e-21,1.378036614813877124e-22,1.153625555684249029e-20,4.518431937761789966e-23,9.892431924178278768e-01,2.349621298910893521e-03,8.407186283263787946e-03
1.243741669025432831e-13,1.243741669025432799e+02,2.620785472523707555e-21,2.476266837276534229e-21,1.445186352471733258e-22,1.323114391430466910e-20,3.593192929434257621e-23,9.892431801491804455e-01,2.349621398575804827e-03,8.407198452246161802e-03
1.244959829328102273e-13,1.244959829328102217e+02,2.508255865764359829e-21,2.354111735282626840e-21,1.541441304817329891e-22,1.464064058272130570e-20,2.700822529024979949e-23,9.892431665750166525e-01,2.349621504352312172e-03,8.407211920633796132e-03
1.246177989630771463e-13,1.246177989630771492e+02,2.276783691102117016e-21,2.112207237798746491e-21,1.645764533033705249e-22,1.577206505650853659e-20,2.391999254211394493e-23,9.892431519489697234e-01,2.349621617856700352e-03,8.407226433176139338e-03
1.247396149933440905e-13,1.247396149933440910e+02,1.934048569019247958e-21,1.762315829351502134e-21,1.717327396677458232e-22,1.671771531324617632e-20,2.307354727783771441e-23,9.892431364437147545e-01,2.349621736693695718e-03,8.407241819594027388e-03
1.248614310236110347e-13,1.248614310236110327e+02,1.554333572444631410e-21,1.385268750521363018e-21,1.690648219232683914e-22,1.751053101702350940e-20,2.303463039634814011e-23,9.892431202084780439e-01,2.349621852150182537e-03,8.407257939374402494e-03
1.249832470538779537e-13,1.249832470538779603e+02,1.167943094337645534e-21,1.019531289277369950e-21,1.484118050602755839e-22,1.807193069540159568e-20,2.341200425272238109e-23,9.892431034725934769e-01,2.349621948036303629e-03,8.407274579372792100e-03
1.251050630841448979e-13,1.251050630841449021e+02,7.961287180288519144e-22,6.820226131435140856e-22,1.141061048853378288e-22,1.825083211544255519e-20,2.364204653280014220e-23,9.892430866004406909e-01,2.349622012470786118e-03,8.407291387091286872e-03
1.252268791144118421e-13,1.252268791144118438e+02,4.932199602540358957e-22,4.124690556966876786e-22,8.075090455734821720e-23,1.790819606071275429e-20,2.493833346473287275e-23,9.892430700711628555e-01,2.349622047324811600e-03,8.407307881515059880e-03
1.253486951446787864e-13,1.253486951446787856e+02,3.374781346709706056e-22,2.724453190467558066e-22,6.503281562421479902e-23,1.698971838066551432e-20,2.886755008127369370e-23,9.892430543990928804e-01,2.349622069920472619e-03,8.407323530989265978e-03
1.254705111749457053e-13,1.254705111749456989e+02,2.704504557339972323e-22,2.057826515151715182e-22,6.466780421882571413e-23,1.553296109959225489e-20,3.424463840141317029e-23,9.892430400655787270e-01,2.349622095503412899e-03,8.407337838920463449e-03
1.255923272052126495e-13,1.255923272052126549e+02,2.504754405751971192e-22,1.817526709101136276e-22,6.872276966508349157e-23,1.362603829658108446e-20,3.776434729716832881e-23,9.892430274807251234e-01,2.349622129060137572e-03,8.407350390217475586e-03
1.257141432354795938e-13,1.257141432354795967e+02,2.524019644148518549e-22,1.857416229323993685e-22,6.666034148245248636e-23,1.140738188941395030e-20,3.678317306029516417e-23,9.892430169369442750e-01,2.349622165539794975e-03,8.407360897518707799e-03
1.258359592657465380e-13,1.258359592657465384e+02,2.692388342444231908e-22,2.072447054247469157e-22,6.199412881967627515e-23,9.120317446436178972e-21,3.101758844765053078e-23,9.892430084996770567e-01,2.349622202640044063e-03,8.407369297685592796e-03
1.259577752960134570e-13,1.259577752960134518e+02,3.011165152613865483e-22,2.428640734635092238e-22,5.825244179787732450e-23,7.103076797187144915e-21,2.410092119471735619e-23,9.892430019202236302e-01,2.349622240597988576e-03,8.407375839181168917e-03
1.260795913262804012e-13,1.260795913262804078e+02,3.609303452503247330e-22,3.085456638046475040e-22,5.238468144567722901e-23,5.667256330248767105e-21,3.850343388595435697e-23,9.892429966664624263e-01,2.349622276108116400e-03,8.407381057431936172e-03
1.262014073565473454e-13,1.262014073565473495e+02,4.558730487794175468e-22,4.081803850382919442e-22,4.769266374112560254e-23,4.882545675074476895e-21,3.227026248516774464e-23,9.892429921392266179e-01,2.349622308764737297e-03,8.407385552011105087e-03
1.263232233868142896e-13,1.263232233868142913e+02,5.835624157529442284e-22,5.361447636828341588e-22,4.741765207011006959e-23,4.705540692395529497e-21,2.810552882696710610e-23,9.892429877762055623e-01,2.349622341273505111e-03,8.407389882523553723e-03
1.264450394170812086e-13,1.264450394170812046e+02,7.420602269741487420e-22,6.898996271074095960e-22,5.216059986673914600e-23,4.975005958926752709e-21,3.267460438178718919e-23,9.892429831626998737e-01,2.349622377254614695e-03,8.407394460048013898e-03
1.265668554473481528e-13,1.265668554473481464e+02,9.330565546444534897e-22,8.690884806061614784e-22,6.396807403829201124e-23,5.469276742236825122e-21,3.887732537248269194e-23,9.892429780858554844e-01,2.349622422709887921e-03,8.407399491437069286e-03
1.266886714776150970e-13,1.266886714776151024e+02,1.189063698057094622e-21,1.109574312806662268e-21,7.948938525043235325e-23,5.975219549606315906e-21,3.445934049348577738e-23,9.892429725321444378e-01,2.349622480922382208e-03,8.407404986935974184e-03
1.268104875078820413e-13,1.268104875078820442e+02,1.453031322403411426e-21,1.358220662206589166e-21,9.481066019682225989e-23,6.406246879733903090e-21,2.504998446061899311e-23,9.892429665706850006e-01,2.349622551852406649e-03,8.407410877465187893e-03
1.269323035381489602e-13,1.269323035381489575e+02,1.630773569909001533e-21,1.524557577070649989e-21,1.062159928383515435e-22,6.823575591244265968e-21,1.944574347900759242e-23,9.892429602168444358e-01,2.349622632079868909e-03,8.407417151078093107e-03
1.270541195684159045e-13,1.270541195684158993e+02,1.673945670351341399e-21,1.562513462661751742e-21,1.114322076895896565e-22,7.331851100670943733e-21,1.768577563310155180e-23,9.892429533914405271e-01,2.349622715949810717e-03,8.407423892612323271e-03
1.271759355986828487e-13,1.271759355986828552e+02,1.565156098022496611e-21,1.454111691709376879e-21,1.110444063131197315e-22,7.956939834803713733e-21,1.677692538697111067e-23,9.892429459907986500e-01,2.349622798332376330e-03,8.407431210871292582e-03
1.272977516289497677e-13,1.272977516289497686e+02,1.338466301448729685e-21,1.236963011045155273e-21,1.015032904035744118e-22,8.603981715760288498e-21,1.564125353692260974e-23,9.892429380020687502e-01,2.349622870932852308e-03,8.407439127000679996e-03
1.274195676592167119e-13,1.274195676592167104e+02,1.052013675245200330e-21,9.685419829765404723e-22,8.347169226865985756e-23,9.085368141188106962e-21,1.422606901426917862e-23,9.892429295847935400e-01,2.349622926354983602e-03,8.407447488853993928e-03
1.275413836894836561e-13,1.275413836894836521e+02,7.699028494742768210e-22,7.067803121433121143e-22,6.312253733096470671e-23,9.186631167581052473e-21,1.371585610981871023e-23,9.892429210905355763e-01,2.349622963265898899e-03,8.407455946201288638e-03
1.276631997197506003e-13,1.276631997197505939e+02,5.215131246984284818e-22,4.738193168129636386e-22,4.769380788546484319e-23,8.772603022879438106e-21,1.538713367588124668e-23,9.892429129886570749e-01,2.349622987288332680e-03,8.407464024057247423e-03
1.277850157500175193e-13,1.277850157500175214e+02,3.192219087036163663e-22,2.811092134581123751e-22,3.811269524550399124e-23,7.885282128609207403e-21,1.888581926393185072e-23,9.892429057091832734e-01,2.349623004787752996e-03,8.407471286031755267e-03
1.279068317802844635e-13,1.279068317802844632e+02,1.931128429837241790e-22,1.599588429273965639e-22,3.315400005632761508e-23,6.723650889698918576e-21,2.146978629632084725e-23,9.892428995006954384e-01,2.349623020491269174e-03,8.407477478816089214e-03
1.280286478105514077e-13,1.280286478105514050e+02,1.169463670425969720e-22,8.765189873667996965e-23,2.929446830591700238e-23,5.513293062933180070e-21,2.079987553779496932e-23,9.892428944074553865e-01,2.349623035417437548e-03,8.407482557129874329e-03
1.281504638408183519e-13,1.281504638408183609e+02,6.954341331800248443e-23,4.617164038864884478e-23,2.337177292935363965e-23,4.412330546594267839e-21,1.813661216221135086e-23,9.892428903311242250e-01,2.349623047347814374e-03,8.407486621531004220e-03
1.282722798710852709e-13,1.282722798710852601e+02,4.734818497734349032e-23,3.043259008558415057e-23,1.691559489175933975e-23,3.520514629726609983e-21,1.618092985761853531e-23,9.892428870802248975e-01,2.349623055275158051e-03,8.407489864502919533e-03
1.283940959013522151e-13,1.283940959013522161e+02,4.737446168971651632e-23,3.421823106236674299e-23,1.315623062734977334e-23,2.901769114360436234e-21,1.491392531858561408e-23,9.892428844014989897e-01,2.349623061060406633e-03,8.407492537443416944e-03
1.285159119316191594e-13,1.285159119316191720e+02,5.377630379887467166e-23,4.386997326797060129e-23,9.906330530904070363e-24,2.562631108609842487e-21,1.579183628273752675e-23,9.892428820375538390e-01,2.349623064552597111e-03,8.407494897896491265e-03
1.286377279618861036e-13,1.286377279618860996e+02,8.057223160998610437e-23,7.336147281686680745e-23,7.210758793119296921e-24,2.438946123737146745e-21,1.898654855473530223e-23,9.892428797900579829e-01,2.349623065751891681e-03,8.407497144193079239e-03
1.287595439921530226e-13,1.287595439921530271e+02,1.334037710946311453e-22,1.258505933304002828e-22,7.553177764230862541e-24,2.453199523645634438e-21,2.172061662296886610e-23,9.892428775296719934e-01,2.349623067122875303e-03,8.407499403208194833e-03
1.288813600224199668e-13,1.288813600224199547e+02,1.753530710522113749e-22,1.643667845866864872e-22,1.098628646552488771e-23,2.576457025268306198e-21,2.024477346451431877e-23,9.892428751532315045e-01,2.349623071322849005e-03,8.407501775448959769e-03
1.290031760526869110e-13,1.290031760526869107e+02,1.845448055465023960e-22,1.689635772249788542e-22,1.558122832152354181e-23,2.817772066548652535e-21,1.563879190039351912e-23,9.892428725508239928e-01,2.349623079245038819e-03,8.407504369934029262e-03
1.291249920829538552e-13,1.291249920829538667e+02,1.670076115121217033e-22,1.463726186691223884e-22,2.063499284299931486e-23,3.158802223758973339e-21,1.146193005887905382e-23,9.892428696301100999e-01,2.349623091156401340e-03,8.407507278736641235e-03
1.292468081132207742e-13,1.292468081132207658e+02,1.534109018406916560e-22,1.214044566708652961e-22,3.200644516982635992e-23,3.521780498567348926e-21,9.397926633127306652e-24,9.892428663650868481e-01,2.349623112870061290e-03,8.407510522046142409e-03
1.293686241434877184e-13,1.293686241434877218e+02,1.485872999821470392e-22,1.032003111719934967e-22,4.538698881015354250e-23,3.810058214657449966e-21,9.310373744187088466e-24,9.892428628226317411e-01,2.349623146396544963e-03,8.407514030974672092e-03
1.294904401737546626e-13,1.294904401737546493e+02,1.518861988314551375e-22,9.638108405414932534e-23,5.550511477730581220e-23,3.978266193102756400e-21,1.021372686569719153e-23,9.892428591162114593e-01,2.349623188949183459e-03,8.407517694842230396e-03
1.296122562040215816e-13,1.296122562040215769e+02,1.827001816398355695e-22,1.215874488765758072e-22,6.111273276325976231e-23,4.058517562896697150e-21,1.201743858768138039e-23,9.892428553311315431e-01,2.349623236469295870e-03,8.407521432402174227e-03
1.297340722342885258e-13,1.297340722342885329e+02,2.525465134527850848e-22,1.884981237726462838e-22,6.404838968013880102e-23,4.103249498268922886e-21,1.282887003840602378e-23,9.892428515029095815e-01,2.349623286466746060e-03,8.407525210626657503e-03
1.298558882645554700e-13,1.298558882645554604e+02,3.502085905775998240e-22,2.879691981873472488e-22,6.223939239025257514e-23,4.112463065253851702e-21,1.044981855388884347e-23,9.892428476688762684e-01,2.349623334550183032e-03,8.407528996576417793e-03
1.299777042948224143e-13,1.299777042948224164e+02,3.943031193019889228e-22,3.386953140697982154e-22,5.560780523219070745e-23,4.032443533245531790e-21,6.814379578124094570e-24,9.892428439149898445e-01,2.349623376550765731e-03,8.407532708462187032e-03
1.300995203250893332e-13,1.300995203250893439e+02,3.266802060510586229e-22,2.801782758994533413e-22,4.650193015160528153e-23,3.813219194799651152e-21,6.476887057638183153e-24,9.892428403703740214e-01,2.349623410717443031e-03,8.407536218911533174e-03
1.302213363553562775e-13,1.302213363553562715e+02,2.039125968857955288e-22,1.689016747799767419e-22,3.501092210581878695e-23,3.443850869860381468e-21,8.117848495267166093e-24,9.892428371746886384e-01,2.349623435282377319e-03,8.407539390032192639e-03
1.303431523856232217e-13,1.303431523856232275e+02,6.969994679783317979e-23,4.703661623880873955e-23,2.266333055902444024e-23,2.956502124573137699e-21,8.424470067397197951e-24,9.892428344370491899e-01,2.349623449732267388e-03,8.407542113221854255e-03
1.304649684158901659e-13,1.304649684158901550e+02,1.053258948950445237e-23,1.621347587107290692e-25,1.037045473079372369e-23,2.424568160738947170e-21,7.702807852331313495e-24,9.892428321991323381e-01,2.349623454051455191e-03,8.407544346819341777e-03
1.305867844461570849e-13,1.305867844461570826e+02,4.526135483849633989e-24,1.415553056759533224e-26,4.511979953282038760e-24,1.948247785548627712e-21,7.530241626040390666e-24,9.892428304043782150e-01,2.349623453980563114e-03,8.407546141644491391e-03
1.307086004764240291e-13,1.307086004764240386e+02,4.166475792002468726e-24,6.137544134574782000e-25,3.552721378544990435e-24,1.609465724216438359e-21,7.207969227775157161e-24,9.892428289218814230e-01,2.349623453758785657e-03,8.407547624363000127e-03
1.308304165066909733e-13,1.308304165066909661e+02,7.521902813524324327e-24,3.486652111185488119e-24,4.035250702338836208e-24,1.439617890145424651e-21,1.275900623736501644e-23,9.892428275950747585e-01,2.349623454348767713e-03,8.407548950579728578e-03
1.309522325369579175e-13,1.309522325369579221e+02,4.979614827714602825e-24,2.036243228844788388e-24,2.943371598869814436e-24,1.410203612342393000e-21,2.114490573391881848e-23,9.892428262962912333e-01,2.349623453994067069e-03,8.407550249717846841e-03
1.310740485672248365e-13,1.310740485672248496e+02,1.534931858265274538e-24,3.259707905952537895e-25,1.208961067670020703e-24,1.456822363005862665e-21,1.398918978561053044e-23,9.892428249562380538e-01,2.349623451933710409e-03,8.407551591831282853e-03
1.311958645974917807e-13,1.311958645974917772e+02,8.325863821537415901e-25,0.000000000000000000e+00,8.325863821537415901e-25,1.547503487640219088e-21,1.389175390605440454e-23,9.892428235331839348e-01,2.349623449327249355e-03,8.407553017491919273e-03
1.313176806277587250e-13,1.313176806277587332e+02,7.804673005662478435e-25,0.000000000000000000e+00,7.804673005662478435e-25,1.625431387710516963e-21,1.034013783150823441e-23,9.892428220385549587e-01,2.349623446502363631e-03,8.407554514945524832e-03
1.314394966580256692e-13,1.314394966580256607e+02,3.303138986193641408e-24,2.398727448774890392e-24,9.044115374187510157e-25,1.693222726119237623e-21,7.492257011681608385e-24,9.892428204815304493e-01,2.349623443639137482e-03,8.407556074833488421e-03
1.315613126882925882e-13,1.315613126882925883e+02,1.443572462023610400e-23,1.302329964482943244e-23,1.412424975406671568e-24,1.790555974842577096e-21,6.639695576012507678e-24,9.892428188346872320e-01,2.349623441011116851e-03,8.407557724304598468e-03
1.316831287185595324e-13,1.316831287185595443e+02,4.454869697535440158e-23,4.116680306862702264e-23,3.381893906727378938e-24,1.931263245403052788e-21,8.211583270121226677e-24,9.892428170569934620e-01,2.349623439839992455e-03,8.407559503169740461e-03
1.318049447488264766e-13,1.318049447488264718e+02,8.689347109181921066e-23,8.145560534286638872e-23,5.437865748952821942e-24,2.077540826271700085e-21,1.298743867239262755e-23,9.892428151433707573e-01,2.349623440167271024e-03,8.407561416465120230e-03
1.319267607790934208e-13,1.319267607790934278e+02,1.005171423805580373e-22,8.975019798202820353e-23,1.076694439852983381e-23,2.200082096324119054e-21,2.035572395359660471e-23,9.892428131123068846e-01,2.349623445148444050e-03,8.407563442547554000e-03
1.320485768093603398e-13,1.320485768093603269e+02,7.175804264613642208e-23,5.729205972191572969e-23,1.446598292422069239e-23,2.319449585995543002e-21,2.530533506882745903e-23,9.892428109678101933e-01,2.349623453368524916e-03,8.407565578824204369e-03
1.321703928396272840e-13,1.321703928396272829e+02,4.780227674598715675e-23,3.156993434497423582e-23,1.623234240101292093e-23,2.450209148783443992e-21,2.005049927167803344e-23,9.892428087012538063e-01,2.349623462996544218e-03,8.407567835752709565e-03
1.322922088698942282e-13,1.322922088698942389e+02,3.939343188123464315e-23,2.026563090598405270e-23,1.912780097525059045e-23,2.549497362873016041e-21,1.190594561025184227e-23,9.892428063406688565e-01,2.349623475116288662e-03,8.407570184218051898e-03
1.324140249001611472e-13,1.324140249001611380e+02,3.824854807973079305e-23,1.483491574482746628e-23,2.341363233490332677e-23,2.529077470076507417e-21,7.076245158886717498e-24,9.892428039948580887e-01,2.349623491264989962e-03,8.407572513880107179e-03
1.325358409304280914e-13,1.325358409304280940e+02,4.865947576491845351e-23,2.632753450712478537e-23,2.233194125779366813e-23,2.333114079723762683e-21,5.716697719294509920e-24,9.892428018302635850e-01,2.349623506813772276e-03,8.407574662925822867e-03
1.326576569606950356e-13,1.326576569606950216e+02,5.046242799004803295e-23,3.055502546156419930e-23,1.990740252848383364e-23,1.983363842618464215e-21,5.310886472147065719e-24,9.892427999893903534e-01,2.349623520869529268e-03,8.407576489743374265e-03
1.327794729909619799e-13,1.327794729909619775e+02,3.343275614758440032e-23,1.698639454801666068e-23,1.644636159956773963e-23,1.576019585053802009e-21,5.953581407909341638e-24,9.892427985259467649e-01,2.349623532636103528e-03,8.407577941420286624e-03
1.329012890212288988e-13,1.329012890212289051e+02,2.312409840919640644e-23,1.080985906518655892e-23,1.231423934400984752e-23,1.239482660718659394e-21,6.974814866983724962e-24,9.892427973755457682e-01,2.349623541320764591e-03,8.407579083136667783e-03
1.330231050514958431e-13,1.330231050514958326e+02,9.686118667520997128e-24,7.491278353094611099e-25,8.936990832211535743e-24,1.058859685608112494e-21,6.089459502626287347e-24,9.892427963941563540e-01,2.349623547291323708e-03,8.407580058555659888e-03
1.331449210817627873e-13,1.331449210817627886e+02,2.947066239516097113e-24,3.835231341312391696e-25,2.563543105384857943e-24,1.019898534967883520e-21,7.149003551981060204e-24,9.892427954544297242e-01,2.349623547440201146e-03,8.407580998133589237e-03
1.332667371120297315e-13,1.332667371120297446e+02,2.403035762767542477e-24,1.359361307433570740e-25,2.267099632024185242e-24,1.034932247007282789e-21,1.501448148099100291e-23,9.892427945011554868e-01,2.349623547282026891e-03,8.407581951565858136e-03
1.333885531422966505e-13,1.333885531422966437e+02,2.726506471598377124e-24,0.000000000000000000e+00,2.726506471598377124e-24,1.029448004170829942e-21,2.233101038964650200e-23,9.892427935524983340e-01,2.349623547561944907e-03,8.407582899943137622e-03
1.335103691725635947e-13,1.335103691725635997e+02,1.665424161239229722e-24,0.000000000000000000e+00,1.665424161239229722e-24,9.993285629605112618e-22,2.042671648783533233e-23,9.892427926324987020e-01,2.349623546924098794e-03,8.407583820580591047e-03
1.336321852028305389e-13,1.336321852028305273e+02,5.527076025315623387e-25,0.000000000000000000e+00,5.527076025315623387e-25,9.877527001087033058e-22,1.150361579929239043e-23,9.892427917241609636e-01,2.349623545280148627e-03,8.407584730562253986e-03
1.337540012330974831e-13,1.337540012330974832e+02,3.161264403783709949e-25,0.000000000000000000e+00,3.161264403783709949e-25,1.051392886085575586e-21,7.022768013903981777e-24,9.892427907575498391e-01,2.349623543277985869e-03,8.407585699175495683e-03
1.338758172633644021e-13,1.338758172633644108e+02,3.406367004922819317e-25,0.000000000000000000e+00,3.406367004922819317e-25,1.232018794537556285e-21,5.190423077409859071e-24,9.892427896249054164e-01,2.349623540904237536e-03,8.407586834193597758e-03
1.339976332936313463e-13,1.339976332936313383e+02,3.652575567712048515e-25,0.000000000000000000e+00,3.652575567712048515e-25,1.536089403650672844e-21,5.841171603380356033e-24,9.892427882127715622e-01,2.349623537889527960e-03,8.407588249342342474e-03
1.341194493238982905e-13,1.341194493238982943e+02,3.319378000686141287e-25,0.000000000000000000e+00,3.319378000686141287e-25,1.891673245099804074e-21,1.137621358164752752e-23,9.892427864738558840e-01,2.349623534067697955e-03,8.407589992079722227e-03
1.342412653541652348e-13,1.342412653541652219e+02,4.308043329653591851e-24,4.026068203135541514e-24,2.819751265180503366e-25,2.176374785206869560e-21,2.056906001440194663e-23,9.892427844733613362e-01,2.349623529569268982e-03,8.407591997072748000e-03
1.343630813844321537e-13,1.343630813844321494e+02,3.150896086134141902e-23,3.122260588434900947e-23,2.863549769924095552e-25,2.314930029991886136e-21,3.063610024849670556e-23,9.892427823457902170e-01,2.349623524713065001e-03,8.407594129499942892e-03
1.344848974146990980e-13,1.344848974146991054e+02,6.129956726312610250e-23,6.092600280912988770e-23,3.735644539962147957e-25,2.315018978736446833e-21,3.019642850599682127e-23,9.892427802183541008e-01,2.349623519872658280e-03,8.407596261776367763e-03
1.346067134449660422e-13,1.346067134449660330e+02,7.563374431705388966e-23,7.235125882879618530e-23,3.282485488257704362e-24,2.239003673048350503e-21,1.731458243894718615e-23,9.892427781582233681e-01,2.349623517869523209e-03,8.407598323910272370e-03
1.347285294752329612e-13,1.347285294752329605e+02,4.101839902041774516e-23,3.783706829435927474e-23,3.181330726058470422e-24,2.148910324783334237e-21,8.766712411522368873e-24,9.892427761806443787e-01,2.349623516044644853e-03,8.407600303314352250e-03
1.348503455054999054e-13,1.348503455054999165e+02,2.222587990239143721e-23,1.746926258325941920e-23,4.756617319132018010e-24,2.046800425072483790e-21,6.806546573301235825e-24,9.892427742952616398e-01,2.349623515947262681e-03,8.407602188794532222e-03
1.349721615357668496e-13,1.349721615357668441e+02,1.739801218145958640e-23,1.510052088519925390e-23,2.297491296260332502e-24,1.897247635172323252e-21,6.534229712945678408e-24,9.892427725495670510e-01,2.349623513902166384e-03,8.407603936534066916e-03
1.350939775660337938e-13,1.350939775660338000e+02,4.462163476155974608e-23,2.842524415285421322e-23,1.619639060870553286e-23,1.685842570395105098e-21,6.243456776241317218e-24,9.892427709855310392e-01,2.349623525172330439e-03,8.407605489300010518e-03
1.352157935963007128e-13,1.352157935963006992e+02,6.409019415263354280e-23,1.500818746829054578e-23,4.908200668434299702e-23,1.458860692343551707e-21,6.572436891229792137e-24,9.892427695997519921e-01,2.349623567448872515e-03,8.407606832802505537e-03
1.353376096265676570e-13,1.353376096265676551e+02,4.262800942347489879e-23,5.122042320612249168e-24,3.750596710286265109e-23,1.286956567601659911e-21,5.739707775228615845e-24,9.892427683825082418e-01,2.349623599392460047e-03,8.407608018102705541e-03
1.354594256568346012e-13,1.354594256568346111e+02,2.890922426817994860e-23,1.425725944123411143e-23,1.465196482694583717e-23,1.186748761217641267e-21,3.928730405958526239e-24,9.892427672784599446e-01,2.349623610351543948e-03,8.407609111191720677e-03
1.355812416871015455e-13,1.355812416871015387e+02,8.191692776360179185e-23,7.385043595502382567e-23,8.066491808577966183e-24,1.101149369803549677e-21,3.749532401062477895e-24,9.892427662597331750e-01,2.349623615263341913e-03,8.407610125006606885e-03
1.357030577173684644e-13,1.357030577173684662e+02,7.297370869989627625e-23,6.762354847017193121e-23,5.350160229724345042e-24,9.759530282356086526e-22,6.916867821116674841e-24,9.892427653585073033e-01,2.349623617944275079e-03,8.407611023551843366e-03
1.358248737476354086e-13,1.358248737476354222e+02,4.913040986281468912e-23,4.413270383739893104e-23,4.997706025415758077e-24,8.291387939527310360e-22,9.301263383003991138e-24,9.892427645923053126e-01,2.349623620670293275e-03,8.407611787027926067e-03
1.359466897779023529e-13,1.359466897779023498e+02,5.182732389876880650e-24,3.244805357803376636e-25,4.858251854096543170e-24,7.450971706151002740e-22,1.237765938598464836e-23,9.892427639030350051e-01,2.349623623546146910e-03,8.407612473422356944e-03
1.360685058081692971e-13,1.360685058081693057e+02,2.804763846560161871e-24,0.000000000000000000e+00,2.804763846560161871e-24,7.914650789185001680e-22,5.980733150678118160e-24,9.892427631730326132e-01,2.349623624418115207e-03,8.407613202552675566e-03
1.361903218384362161e-13,1.361903218384362049e+02,5.487670904147993418e-25,0.000000000000000000e+00,5.487670904147993418e-25,1.009108042838599017e-21,4.547435079633071921e-24,9.892427622450713498e-01,2.349623622723894054e-03,8.407614132208328372e-03
1.363121378687031603e-13,1.363121378687031608e+02,0.000000000000000000e+00,0.000000000000000000e+00,0.000000000000000000e+00,1.350395974647712159e-21,3.803511540531271392e-24,9.892427610039412622e-01,2.349623619775994317e-03,8.407615376286250650e-03
1.364339538989701045e-13,1.364339538989701168e+02,0.000000000000000000e+00,0.000000000000000000e+00,0.000000000000000000e+00,1.716864734540275100e-21,5.616095925929186255e-24,9.892427594259949331e-01,2.349623616028097359e-03,8.407616957980470693e-03
1.365557699292370487e-13,1.365557699292370444e+02,0.000000000000000000e+00,0.000000000000000000e+00,0.000000000000000000e+00,2.013085614492019970e-21,1.262118443790911809e-23,9.892427575757962721e-01,2.349623611633554036e-03,8.407618812573791622e-03
1.366775859595039677e-13,1.366775859595039719e+02,0.000000000000000000e+00,0.000000000000000000e+00,0.000000000000000000e+00,2.206363466026313487e-21,2.124197342810294093e-23,9.892427555479584855e-01,2.349623606817086499e-03,8.407620845227991094e-03
1.367994019897709119e-13,1.367994019897708995e+02,0.000000000000000000e+00,0.000000000000000000e+00,0.000000000000000000e+00,2.341315024894625525e-21,2.852571020926928747e-23,9.892427533960886921e-01,2.349623601706021282e-03,8.407623002208864521e-03
1.369212180200378561e-13,1.369212180200378555e+02,2.769695795328251700e-24,2.769695795328251700e-24,0.000000000000000000e+00,2.485497391474746321e-21,2.640088068525783528e-23,9.892427511117305450e-01,2.349623596274161893e-03,8.407625291998835002e-03
1.370430340503047751e-13,1.370430340503047830e+02,1.167293290369317171e-23,1.167293290369317024e-23,1.469367938527859385e-39,2.691022682992883085e-21,1.820496364340731883e-23,9.892427486385660940e-01,2.349623590374206455e-03,8.407627771063316477e-03
1.371648500805717193e-13,1.371648500805717106e+02,2.078732256427072421e-23,2.078596302461532829e-23,1.359539655395917985e-27,2.944858552947669657e-21,1.242972604405654008e-23,9.892427459321944117e-01,2.349623583901496934e-03,8.407630483907696170e-03
1.372866661108386636e-13,1.372866661108386666e+02,4.131858897952197192e-23,3.980157009362076433e-23,1.517018885901207582e-24,3.140905110895322155e-21,1.083369271745243970e-23,9.892427430444359349e-01,2.349623578364169827e-03,8.407633377203288863e-03
1.374084821411056078e-13,1.374084821411055941e+02,4.371657923155344669e-23,4.141917372786717896e-23,2.297405503686267732e-24,3.143933825977397833e-21,1.298779009938154139e-23,9.892427401531931341e-01,2.349623573540038281e-03,8.407636273270395477e-03
1.375302981713725268e-13,1.375302981713725217e+02,3.690185340352355440e-23,3.654306171157327294e-23,3.587916919502814628e-25,2.906164132965918419e-21,1.703665984262877043e-23,9.892427374822138075e-01,2.349623567448703813e-03,8.407638950340886111e-03
1.376521142016394710e-13,1.376521142016394776e+02,2.823842319046599651e-23,2.404437875521547530e-23,4.194044435250521216e-24,2.511632041247398001e-21,1.748716433776972370e-23,9.892427351701936766e-01,2.349623565800799344e-03,8.407641264008877680e-03
1.377739302319064152e-13,1.377739302319064052e+02,3.234948821794414709e-23,2.669168462123880077e-23,5.657803596705346315e-24,2.094170041523450380e-21,1.038137031106896170e-23,9.892427332405382412e-01,2.349623566415184189e-03,8.407643193049974678e-03
1.378957462621733594e-13,1.378957462621733612e+02,5.201809063083488006e-23,3.129354191556021916e-23,2.072454871527466090e-23,1.735513002508762838e-21,5.565214325152621398e-24,9.892427316267177195e-01,2.349623581767793130e-03,8.407644791517841429e-03
1.380175622924402784e-13,1.380175622924402887e+02,7.396983725414893740e-23,1.149971524134572526e-23,6.247012201280320774e-23,1.427944670469533003e-21,6.155976693560432052e-24,9.892427302570134806e-01,2.349623636528889829e-03,8.407646106461082527e-03
1.381393783227072226e-13,1.381393783227072163e+02,4.651621860655961558e-23,1.204082144123075835e-23,3.447539716532885723e-23,1.137150575451690260e-21,7.587037003995426843e-24,9.892427291803088663e-01,2.349623665975371107e-03,8.407647153719211702e-03
1.382611943529741668e-13,1.382611943529741723e+02,6.090540500908228049e-23,4.443543130951983026e-23,1.646997369956245023e-23,8.752457879500043470e-22,1.034606728967028867e-23,9.892427283611895383e-01,2.349623679233690896e-03,8.407647959580195549e-03
1.383830103832411110e-13,1.383830103832410998e+02,1.559138668408922343e-22,1.474292956511029167e-22,8.484571189789317632e-24,7.103544648942130918e-22,1.079840709255454061e-23,9.892427277019882892e-01,2.349623685225484763e-03,8.407648612789782663e-03
1.385048264135080300e-13,1.385048264135080274e+02,4.877186573348486389e-23,4.575908610380028789e-23,3.012779629684576006e-24,7.341886633004292574e-22,4.717384851047388226e-24,9.892427270248940196e-01,2.349623686315404584e-03,8.407649288794000544e-03
1.386266424437749742e-13,1.386266424437749833e+02,9.757463814610931506e-25,5.010307943757731582e-26,9.256433020235157946e-25,9.936389862502365426e-22,3.230931420911473581e-24,9.892427261108039938e-01,2.349623685004168308e-03,8.407650204195088808e-03
1.387484584740419185e-13,1.387484584740419109e+02,1.855364663608522764e-25,0.000000000000000000e+00,1.855364663608522764e-25,1.411664804288805915e-21,3.452372286756030640e-24,9.892427248131923090e-01,2.349623682094492769e-03,8.407651504716539756e-03
1.388702745043088627e-13,1.388702745043088669e+02,3.851849778126701081e-26,0.000000000000000000e+00,3.851849778126701081e-26,1.875954780083608468e-21,9.308506012829114029e-24,9.892427230889931922e-01,2.349623678035006515e-03,8.407653232975051752e-03
1.389920905345757817e-13,1.389920905345757944e+02,0.000000000000000000e+00,0.000000000000000000e+00,0.000000000000000000e+00,2.335889085141712713e-21,1.221945241885500545e-23,9.892427209421104095e-01,2.349623672935786424e-03,8.407655384957033254e-03
1.391139065648427259e-13,1.391139065648427220e+02,0.000000000000000000e+00,0.000000000000000000e+00,0.000000000000000000e+00,2.842765195838686406e-21,1.312299241073054027e-23,9.892427183293649451e-01,2.349623666730060820e-03,8.407658003908203767e-03
1.392357225951096701e-13,1.392357225951096780e+02,0.000000000000000000e+00,0.000000000000000000e+00,0.000000000000000000e+00,3.453660376237929108e-21,1.042389578066897959e-23,9.892427151551544950e-01,2.349623659190758305e-03,8.407661185658088163e-03
1.393575386253765891e-13,1.393575386253765771e+02,0.000000000000000000e+00,0.000000000000000000e+00,0.000000000000000000e+00,4.173034077634458274e-21,7.131796550994974987e-24,9.892427113197775901e-01,2.349623650081070908e-03,8.407665030144560389e-03
1.394793546556435333e-13,1.394793546556435331e+02,1.965467885605978699e-24,1.965467885605978699e-24,0.000000000000000000e+00,4.940266144044671349e-21,4.929451330137736013e-24,9.892427067792685103e-01,2.349623639292233637e-03,8.407669581442673082e-03
1.396011706859104775e-13,1.396011706859104891e+02,8.734960894183066588e-24,8.734960894183065119e-24,1.469367938527859385e-39,5.634611570829069050e-21,4.548091130107555127e-24,9.892427016006638540e-01,2.349623626972870659e-03,8.407674772366695304e-03
1.397229867161774217e-13,1.397229867161774166e+02,1.676835146328167698e-23,1.676835146328167992e-23,0.000000000000000000e+00,6.106862649167205941e-21,6.813020783304439902e-24,9.892426959880999959e-01,2.349623613605051221e-03,8.407680398298117419e-03
1.398448027464443407e-13,1.398448027464443442e+02,3.099873908358326996e-23,3.068068701036665311e-23,3.180520732166168505e-25,6.276374685165837096e-21,1.396637696975205072e-23,9.892426902195872174e-01,2.349623600131621817e-03,8.407686180284477603e-03
1.399666187767112849e-13,1.399666187767112717e+02,4.478285573816716570e-23,4.181226281429228963e-23,2.970592923874876070e-24,6.203134097175048277e-21,2.460342498377949035e-23,9.892426845160621207e-01,2.349623589252407621e-03,8.407691894688824885e-03
1.400884348069782291e-13,1.400884348069782277e+02,3.319275581254964727e-23,3.185927492064922432e-23,1.333480891900422946e-24,6.020293552692085778e-21,2.531114170005391362e-23,9.892426789819881439e-01,2.349623577276624842e-03,8.407697440738345560e-03
1.402102508372451734e-13,1.402102508372451837e+02,2.179954014500377018e-23,2.171372875545535617e-23,8.581138954841400968e-26,5.810675986591925628e-21,1.310482423319541427e-23,9.892426736416163324e-01,2.349623564624121665e-03,8.407702793762676652e-03
1.403320668675120923e-13,1.403320668675120828e+02,1.784761715133714241e-23,1.766176422113533205e-23,1.858529302018103637e-25,5.542624179822008115e-21,4.613428873059459103e-24,9.892426685474746684e-01,2.349623552658345639e-03,8.407707899870050378e-03
1.404538828977790366e-13,1.404538828977790388e+02,5.416882464726160351e-23,5.291008053968494426e-23,1.258744107576659249e-24,5.093542902000591950e-21,4.114983728258146671e-24,9.892426638654435722e-01,2.349623542590423015e-03,8.407712591969082605e-03
1.405756989280459808e-13,1.405756989280459948e+02,9.151296534301833998e-23,7.800277511182336184e-23,1.351019023119497814e-23,4.367755917989814118e-21,4.433157328015610871e-24,9.892426598394639115e-01,2.349623545407940502e-03,8.407716615131463969e-03
1.406975149583129250e-13,1.406975149583129223e+02,1.500242134945627225e-22,4.269414362383871215e-23,1.073300698707240162e-22,3.416416597244502351e-21,4.500463824913823951e-24,9.892426566012648692e-01,2.349623637340685772e-03,8.407719761397531091e-03
1.408193309885798440e-13,1.408193309885798499e+02,1.349083985249653129e-22,4.251992511215169316e-23,9.238847341281361977e-23,2.451947735999705831e-21,5.514451222796464316e-24,9.892426542632265507e-01,2.349623717529911691e-03,8.407722019246607198e-03
1.409411470188467882e-13,1.409411470188467774e+02,1.215422157806284753e-22,8.284902607172725850e-23,3.869318970890121683e-23,1.724828590047950473e-21,6.472249473609479560e-24,9.892426526432267497e-01,2.349623749448381729e-03,8.407723607327912546e-03
1.410629630491137324e-13,1.410629630491137334e+02,2.853549030886113858e-22,2.715553084505482940e-22,1.379959463806309175e-23,1.348585728480395800e-21,6.902124556710599620e-24,9.892426513937919719e-01,2.349623758702438017e-03,8.407724847508802821e-03
1.411847790793806766e-13,1.411847790793806894e+02,3.351296592855997672e-22,3.283627919636939485e-22,6.766867321905818670e-24,1.255368999099889516e-21,7.666952133534846125e-24,9.892426502370625929e-01,2.349623761517359924e-03,8.407726001423211290e-03
1.413065951096475956e-13,1.413065951096475885e+02,2.468964844067089595e-24,8.645912023494543628e-26,2.382505723832144124e-24,1.342032642411686512e-21,9.920221146107524950e-24,9.892426490014304408e-01,2.349623760795866313e-03,8.407727237776685750e-03
1.414284111399145398e-13,1.414284111399145445e+02,7.204261590028343809e-25,0.000000000000000000e+00,7.204261590028343809e-25,1.634457665197361973e-21,1.481552982248421515e-23,9.892426474985615004e-01,2.349623757895624200e-03,8.407728743545858294e-03
1.415502271701814841e-13,1.415502271701814720e+02,6.717504572202581794e-26,0.000000000000000000e+00,6.717504572202581794e-26,2.279928816281996215e-21,1.012808345343178579e-23,9.892426454030497363e-01,2.349623752980829500e-03,8.407730843972538101e-03
1.416720432004484030e-13,1.416720432004483996e+02,6.148543030366692017e-26,6.148543030366692017e-26,0.000000000000000000e+00,3.450973671141112243e-21,3.088236150712117843e-24,9.892426422313095324e-01,2.349623745447257644e-03,8.407734023246293820e-03
1.417938592307153473e-13,1.417938592307153556e+02,1.100079046678662833e-24,1.100079046678662833e-24,0.000000000000000000e+00,5.187874473494621951e-21,9.065933160824067489e-25,9.892426374632189434e-01,2.349623734119783963e-03,8.407738802664346117e-03
1.419156752609822915e-13,1.419156752609822831e+02,3.217994986445608650e-24,3.217994986445608650e-24,0.000000000000000000e+00,7.323363031773970509e-21,2.231991156187697496e-24,9.892426307324524437e-01,2.349623718125938825e-03,8.407745549424654533e-03
1.420374912912492357e-13,1.420374912912492391e+02,6.765303535056939323e-24,6.765303535056939323e-24,0.000000000000000000e+00,9.535722339547386809e-21,3.988218817495768948e-25,9.892426219683736477e-01,2.349623697294794724e-03,8.407754334334591184e-03
1.421593073215161547e-13,1.421593073215161667e+02,1.209630445736606862e-23,1.209630445736606862e-23,0.000000000000000000e+00,1.153520342168143076e-20,5.411484480997555342e-25,9.892426113666538123e-01,2.349623672087167939e-03,8.407764961262068071e-03
1.422811233517830989e-13,1.422811233517830942e+02,1.798367446232959504e-23,1.798367446232959504e-23,0.000000000000000000e+00,1.321632159680653987e-20,3.869132140314547307e-24,9.892425992199013196e-01,2.349623643196828600e-03,8.407777136904850263e-03
1.424029393820500431e-13,1.424029393820500502e+02,2.221916606781239537e-23,2.129547221695878457e-23,9.236938508536108048e-25,1.466075372799611378e-20,1.090611805704793382e-23,9.892425857447765258e-01,2.349623612002249996e-03,8.407790643224291594e-03
1.425247554123169873e-13,1.425247554123169778e+02,2.173468966543617572e-23,1.964247294837137739e-23,2.092216717064798331e-24,1.595882146624048775e-20,1.384396214976470973e-23,9.892425710755261559e-01,2.349623579060714645e-03,8.407805345416227705e-03
1.426465714425839063e-13,1.426465714425839053e+02,1.483719826225432860e-23,1.286904158889397199e-23,1.968156673360356609e-24,1.705730263504315105e-20,1.113010955140485450e-23,9.892425553967243435e-01,2.349623543621003150e-03,8.407821059657812762e-03
1.427683874728508505e-13,1.427683874728508613e+02,7.030683447001816395e-24,6.949507440839960527e-24,8.117600616185586771e-26,1.773811802066943498e-20,9.468695456571621626e-24,9.892425390938703877e-01,2.349623504958966470e-03,8.407837401173692826e-03
1.428902035031177947e-13,1.428902035031177888e+02,8.456768202528246455e-24,8.446228257352908280e-24,1.053994517533817514e-26,1.771904435781213352e-20,8.104272127481218287e-24,9.892425228086273448e-01,2.349623466269828639e-03,8.407853725105928280e-03
1.430120195333847390e-13,1.430120195333847448e+02,4.355373644028690245e-23,4.355373644028690245e-23,0.000000000000000000e+00,1.684344731187220207e-20,7.040714116132909045e-24,9.892425073284938364e-01,2.349623429405701437e-03,8.407869242103479732e-03
1.431338355636516579e-13,1.431338355636516440e+02,8.548124396420655700e-23,8.546752465666151259e-23,1.371930754504440583e-26,1.521886816455008293e-20,5.836106425009986754e-24,9.892424933418944022e-01,2.349623396009231820e-03,8.407883262099466806e-03
1.432556515939186022e-13,1.432556515939185999e+02,1.348144867476614457e-22,7.844850494609739017e-23,5.636598180156405556e-23,1.318659041668191910e-20,4.857913883392010689e-24,9.892424811712694499e-01,2.349623419297271285e-03,8.407895409436302869e-03
1.433774676241855464e-13,1.433774676241855559e+02,2.027771509276564105e-22,4.287363931071145335e-23,1.599035116169449513e-22,1.109600489980878384e-20,3.371553969197786811e-24,9.892424708265561417e-01,2.349623543195326295e-03,8.407905630251491860e-03
1.434992836544524906e-13,1.434992836544524835e+02,1.325440001163567206e-22,6.474135546651431116e-23,6.780264464984240946e-23,9.085529931457195455e-21,3.408926813742063490e-24,9.892424624145086387e-01,2.349623586066462190e-03,8.407913999428001661e-03
1.436210996847194096e-13,1.436210996847194110e+02,1.627743178616470940e-22,1.478618194249568466e-22,1.491249843669024743e-23,7.089216409208693738e-21,4.483692575883993350e-24,9.892424558866851347e-01,2.349623584090355412e-03,8.407920529227640161e-03
1.437429157149863538e-13,1.437429157149863670e+02,6.119750896171387538e-22,6.081855213584399271e-22,3.789568258698826699e-24,5.083467887739543407e-21,5.786108215993954533e-24,9.892424512171394957e-01,2.349623575178081715e-03,8.407925207685469637e-03
1.438647317452532980e-13,1.438647317452532945e+02,4.207369935831409836e-22,4.161015292794467551e-22,4.635464303694228536e-24,3.318530142967071286e-21,7.751493057807736631e-24,9.892424481670253344e-01,2.349623571322023013e-03,8.407928261655771979e-03
1.439865477755202170e-13,1.439865477755202221e+02,4.678297522687540229e-24,1.702766895565526738e-24,2.975530627122013491e-24,2.300914611507099351e-21,1.190234632534969198e-23,9.892424460495705674e-01,2.349623569053446194e-03,8.407930381379130624e-03
1.441083638057871612e-13,1.441083638057871497e+02,5.733849332451869122e-25,1.843958663038668557e-25,3.889890669413200566e-25,2.508395895143574482e-21,5.003674048523724001e-24,9.892424437437847828e-01,2.349623563937796970e-03,8.407932692280494988e-03
1.442301798360541054e-13,1.442301798360541056e+02,3.635992989738177056e-25,3.635992989738177056e-25,0.000000000000000000e+00,4.130325864099244817e-21,3.088584390020481807e-24,9.892424399476661412e-01,2.349623554920550385e-03,8.407936497416283045e-03
1.443519958663210496e-13,1.443519958663210616e+02,1.103606973169308353e-24,1.103606973169308353e-24,0.000000000000000000e+00,6.938997357134411567e-21,1.986283065979931723e-24,9.892424335701461846e-01,2.349623539770391480e-03,8.407942890086469653e-03
1.444738118965879686e-13,1.444738118965879607e+02,3.201756350745971144e-24,3.201756350745971144e-24,0.000000000000000000e+00,1.053543318793754661e-20,1.320765048507399302e-24,9.892424238872157272e-01,2.349623516764675225e-03,8.407952596022694527e-03
1.445956279268549128e-13,1.445956279268549167e+02,5.941378604237212126e-24,5.941378604237210656e-24,1.469367938527859385e-39,1.467783574272007847e-20,9.765026913003629224e-25,9.892424103970913762e-01,2.349623484710162968e-03,8.407966118201602376e-03
1.447174439571218571e-13,1.447174439571218443e+02,7.707072265049468389e-24,7.707072265049468389e-24,0.000000000000000000e+00,1.943330584441314131e-20,1.114305435925453593e-25,9.892423925363023063e-01,2.349623442270661836e-03,8.407984021430180838e-03
1.448392599873888013e-13,1.448392599873888003e+02,7.961771605911477913e-24,7.961771605911477913e-24,0.000000000000000000e+00,2.502480699645169283e-20,1.648708788056540280e-25,9.892423695364501723e-01,2.349623387624426817e-03,8.408007075928617888e-03
1.449610760176557203e-13,1.449610760176557278e+02,6.432388691070137153e-24,6.013114364579907283e-24,4.192743264902298698e-25,3.147778628850674628e-20,2.426811429105984124e-25,9.892423406053563184e-01,2.349623319284296387e-03,8.408036075362543271e-03
1.450828920479226645e-13,1.450828920479226554e+02,7.842657431354982749e-24,7.089604640256397818e-24,7.530527910985849313e-25,3.833765142625794371e-20,3.777241898476385472e-25,9.892423053691681289e-01,2.349623236276197295e-03,8.408071394558914655e-03
1.452047080781896087e-13,1.452047080781896113e+02,7.803752900189792071e-24,6.671150380522699548e-24,1.132602519667092522e-24,4.468581530881193506e-20,1.968063516966874236e-24,9.892422642981265613e-01,2.349623139762858307e-03,8.408112562113680827e-03
1.453265241084565529e-13,1.453265241084565389e+02,6.545639243030084912e-24,6.020731920104292582e-24,5.249073229257923303e-25,4.951007878949333842e-20,6.543193644299144491e-24,9.892422187937325306e-01,2.349623032156370351e-03,8.408158174114286135e-03
1.454483401387234719e-13,1.454483401387234665e+02,1.004634774892238154e-23,1.000527055787390260e-23,4.107719104847894114e-26,5.219121082523220420e-20,1.043839777393389081e-23,9.892421708256392554e-01,2.349622918239856542e-03,8.408206256124173619e-03
1.455701561689904161e-13,1.455701561689904224e+02,3.251339598743410952e-23,3.249102519688908939e-23,2.237079054502012758e-26,5.274227974414734130e-20,1.187355567057895203e-23,9.892421223513133688e-01,2.349622803053952325e-03,8.408254845635931493e-03
1.456919721992573603e-13,1.456919721992573500e+02,6.593971102144305606e-23,6.569109785503245642e-23,2.486131664105996387e-25,5.160938249597465669e-20,1.080170698482545983e-23,9.892420749183445938e-01,2.349622690478386268e-03,8.408302391180153684e-03
1.458137882295243046e-13,1.458137882295243060e+02,1.109123654361067673e-22,9.228584120311548322e-23,1.862652423299128405e-23,4.923651359754100797e-20,6.069851228268228970e-24,9.892420296496229337e-01,2.349622600059141694e-03,8.408347750321225333e-03
1.459356042597912235e-13,1.459356042597912335e+02,2.256949465764304069e-22,6.654109253528013992e-23,1.591538540411502552e-22,4.576061476680507554e-20,2.490986457831066418e-24,9.892419874461364504e-01,2.349622647538250880e-03,8.408389906328703547e-03
1.460574202900581677e-13,1.460574202900581611e+02,1.956233914206385602e-22,8.273622634792916314e-23,1.128871650727093970e-22,4.102787560026082148e-20,1.471526743475265912e-24,9.892419496351255725e-01,2.349622662429072095e-03,8.408427702448900698e-03
1.461792363203251120e-13,1.461792363203251170e+02,2.026736546148279806e-22,1.873432092515822719e-22,1.533044536324570872e-23,3.493293188362782510e-20,1.187891407515982036e-24,9.892419175165936274e-01,2.349622599971728544e-03,8.408459883438171648e-03
1.463010523505920562e-13,1.463010523505920446e+02,5.919674872511312087e-22,5.917174794017373845e-22,2.500078493938241729e-25,2.782235093126783200e-20,1.453757601186345037e-24,9.892418919511896114e-01,2.349622538175940873e-03,8.408485510638037327e-03
1.464228683808589752e-13,1.464228683808589722e+02,1.575409514810067490e-21,1.574516039459208891e-21,8.934753508585989532e-25,2.059154567101672648e-20,3.402932585682850939e-24,9.892418730407386285e-01,2.349622490615895128e-03,8.408504468649180899e-03
1.465446844111259194e-13,1.465446844111259281e+02,1.845184427268677181e-23,1.629972106840622745e-23,2.152123204280544361e-24,1.434217413025559086e-20,1.702774577314855032e-23,9.892418598572561006e-01,2.349622461266342392e-03,8.408517681481193426e-03
1.466665004413928636e-13,1.466665004413928557e+02,5.617059765613514367e-24,3.007427833320485030e-24,2.609631932293029337e-24,9.845828818238036492e-21,1.716009107457553969e-23,9.892418508057410076e-01,2.349622442185330014e-03,8.408526752077326999e-03
1.467883164716597826e-13,1.467883164716597832e+02,2.464174415554968473e-24,1.367348843063647713e-24,1.096825572491320760e-24,7.461130861520327788e-21,1.863032113664614251e-23,9.892418439473383840e-01,2.349622426911444125e-03,8.408533625753758858e-03
1.469101325019267268e-13,1.469101325019267392e+02,2.197860126469691783e-24,2.197860126469691783e-24,0.000000000000000000e+00,7.358183829727515419e-21,2.339983660076013294e-23,9.892418371845693725e-01,2.349622410843835076e-03,8.408540404590448755e-03
1.470319485321936710e-13,1.470319485321936668e+02,2.264185472257312799e-24,2.264185472257312799e-24,0.000000000000000000e+00,9.863650336579921555e-21,1.686608700278927986e-23,9.892418281190662466e-01,2.349622389306682806e-03,8.408549491630740863e-03
1.471537645624606152e-13,1.471537645624606228e+02,2.468718074205082581e-24,2.468718074205082581e-24,0.000000000000000000e+00,1.555448360568211996e-20,2.246926528018690912e-23,9.892418138232103031e-01,2.349622355346076344e-03,8.408563821447388384e-03
1.472755805927275342e-13,1.472755805927275219e+02,2.724689789945302724e-24,2.724689789945302724e-24,0.000000000000000000e+00,2.484896709134183659e-20,1.355872915654643945e-23,9.892417909849443580e-01,2.349622301095187406e-03,8.408586713964176854e-03
1.473973966229944784e-13,1.473973966229944779e+02,2.564337834150947540e-24,2.288529310872085663e-24,2.758085232788618772e-25,3.763712007423075305e-20,1.986927476152140020e-25,9.892417563930331337e-01,2.349622219184545075e-03,8.408621387785961132e-03
1.475192126532614227e-13,1.475192126532614338e+02,3.791973827908265600e-24,3.342162099358389531e-24,4.498117285498760693e-25,5.298682091651999792e-20,2.436010851026462325e-25,9.892417076933099906e-01,2.349622103924719086e-03,8.408670202768978724e-03
1.476410286835283669e-13,1.476410286835283614e+02,5.215665268063980406e-24,4.249147904599152833e-24,9.665173634648275732e-25,6.930548287585640446e-20,3.252347441740870252e-25,9.892416439949059948e-01,2.349621953518460891e-03,8.408734051579319982e-03
1.477628447137952859e-13,1.477628447137952890e+02,8.871095436232869615e-24,6.964712059063665315e-24,1.906383377169204301e-24,8.502035888924028476e-20,3.829892953323843556e-25,9.892415658523856514e-01,2.349621769672117361e-03,8.408812377945823827e-03
1.478846607440622301e-13,1.478846607440622165e+02,8.969070567805166350e-24,6.012070187130373719e-24,2.957000380674792631e-24,9.919124995670355969e-20,7.382791207795527109e-24,9.892414746846691642e-01,2.349621555866863044e-03,8.408903759467699357e-03
1.480064767743291743e-13,1.480064767743291725e+02,1.137122619927741985e-23,1.092785339179488657e-23,4.433728074825332792e-25,1.115756249744662419e-19,1.307529122361454631e-23,9.892413721370548751e-01,2.349621312686153967e-03,8.409006550262531840e-03
1.481282928045961185e-13,1.481282928045961285e+02,1.887897710196694952e-23,1.842428388531178342e-23,4.546932166551661032e-25,1.221435662232199256e-19,8.632405363258306100e-24,9.892412598767093002e-01,2.349621046429982776e-03,8.409119076864346107e-03
1.482501088348630375e-13,1.482501088348630276e+02,4.708156533844272013e-23,4.574736220057868808e-23,1.334203137864032050e-24,1.304618343216059059e-19,5.016478159026027996e-24,9.892411399706753095e-01,2.349620762770804165e-03,8.409239266557544043e-03
1.483719248651299817e-13,1.483719248651299836e+02,9.703360006941530860e-23,8.904724908082344548e-23,7.986350988591863123e-24,1.354136059855744938e-19,3.107375430736764054e-24,9.892410155079013334e-01,2.349620474373388408e-03,8.409364017728845203e-03
1.484937408953969259e-13,1.484937408953969395e+02,2.207488939875005711e-22,9.645981970346683747e-23,1.242890742840337336e-22,1.355566800417576476e-19,2.239653443174167081e-24,9.892408908068441864e-01,2.349620293448016935e-03,8.409488899711329429e-03
1.486155569256638701e-13,1.486155569256638671e+02,2.836913891131195673e-22,9.414420056538516188e-23,1.895471885477344054e-22,1.298898495724243450e-19,2.091103279506997900e-24,9.892407712541012588e-01,2.349620185385781993e-03,8.409608560516455139e-03
1.487373729559307891e-13,1.487373729559307947e+02,2.404793512956660344e-22,2.162529825254310315e-22,2.422636877023500292e-23,1.185400243807998381e-19,1.620563060732583686e-24,9.892406622859724052e-01,2.349619948598364629e-03,8.409717765432927691e-03
1.488591889861977333e-13,1.488591889861977222e+02,6.252467792876249597e-22,6.249102077775048544e-22,3.365715101201052264e-25,1.028724781261498356e-19,1.278392015830881121e-24,9.892405677436673095e-01,2.349619722977517103e-03,8.409812533358906536e-03
1.489810050164646776e-13,1.489810050164646782e+02,2.944237907853387058e-21,2.943608682686393707e-21,6.292251669933502859e-25,8.493224488811810563e-20,8.820120981759561221e-25,9.892404897128308505e-01,2.349619531729474093e-03,8.409890755443256288e-03
1.491028210467315965e-13,1.491028210467316057e+02,3.352980138583210695e-23,3.134298791141337272e-23,2.186813474418734231e-24,6.669266954114875460e-20,3.161982379636724786e-24,9.892404284151216087e-01,2.349619388099227508e-03,8.409952196782406394e-03
1.492246370769985408e-13,1.492246370769985333e+02,9.564875062427540417e-24,6.624822463831993514e-24,2.940052598595546903e-24,4.968036608344773546e-20,9.603925529231597267e-24,9.892403827521754067e-01,2.349619282358646720e-03,8.409997965469491465e-03
1.493464531072654850e-13,1.493464531072654893e+02,4.794183164419267389e-24,2.202551863847477541e-24,2.591631300571789848e-24,3.513349062659846066e-20,1.389450981388335439e-23,9.892403504592731656e-01,2.349619208060311007e-03,8.410030332670122982e-03
1.494682691375324292e-13,1.494682691375324168e+02,2.085895105776451964e-24,2.085895105776451964e-24,0.000000000000000000e+00,2.437324798713537686e-20,1.662399285160865364e-23,9.892403280582932057e-01,2.349619154849454713e-03,8.410052786860992488e-03
1.495900851677993482e-13,1.495900851677993444e+02,1.722933364657091559e-24,1.722933364657091559e-24,0.000000000000000000e+00,1.891049534284989840e-20,3.147315596887980408e-23,9.892403106780248701e-01,2.349619113564469300e-03,8.410070208414126627e-03
1.497119011980662924e-13,1.497119011980663004e+02,1.272756392662958315e-24,1.272756392662958315e-24,0.000000000000000000e+00,2.011551154522122422e-20,7.016567816452437669e-23,9.892402921902448965e-01,2.349619069649942771e-03,8.410088740108666652e-03
1.498337172283332366e-13,1.498337172283332279e+02,1.416398936593443663e-24,1.388636198267367242e-24,2.776273832607642068e-26,2.863819627428413376e-20,5.552499740805751363e-23,9.892402658694003925e-01,2.349619007156053801e-03,8.410115123446837079e-03
1.499555332586001808e-13,1.499555332586001839e+02,1.957348644155448162e-24,1.773715174443099037e-24,1.836334697123491247e-25,4.439779559635528856e-20,5.936556838641267901e-23,9.892402250640653927e-01,2.349618910402927457e-03,8.410156025535015303e-03
1.500773492888670998e-13,1.500773492888671115e+02,3.861414024643457579e-24,3.259303371483290912e-24,6.021106531601666665e-25,6.652954620897717036e-20,3.891592858044270366e-23,9.892401639174885908e-01,2.349618765721306606e-03,8.410217316793429376e-03
1.501991653191340440e-13,1.501991653191340390e+02,4.725077236360060545e-24,3.596265542290813969e-24,1.128811694069246577e-24,9.399740011143877589e-20,1.472420700110608157e-24,9.892400775252557787e-01,2.349618561565429940e-03,8.410303913182393468e-03
1.503209813494009882e-13,1.503209813494009950e+02,6.130902456819591297e-24,4.470948114505150153e-24,1.659954342314441144e-24,1.258382898743135009e-19,6.970963220485868030e-24,9.892399618682075069e-01,2.349618288392030241e-03,8.410419843403871623e-03
1.504427973796679325e-13,1.504427973796679225e+02,5.561367382605698609e-24,3.132123124273052523e-24,2.429244258332646086e-24,1.608010622749979667e-19,6.302497889905250857e-24,9.892398140768626780e-01,2.349617939611727858e-03,8.410567983529208466e-03
1.505646134099348514e-13,1.505646134099348501e+02,8.148280683081953791e-24,6.246253297394712296e-24,1.902027385687241495e-24,1.970466539748049360e-19,3.418847975735214555e-24,9.892396329734717275e-01,2.349617511212779598e-03,8.410749515319008301e-03
1.506864294402017957e-13,1.506864294402018061e+02,1.293467001789354512e-23,1.151036047123355288e-23,1.424309546659992233e-24,2.318117408998546085e-19,1.926253244769406950e-24,9.892394199187497517e-01,2.349617006468366666e-03,8.410963074785506380e-03
1.508082454704687399e-13,1.508082454704687336e+02,3.764719905787114559e-23,3.422717712608367161e-23,3.420021931787473986e-24,2.616865816491292063e-19,1.447305888597454794e-24,9.892391794051631493e-01,2.349616438308377124e-03,8.411204156532171156e-03
1.509300615007356841e-13,1.509300615007356896e+02,7.838183227562077025e-23,7.164427029155577166e-23,6.737561984064998593e-24,2.834729183378779672e-19,1.359860781825445522e-24,9.892389188656570687e-01,2.349615825582997575e-03,8.411465308763752327e-03
1.510518775310026031e-13,1.510518775310026172e+02,1.424571449553514854e-22,1.146890730856933952e-22,2.776807186965809024e-23,2.951274131115468968e-19,1.470319659291355469e-24,9.892386475959960013e-01,2.349615206815579629e-03,8.411737197192212939e-03
1.511736935612695473e-13,1.511736935612695447e+02,2.324270583007268442e-22,1.000912259179015001e-22,1.323358323828253441e-22,2.961501244548049069e-19,1.940986664257594012e-24,9.892383752902803584e-01,2.349614682770968105e-03,8.412010026952224453e-03
1.512955095915364915e-13,1.512955095915365007e+02,3.916377928154611128e-22,3.189848846920302136e-22,7.265290812343089923e-23,2.872032951265268340e-19,1.391044269708251324e-24,9.892381112645851626e-01,2.349614122459783936e-03,8.412274612958950057e-03
1.514173256218034105e-13,1.514173256218033998e+02,9.364896125898636285e-22,9.349317743839302453e-22,1.557838205933383208e-24,2.693859458878476654e-19,4.838028599661636228e-25,9.892378636860446051e-01,2.349613533801519875e-03,8.412522780157584770e-03
1.515391416520703547e-13,1.515391416520703558e+02,2.642187957175213371e-21,2.641304636251006785e-21,8.833209242065860836e-25,2.437835395447477182e-19,1.808188524835722701e-25,9.892376396558792973e-01,2.349612996682619737e-03,8.412747347441965756e-03
1.516609576823372989e-13,1.516609576823373118e+02,4.188027319363811981e-23,4.119470881594982844e-23,6.855643776882913627e-25,2.116083073465662546e-19,4.682929265133446022e-25,9.892374451714849304e-01,2.349612535294089057e-03,8.412942293224753149e-03
1.517827737126042432e-13,1.517827737126042393e+02,1.069362516325915570e-23,9.553212386206086165e-24,1.140412777053069536e-24,1.747755383374430011e-19,2.067454730626599138e-23,9.892372845385382085e-01,2.349612154801099077e-03,8.413103306664407310e-03
1.519045897428711621e-13,1.519045897428711669e+02,2.478210152251633869e-24,1.804533720423868844e-24,6.736764318277650244e-25,1.362911190641899002e-19,2.683958345568787791e-23,9.892371592760834664e-01,2.349611857902699982e-03,8.413228866017551100e-03
1.520264057731381064e-13,1.520264057731380944e+02,1.551809034374931795e-24,1.505698375631415731e-24,4.611065874351606362e-26,1.002085300427079962e-19,3.698777704847170787e-23,9.892370671768532242e-01,2.349611639190382628e-03,8.413321183960358746e-03
1.521482218034050506e-13,1.521482218034050504e+02,1.168686737882112275e-24,1.168686737882112275e-24,0.000000000000000000e+00,7.072568691941613050e-20,3.949069675968418653e-23,9.892370021746302866e-01,2.349611484796116593e-03,8.413386340577491684e-03
1.522700378336719948e-13,1.522700378336720064e+02,1.487368229713403516e-24,1.476848983928306627e-24,1.051924578509688906e-26,5.130474970430791717e-20,5.268506818139313825e-23,9.892369550217104957e-01,2.349611372806171064e-03,8.413433605487125391e-03
1.523918538639389138e-13,1.523918538639389055e+02,1.949765420899113765e-24,1.699274828945717246e-24,2.504905919533965187e-25,4.426298656266521325e-20,1.009933753958313668e-22,9.892369143404861065e-01,2.349611276410098516e-03,8.413474383107502966e-03
1.525136698942058580e-13,1.525136698942058615e+02,3.419375582850175535e-24,3.001567146205926564e-24,4.178084366442489716e-25,5.098205161265898440e-20,1.765443414572797858e-22,9.892368674837994647e-01,2.349611165498796672e-03,8.413521350705445781e-03
1.526354859244728022e-13,1.526354859244727891e+02,3.948397856448564234e-24,3.158218639336282795e-24,7.901792171122814396e-25,7.223908460305063305e-20,2.316104377806464861e-22,9.892368010899705855e-01,2.349611008528967177e-03,8.413587901504067726e-03
1.527573019547397464e-13,1.527573019547397450e+02,4.148629628397503868e-24,2.979740656230939083e-24,1.168888972166564785e-24,1.079713261474883158e-19,2.221126918655675176e-23,9.892367018551999625e-01,2.349610773908381630e-03,8.413687370895322690e-03
1.528791179850066654e-13,1.528791179850066726e+02,3.935215839810226520e-24,2.112771320305908833e-24,1.822444519504317686e-24,1.576674850316472310e-19,2.110070958337046530e-24,9.892365569453680507e-01,2.349610431410624044e-03,8.413832623225153337e-03
1.530009340152736096e-13,1.530009340152736002e+02,7.268272836674074030e-24,4.282963262716053860e-24,2.985309573958020170e-24,2.185142021471399406e-19,1.545426615742728495e-24,9.892363561118876492e-01,2.349609957159985284e-03,8.414033930955956003e-03
1.531227500455405538e-13,1.531227500455405561e+02,9.029480341119934051e-24,4.668452938647641012e-24,4.361027402472293039e-24,2.860916485946465760e-19,1.236391617517635056e-24,9.892360931685785230e-01,2.349609336664895513e-03,8.414297494760253002e-03
1.532445660758074981e-13,1.532445660758075121e+02,1.334901409807902731e-23,9.329782081279680022e-24,4.019232016799347287e-24,3.548917297082953299e-19,1.387539471430585111e-24,9.892357669934701558e-01,2.349608565655342436e-03,8.414624440878201023e-03
1.533663821060744170e-13,1.533663821060744112e+02,3.328352782568558086e-23,2.694775559227717775e-23,6.335772233408403110e-24,4.194360719195416716e-19,2.616564187427582268e-24,9.892353814957056679e-01,2.349607655857425311e-03,8.415010848440649879e-03
1.534881981363413613e-13,1.534881981363413672e+02,5.842108390725054719e-23,4.979245299856430657e-23,8.628630908686240618e-24,4.751814224205095222e-19,2.852450950428678560e-24,9.892349447623997039e-01,2.349606626445920922e-03,8.415448611158010336e-03
1.536100141666083055e-13,1.536100141666082948e+02,9.255418599079498044e-23,8.257757547540675830e-23,9.976610515388222149e-24,5.186480033264321534e-19,1.917709225332441449e-24,9.892344680797118261e-01,2.349605503327638952e-03,8.415926416964276263e-03
1.537318301968752245e-13,1.537318301968752223e+02,1.354778813043689727e-22,1.132963970863524505e-22,2.218148421801652222e-23,5.469635775775479105e-19,9.119390034721239283e-25,9.892339653625883411e-01,2.349604329644413257e-03,8.416430307771021260e-03
1.538536462271421687e-13,1.538536462271421783e+02,4.661303828555953365e-22,3.788175367176065533e-22,8.731284613798878322e-23,5.575615703772833413e-19,3.644775667369994085e-25,9.892334528484884038e-01,2.349603192617396880e-03,8.416943958898078643e-03
1.539754622574091129e-13,1.539754622574091059e+02,1.925018014947580008e-21,1.827570655593344830e-21,9.744735935423517835e-23,5.485289442005904404e-19,1.769746466707680962e-25,9.892329486416930884e-01,2.349602081540314545e-03,8.417449276770393521e-03
1.540972782876760571e-13,1.540972782876760618e+02,2.404016840467278357e-22,2.349424011179579788e-22,5.459282928769856878e-24,5.194649635341360687e-19,1.827196136766976976e-25,9.892324712157649635e-01,2.349600952123452428e-03,8.417927832115366590e-03
1.542190943179429761e-13,1.542190943179429894e+02,3.088881617456612222e-23,2.687629039623639627e-23,4.012525778329725952e-24,4.722842949169013615e-19,1.303058903815696195e-25,9.892320371516948319e-01,2.349599924813620174e-03,8.418362923495362193e-03
1.543409103482099203e-13,1.543409103482099169e+02,7.897666896899768479e-24,4.879612524422481062e-24,3.018054372477287417e-24,4.113772777047409365e-19,2.341446895821347949e-23,9.892316590662254550e-01,2.349599029587405401e-03,8.418741904191189354e-03
1.544627263784768645e-13,1.544627263784768729e+02,4.597749186553525900e-24,2.530156033124711245e-24,2.067593153428814655e-24,3.427287487857973116e-19,2.150166853768719069e-23,9.892313440743345510e-01,2.349598283341664852e-03,8.419057642327707272e-03
1.545845424087438087e-13,1.545845424087438005e+02,2.902924597682985963e-24,1.797375251605238919e-24,1.105549346077747044e-24,2.727851401479068650e-19,2.093470222788029662e-23,9.892310933661901950e-01,2.349597688888930419e-03,8.419308944924585106e-03
1.547063584390107277e-13,1.547063584390107280e+02,2.213172875025933163e-24,1.637840502942679841e-24,5.753323720832533217e-25,2.074759215381928515e-19,2.558635462070349508e-23,9.892309026820031992e-01,2.349597236511385707e-03,8.419500081489313462e-03
1.548281744692776719e-13,1.548281744692776840e+02,3.037244503237426691e-24,2.232012557605345937e-24,8.052319456320807534e-25,1.522585938028755082e-19,3.456305303016686163e-23,9.892307627459218100e-01,2.349596904881791695e-03,8.419640349200060297e-03
1.549499904995446162e-13,1.549499904995446116e+02,4.189565127892667023e-24,2.888673682794707828e-24,1.300891445097959194e-24,1.126124731134713683e-19,5.504543799969035982e-23,9.892306592467319248e-01,2.349596660255270399e-03,8.419744093016479775e-03
1.550718065298115604e-13,1.550718065298115675e+02,3.669288086371359948e-24,1.997382678928480942e-24,1.671905407442879006e-24,9.406345992564640895e-20,1.391907464536556321e-22,9.892305727949314287e-01,2.349596456465959018e-03,8.419830748606442136e-03
1.551936225600784794e-13,1.551936225600784667e+02,4.128535928420893299e-24,1.702017466646367518e-24,2.426518461774525781e-24,1.011263107934663816e-19,2.865684451524148637e-22,9.892304798512432384e-01,2.349596237959012540e-03,8.419923910801466529e-03
1.553154385903454236e-13,1.553154385903454227e+02,6.803812235062380854e-24,3.368606617122543159e-24,3.435205617939837695e-24,1.359521448589983598e-19,5.459330337214958908e-22,9.892303548995284856e-01,2.349595944360838989e-03,8.420049156114503899e-03
1.554372546206123678e-13,1.554372546206123786e+02,6.564220922871475566e-24,2.555441351188900260e-24,4.008779571682574938e-24,1.963305928520310538e-19,1.065004237398849913e-23,9.892301744557341348e-01,2.349595519493907422e-03,8.420230024775777686e-03
1.555590706508793120e-13,1.555590706508793062e+02,1.265065294044451489e-23,5.617511962939733011e-24,7.033140977504781881e-24,2.790737392400357445e-19,3.064393590490488641e-24,9.892299179631601769e-01,2.349594916800837926e-03,8.420487120042926057e-03
1.556808866811462310e-13,1.556808866811462337e+02,1.499868502344043905e-23,7.300888223115451472e-24,7.697796800324987580e-24,3.772823949550798587e-19,1.657611160800729311e-24,9.892295712103257310e-01,2.349594100337578078e-03,8.420834689340657778e-03
1.558027027114131752e-13,1.558027027114131613e+02,1.834446465441689361e-23,1.019106745027867092e-23,8.153397204138222687e-24,4.842849902436698289e-19,1.228618860328131717e-24,9.892291261154610993e-01,2.349593050711611640e-03,8.421280833831236434e-03
1.559245187416801194e-13,1.559245187416801173e+02,3.377440878776789117e-23,2.382960861079591430e-23,9.944800176971976872e-24,5.938440955782594568e-19,9.843155486839285364e-25,9.892285803281265499e-01,2.349591763557560328e-03,8.421827908319834063e-03
1.560463347719470384e-13,1.560463347719470448e+02,4.261992844277743322e-23,3.107020382306892809e-23,1.154972461970850513e-23,6.996684694009922057e-19,7.700632370123892439e-25,9.892279372811993987e-01,2.349590246869972740e-03,8.422472471934720761e-03
1.561681508022139826e-13,1.561681508022139724e+02,8.654622019322812913e-23,7.376953394453741032e-23,1.277668624869071881e-23,7.944893490427240987e-19,5.410456786907705724e-25,9.892272070885997914e-01,2.349588524241782907e-03,8.423204387162276305e-03
1.562899668324809268e-13,1.562899668324809284e+02,1.781636972691521676e-22,1.628800702003491254e-22,1.528362706880304215e-23,8.699063422181276705e-19,3.147539908882276687e-25,9.892264075832527537e-01,2.349586639116085438e-03,8.424005777635211467e-03
1.564117828627478711e-13,1.564117828627478843e+02,7.093527102572761968e-22,6.529866542986598663e-22,5.636605595861633052e-23,9.176207491249037654e-19,1.085289795309089328e-25,9.892255641942276911e-01,2.349584686845613418e-03,8.424851118930725205e-03
1.565335988930147900e-13,1.565335988930147835e+02,4.939754085912022647e-21,4.778985293956337104e-21,1.607687919556855431e-22,9.315800810899112183e-19,1.851061844308135579e-26,9.892247079226371698e-01,2.349582791868655950e-03,8.425709285498210119e-03
1.566554149232817343e-13,1.566554149232817394e+02,2.606608463812851961e-22,1.057820137753782362e-22,1.548788326059069599e-22,9.098061104077922032e-19,3.307965900037812429e-26,9.892238716225495443e-01,2.349580949167450784e-03,8.426547428287177802e-03
1.567772309535486785e-13,1.567772309535486670e+02,3.218237089088664324e-23,1.452457991513814057e-23,1.765779097574850267e-23,8.548271708534296233e-19,5.375054592719269239e-26,9.892230859774345797e-01,2.349579099495038587e-03,8.427334923074522935e-03
1.568990469838156227e-13,1.568990469838156230e+02,1.211068900682402883e-23,3.749506015492756070e-24,8.361182991331272756e-24,7.726222418962884111e-19,1.854923189075878203e-23,9.892223758922812360e-01,2.349577420677480093e-03,8.428046687045612911e-03
1.570208630140825417e-13,1.570208630140825505e+02,1.195168776953205835e-23,4.509888128228430023e-24,7.441799641303628331e-24,6.708890120924304287e-19,1.403816236453856184e-23,9.892217593066049419e-01,2.349575963081802256e-03,8.428664730317499826e-03
1.571426790443494859e-13,1.571426790443494781e+02,8.793668761045637619e-24,4.779370453509796826e-24,4.014298307535840793e-24,5.580985848202282153e-19,1.723764748866708658e-23,9.892212463844294312e-01,2.349574748520244592e-03,8.429178867054524377e-03
1.572644950746164301e-13,1.572644950746164341e+02,7.686246742083501722e-24,4.109423437788426696e-24,3.576823304295075026e-24,4.432943754268998347e-19,2.444394926732456045e-23,9.892208389734317153e-01,2.349573784161358442e-03,8.429587242411161127e-03
1.573863111048833743e-13,1.573863111048833616e+02,8.888035197023550796e-24,4.647596376886541290e-24,4.240438820137009505e-24,3.364338082191547250e-19,3.750560447053107139e-23,9.892205297717892032e-01,2.349573053682343059e-03,8.429897174532786225e-03
1.575081271351502933e-13,1.575081271351502892e+02,9.583844145835919685e-24,4.248714083886268088e-24,5.335130061949651597e-24,2.481238230898448515e-19,6.192279221126535510e-23,9.892203017301061108e-01,2.349572516990442068e-03,8.430125752907762296e-03
1.576299431654172375e-13,1.576299431654172452e+02,8.438527790137372805e-24,3.610609231074750528e-24,4.827918559062622277e-24,1.883511697058088528e-19,1.197126504415945422e-22,9.892201286226782742e-01,2.349572110307253641e-03,8.430299267018740925e-03
1.577517591956841818e-13,1.577517591956841727e+02,8.041237886309279796e-24,3.017106822664258420e-24,5.024131063645021376e-24,1.648429991293431714e-19,4.228703780409600767e-22,9.892199771201591885e-01,2.349571755123131076e-03,8.430451124722286582e-03
1.578735752259511260e-13,1.578735752259511287e+02,1.150922163767188015e-23,4.256504283898157494e-24,7.252717353773723391e-24,1.811623348617947757e-19,7.306856776432386707e-22,9.892198106174735495e-01,2.349571366378721583e-03,8.430618016152266123e-03
1.579953912562180450e-13,1.579953912562180562e+02,1.711173700656549806e-23,5.540108189956766746e-24,1.157162881660873058e-23,2.370995995976428113e-19,7.224219306205571676e-22,9.892195927021376622e-01,2.349570859529894352e-03,8.430836438336822281e-03
1.581172072864849892e-13,1.581172072864849838e+02,2.054781074308790878e-23,7.117103671239696214e-24,1.343070707184821110e-23,3.296478140772898469e-19,1.238774295151966100e-23,9.892192897294685983e-01,2.349570152378618014e-03,8.431140118157098851e-03
1.582390233167519334e-13,1.582390233167519398e+02,2.011672084237986349e-23,9.210320899097293285e-24,1.090639994328257020e-23,4.556396339439936420e-19,4.195165418506086517e-24,9.892188709675914238e-01,2.349569167857710073e-03,8.431559864555146153e-03
1.583608393470188524e-13,1.583608393470188389e+02,2.216986735108675137e-23,9.241879202249930777e-24,1.292798814883682059e-23,6.076515302409330528e-19,1.942863190192836598e-24,9.892183124990960863e-01,2.349567853387052319e-03,8.432119647521196457e-03
1.584826553772857966e-13,1.584826553772857949e+02,2.832651694321104788e-23,1.353749953221972420e-23,1.478901741099132369e-23,7.758888433448273404e-19,1.202996498470199902e-24,9.892175994128512562e-01,2.349566173391493852e-03,8.432834413761462755e-03
1.586044714075527408e-13,1.586044714075527509e+02,4.070095452706367828e-23,2.369681772570200742e-23,1.700413680136167086e-23,9.470585082035727365e-19,9.873973919710517353e-25,9.892167290143178970e-01,2.349564121787048928e-03,8.433706863899374795e-03
1.587262874378196850e-13,1.587262874378196784e+02,9.196880068488051482e-23,7.341479788515957609e-23,1.855400279972093873e-23,1.105464659140725878e-18,7.918388743649784771e-25,9.892157130354589656e-01,2.349561725733835885e-03,8.434725238811580442e-03
1.588481034680866040e-13,1.588481034680866060e+02,2.358208901648981709e-22,2.170376350403049856e-22,1.878325512459318532e-23,1.235705102220302168e-18,4.760166196233861285e-25,9.892145773645576456e-01,2.349559045286942361e-03,8.435863590159825565e-03
1.589699194983535482e-13,1.589699194983535619e+02,8.649272439987337366e-22,8.149867211596390666e-22,4.994052283909467008e-23,1.325802134096862416e-18,9.934785266422969272e-26,9.892133588716196524e-01,2.349556195750338722e-03,8.437084932634507026e-03
1.590917355286204924e-13,1.590917355286204895e+02,4.800488772626194323e-21,4.655984742742122033e-21,1.445040298840722906e-22,1.369118248620133062e-18,4.256994813543769545e-26,9.892121005245082532e-01,2.349553330931519052e-03,8.438346144564760551e-03
1.592135515588874367e-13,1.592135515588874455e+02,2.869409175676372730e-22,3.938413184680426882e-23,2.475567857208330159e-22,1.364178881358570705e-18,4.160315036618415937e-26,9.892108465790359073e-01,2.349550582495511623e-03,8.439602838473111296e-03
1.593353675891543556e-13,1.593353675891543446e+02,8.340022132992769986e-23,4.699984445466436678e-24,7.870023688446126759e-23,1.313033416261026779e-18,7.930324230541399516e-24,9.892096397955073561e-01,2.349547789277378704e-03,8.440812415219626705e-03
1.594571836194212999e-13,1.594571836194213006e+02,3.340512135879521557e-23,3.615006730339870907e-24,2.979011462845534466e-23,1.219681444165105875e-18,8.904410597688218984e-24,9.892085188524024630e-01,2.349545154507792603e-03,8.441935993094281526e-03
1.595789996496882441e-13,1.595789996496882566e+02,2.287923589135853032e-23,4.181189731632890589e-24,1.869804615972563827e-23,1.089895360864526257e-18,1.115187711008060855e-23,9.892075171980913018e-01,2.349542792763821639e-03,8.442940009149494870e-03
1.597008156799551883e-13,1.597008156799551841e+02,1.476835733953045537e-23,3.895577401720841548e-24,1.087277993780961383e-23,9.322288537006824684e-19,1.444835320297055829e-23,9.892066604514737627e-01,2.349540767931812112e-03,8.443798780599035686e-03
1.598226317102221073e-13,1.598226317102221117e+02,1.281275730113208240e-23,4.430613350918106342e-24,8.382143950213976795e-24,7.591367310795513076e-19,1.914243306068909874e-23,9.892059627833141855e-01,2.349539118624163325e-03,8.444498098066183581e-03
1.599444477404890515e-13,1.599444477404890392e+02,1.283879390286233307e-23,3.651276138500848332e-24,9.187517764361484741e-24,5.867730057329210750e-19,2.948650509568491511e-23,9.892054235204880142e-01,2.349537846307136416e-03,8.445038633209294224e-03
1.600662637707559957e-13,1.600662637707559952e+02,1.176797031925255127e-23,2.634918703266984067e-24,9.133051615985567933e-24,4.329570187335665284e-19,4.935881514724515763e-23,9.892050256175992651e-01,2.349536909696597290e-03,8.445437472708577226e-03
1.601880798010229399e-13,1.601880798010229512e+02,1.141264414026373480e-23,2.570405181105595778e-24,8.842238959158139389e-24,3.141510920312002347e-19,8.697033369995751856e-23,9.892047368997507473e-01,2.349536232149800410e-03,8.445726868103712801e-03
1.603098958312898589e-13,1.603098958312898503e+02,1.156639385407800126e-23,2.276736263056733387e-24,9.289657591021268237e-24,2.430764333702324417e-19,2.528463341527700719e-22,9.892045135003227907e-01,2.349535710162121201e-03,8.445950789519571927e-03
1.604317118615568031e-13,1.604317118615568063e+02,1.428019287708147096e-23,3.694792375384597764e-24,1.058540050169687320e-23,2.280056007958731691e-19,9.966269894436386036e-22,9.892043039501325907e-01,2.349535222269501667e-03,8.446160827602473831e-03
1.605535278918237473e-13,1.605535278918237339e+02,2.125230076463155246e-23,6.135317811575566163e-24,1.511698295305598630e-23,2.714364007381774807e-19,1.480110107697362207e-21,9.892040544823744730e-01,2.349534643770245790e-03,8.446410873860017016e-03
1.606753439220906916e-13,1.606753439220906898e+02,1.885606905144883335e-23,7.936321170214981331e-24,1.091974788123385202e-23,3.709883669899530562e-19,2.818434420050790807e-23,9.892037135290167038e-01,2.349533844073107853e-03,8.446752626914664358e-03
1.607971599523576105e-13,1.607971599523576174e+02,1.660565760872344821e-23,4.892703489509766181e-24,1.171295411921368276e-23,5.250777663440159961e-19,8.861747526706343781e-24,9.892032309650283795e-01,2.349532708769296822e-03,8.447236326206888218e-03
1.609189759826245548e-13,1.609189759826245449e+02,1.927532820934286632e-23,4.594990293661236766e-24,1.468033791568162882e-23,7.224139158225559180e-19,2.571741340891457937e-24,9.892025670445999674e-01,2.349531145469321240e-03,8.447901809935005196e-03
1.610407920128914990e-13,1.610407920128915009e+02,3.278942471688719122e-23,1.481713264750636719e-23,1.797229206938082403e-23,9.479902310371506946e-19,1.373174824525431365e-24,9.892016958152840544e-01,2.349529092809837013e-03,8.448775091910602775e-03
1.611626080431584180e-13,1.611626080431584285e+02,5.394200612826770976e-23,3.303584070851449769e-23,2.090616541975321208e-23,1.182792731078045725e-18,7.489691536524170002e-25,9.892006087996505492e-01,2.349526530305111674e-03,8.449864670048977747e-03
1.612844240734253622e-13,1.612844240734253560e+02,9.046439709190314359e-23,6.865708709487542386e-23,2.180730999702771974e-23,1.406252205705501761e-18,5.025355576971793681e-25,9.891993164254644366e-01,2.349523480796025885e-03,8.451160093744041271e-03
1.614062401036923064e-13,1.614062401036923120e+02,2.895979442656875443e-22,2.657606370703092362e-22,2.383730719537830808e-23,1.599077130986285448e-18,1.401333870622885476e-25,9.891978468481460451e-01,2.349520011849088024e-03,8.452633140009263926e-03
1.615280561339592506e-13,1.615280561339592396e+02,7.584688988445952022e-22,7.160267961391732141e-22,4.244210270542198813e-23,1.745305096231487582e-18,6.818099762976931247e-26,9.891962428791671869e-01,2.349516239989063622e-03,8.454240880848153117e-03
1.616498721642261696e-13,1.616498721642261671e+02,5.073257919687268046e-21,4.952212445078086732e-21,1.210454746091813133e-22,1.833112379575368811e-18,7.500492763682536999e-26,9.891945581910979168e-01,2.349512340084402261e-03,8.455929468822223280e-03
1.617716881944931138e-13,1.617716881944931231e+02,2.859532828471944475e-22,5.059450247788883844e-23,2.353587803693056209e-22,1.854911923864454026e-18,1.497364949507068783e-25,9.891928533208822483e-01,2.349508509260104291e-03,8.457638169862143410e-03
1.618935042247600580e-13,1.618935042247600506e+02,1.017887006659238358e-22,5.550901498914371610e-24,9.623779916700946269e-23,1.807613820094571755e-18,2.940235282345723983e-24,9.891911920504309341e-01,2.349504652843806881e-03,8.459303296729728944e-03
1.620153202550270023e-13,1.620153202550270066e+02,3.855858771287961915e-23,2.638348756771466156e-24,3.592023895610815263e-23,1.693421369814006591e-18,4.850296726500137493e-24,9.891896357823559693e-01,2.349500989796078892e-03,8.460863227852591720e-03
1.621371362852939212e-13,1.621371362852939342e+02,2.034508545416413457e-23,2.536691015373334609e-24,1.780839443879079996e-23,1.520758715775957127e-18,6.273465891811430102e-24,9.891882382101243598e-01,2.349497686852845303e-03,8.462264103027300824e-03
1.622589523155608655e-13,1.622589523155608617e+02,1.393329020534934545e-23,3.186432141741226254e-24,1.074685806360811846e-23,1.304394639018026020e-18,8.394096986883002979e-24,9.891870394830813984e-01,2.349494849640396382e-03,8.463465667282604049e-03
1.623807683458278097e-13,1.623807683458278177e+02,1.152571798670786686e-23,3.606794952384523647e-24,7.918923034323342481e-24,1.064149855595135592e-18,1.015205488772306136e-23,9.891860615417943370e-01,2.349492534205140093e-03,8.464445924004981164e-03
1.625025843760947539e-13,1.625025843760947453e+02,1.149411748966601049e-23,3.271329699548708110e-24,8.222787790117302015e-24,8.224296397191268616e-19,1.445582835212532773e-23,9.891853057379592640e-01,2.349490746668800659e-03,8.465203515376270443e-03
1.626244004063616729e-13,1.626244004063616728e+02,1.186974887399177103e-23,3.375387692426685710e-24,8.494361181565086054e-24,6.015405044723612023e-19,2.363687205897751800e-23,9.891847529272835837e-01,2.349489441529318060e-03,8.465757631191625845e-03
1.627462164366286171e-13,1.627462164366286288e+02,1.197120350480822077e-23,2.842628575734412306e-24,9.128574929073808459e-24,4.217430661782183884e-19,4.404566375988571825e-23,9.891843653464017505e-01,2.349488529430305856e-03,8.466146124172254858e-03
1.628680324668955613e-13,1.628680324668955564e+02,1.176249240503021193e-23,1.900789250817560196e-24,9.861703154212652471e-24,3.002107662537372276e-19,1.249668837185383568e-22,9.891840894505091741e-01,2.349487883286143376e-03,8.466422666208801157e-03
1.629898484971625055e-13,1.629898484971625123e+02,1.418274497025250682e-23,2.704879980869499381e-24,1.147786498938300744e-23,2.516609407871468288e-19,1.817783999434477744e-21,9.891838581694409882e-01,2.349487344609787250e-03,8.466654485953519285e-03
1.631116645274294245e-13,1.631116645274294115e+02,2.024283604188342125e-23,4.289257258581694359e-24,1.595357878330172616e-23,2.807990389247044118e-19,1.862153577351593546e-21,9.891836001071687701e-01,2.349486746477863052e-03,8.466913146357352843e-03
1.632334805576963687e-13,1.632334805576963674e+02,1.605870623595724544e-23,5.155092297709327143e-24,1.090361393824791830e-23,3.885393255082934212e-19,5.821342842770708451e-23,9.891832430390015141e-01,2.349485908495892780e-03,8.467271052506625956e-03
1.633552965879633129e-13,1.633552965879633234e+02,1.513876220668017394e-23,3.431827270910173365e-24,1.170693493577000058e-23,5.714870880471409703e-19,1.937702425434336511e-23,9.891827178459986492e-01,2.349484671937671510e-03,8.467797482067558612e-03
1.634771126182302319e-13,1.634771126182302226e+02,1.786757464715658601e-23,3.898514405372067190e-24,1.396906024178451882e-23,8.128877734073312801e-19,8.251544444585933489e-24,9.891819708107165710e-01,2.349482910565152752e-03,8.468546278722280038e-03
1.635989286484971761e-13,1.635989286484971785e+02,2.339643310274103610e-23,6.819855546169467719e-24,1.657657755657156838e-23,1.091568948648278493e-18,1.392648887712786513e-24,9.891809676741718516e-01,2.349480543322611005e-03,8.469551782509545518e-03
1.637207446787641204e-13,1.637207446787641345e+02,4.386450949027905851e-23,2.517423141843764246e-23,1.869027807184141605e-23,1.383252208030642323e-18,5.865741443893983328e-25,9.891796964900223532e-01,2.349477541342520712e-03,8.470825968639180553e-03
1.638425607090310646e-13,1.638425607090310621e+02,7.836116699220518314e-23,5.412638743081271489e-23,2.423477956139246824e-23,1.663425290984151430e-18,2.528779311617874848e-25,9.891781678347484341e-01,2.349473932909778000e-03,8.472358232345673229e-03
1.639643767392979836e-13,1.639643767392979896e+02,1.475663049549554438e-22,1.222083930823284985e-22,2.535791187262694536e-23,1.909279692800536034e-18,1.162317660917817155e-25,9.891764132527808284e-01,2.349469788754095755e-03,8.474116958469115127e-03
1.640861927695649278e-13,1.640861927695649172e+02,3.831045193540643731e-22,3.579880109487901682e-22,2.511650840527420496e-23,2.100671811455531127e-18,9.997111595907079393e-26,9.891744827980722965e-01,2.349465226124774955e-03,8.476051975807058492e-03
1.642080087998318720e-13,1.642080087998318731e+02,1.028376491945337954e-21,9.233578315185485028e-22,1.050186604267894512e-22,2.220850339643388679e-18,6.546537989700411923e-26,9.891724418444524103e-01,2.349460474023516016e-03,8.478097681527947335e-03
1.643298248300988162e-13,1.643298248300988291e+02,6.966628929542995649e-22,4.861493251493533681e-22,2.105135678049461967e-22,2.257663290705944705e-18,2.072119511969898763e-25,9.891703669685993905e-01,2.349455740321320166e-03,8.480177291083138696e-03
1.644516408603657352e-13,1.644516408603657283e+02,9.019359577548803247e-23,1.370751055649977845e-23,7.648608521898825108e-23,2.205337479778913016e-18,2.071712477381737640e-24,9.891683403045430367e-01,2.349450997659467515e-03,8.482208697801398023e-03
1.645734568906326794e-13,1.645734568906326842e+02,2.207529232572038483e-23,2.306155856736347142e-24,1.976913646898403732e-23,2.066181857801799216e-18,4.159509081225586776e-24,9.891664415770244911e-01,2.349446506204020801e-03,8.484111916775416776e-03
1.646952729208996236e-13,1.646952729208996118e+02,1.315779540701198608e-23,2.093613564129782488e-24,1.106418184288220323e-23,1.851319688428808452e-18,5.842262328999512151e-24,9.891647403104074643e-01,2.349442475666829039e-03,8.485817213929760724e-03
1.648170889511665678e-13,1.648170889511665678e+02,1.066988582279319242e-23,2.152439550476888737e-24,8.517446272316303682e-24,1.579929111023239623e-18,4.431481850470851798e-24,9.891632884431135198e-01,2.349439035131366173e-03,8.487272521758930030e-03
1.649389049814334868e-13,1.649389049814334953e+02,1.097528295857598385e-23,3.371395762959799440e-24,7.603887195616183678e-24,1.277201458036209488e-18,7.093921765794885736e-24,9.891621147682273518e-01,2.349436254501021271e-03,8.488448977275478424e-03
1.650607210117004310e-13,1.650607210117004229e+02,1.134252931146934891e-23,3.020918314407778860e-24,8.321610997061570786e-24,9.715732991053135499e-19,7.822014333520489094e-24,9.891612219476281220e-01,2.349434141617172487e-03,8.489343910758529246e-03
1.651825370419673753e-13,1.651825370419673789e+02,1.118646486387643207e-23,1.761809698801303174e-24,9.424655165075129264e-24,6.918795653472458282e-19,9.482561235466462950e-24,9.891605861474249695e-01,2.349432640230055859e-03,8.489981212348783265e-03
1.653043530722343195e-13,1.653043530722343064e+02,1.033101669615522733e-23,7.190741549178265276e-25,9.611942541237401074e-24,4.646627811266202466e-19,1.515964705392150099e-23,9.891601591446946840e-01,2.349431634950422017e-03,8.490409220358586390e-03
1.654261691025012385e-13,1.654261691025012340e+02,1.005622921070511254e-23,2.988773734358064515e-25,9.757351837269305902e-24,3.118036924634069662e-19,4.479248371018415006e-23,9.891598726092749594e-01,2.349430963441687115e-03,8.490696427287058867e-03
1.655479851327681827e-13,1.655479851327681899e+02,1.149655623567575249e-23,1.036682132898941087e-24,1.045987410277681158e-23,2.511543652610072813e-19,2.777544308893378659e-21,9.891596418059580564e-01,2.349430424957639832e-03,8.490927769087951854e-03
1.656698011630351269e-13,1.656698011630351175e+02,1.562428306672109409e-23,1.438082691140608572e-24,1.418620037558048607e-23,2.824895001985555408e-19,9.304134866853181842e-22,9.891593822045001705e-01,2.349429821533749116e-03,8.491187973969940156e-03
1.657916171933020459e-13,1.657916171933020451e+02,1.635848841843383037e-23,4.706280608847157150e-24,1.165220780958667322e-23,4.098561049648775458e-19,1.625725401294078186e-22,9.891590055644889912e-01,2.349428937761133696e-03,8.491565497753348485e-03
1.659134332235689901e-13,1.659134332235690010e+02,1.699080914230542095e-23,4.569873787521049374e-24,1.242093535478437158e-23,6.229327172530574083e-19,2.554998722430754177e-23,9.891584331216829451e-01,2.349427589636420705e-03,8.492139288684327422e-03
1.660352492538359343e-13,1.660352492538359286e+02,1.836586469814123070e-23,4.447724365724071363e-24,1.391814033241715860e-23,9.041491219420767697e-19,1.809945942410933409e-23,9.891576022605436114e-01,2.349425629113261523e-03,8.492972110347059289e-03
1.661570652841028785e-13,1.661570652841028846e+02,1.970929231321193006e-23,4.119409008541829045e-24,1.558988330467010102e-23,1.230373522790049853e-18,9.500002051070823659e-24,9.891564716232077448e-01,2.349422958121945813e-03,8.494105418674079838e-03
1.662788813143697975e-13,1.662788813143697837e+02,4.278317693877113446e-23,2.221387351498258789e-23,2.056930342378854657e-23,1.574011072203666632e-18,1.481606974844041247e-24,9.891550252075360650e-01,2.349419541686695659e-03,8.495555250781040152e-03
1.664006973446367417e-13,1.664006973446367397e+02,5.909796380806056820e-23,3.693156904664052897e-23,2.216639476142003923e-23,1.904612016722294824e-18,1.629865526666366688e-25,9.891532749989657702e-01,2.349415405140302913e-03,8.497309595897726761e-03
1.665225133749036859e-13,1.665225133749036956e+02,1.081663336313320653e-22,9.159115060703031109e-23,1.657518302430175419e-23,2.191391833412722625e-18,1.275676344254729569e-25,9.891512612756613310e-01,2.349410637384538938e-03,8.499328086957634240e-03
1.666443294051706302e-13,1.666443294051706232e+02,2.405261567714725563e-22,2.192069885160259548e-22,2.131916825544660150e-23,2.406584088197167239e-18,1.415693277425348935e-25,9.891490498147342825e-01,2.349405404092132742e-03,8.501544781177008264e-03
1.667661454354375491e-13,1.667661454354375508e+02,4.288652417677837799e-22,3.056616068365199196e-22,1.232036349312638603e-22,2.528990644212528561e-18,1.387369673588970956e-25,9.891467257906284560e-01,2.349399997900911054e-03,8.503874211473921516e-03
1.668879614657044934e-13,1.668879614657045067e+02,2.371923479214693798e-21,2.152988530002695383e-21,2.189349492119984151e-22,2.546776957049067344e-18,7.499476543882676086e-26,9.891443853642075679e-01,2.349394637607810608e-03,8.506219998188234085e-03
1.670097774959714376e-13,1.670097774959714343e+02,1.379976894840860131e-22,8.268602684201341626e-23,5.531166264207259684e-23,2.458681860143104517e-18,4.221194206114648529e-25,9.891421260288283390e-01,2.349389322483928788e-03,8.508484648691050714e-03
1.671315935262383818e-13,1.671315935262383903e+02,1.786780388621264654e-23,8.345560334388933598e-24,9.522243551823712942e-24,2.273506948757686703e-18,1.585777941252795037e-24,9.891400369013839677e-01,2.349384369260488874e-03,8.510578729359103908e-03
1.672534095565053008e-13,1.672534095565052894e+02,8.544398429311675937e-24,2.466959942834227930e-24,6.077438486477448374e-24,2.008511858037298369e-18,4.231407927614288819e-24,9.891381912875886195e-01,2.349379991238259840e-03,8.512428721176697188e-03
1.673752255867722450e-13,1.673752255867722454e+02,8.348331147348905646e-24,2.263140717479959100e-24,6.085190429868946179e-24,1.687513781581917597e-18,5.409993116651887426e-24,9.891366406421133739e-01,2.349376313826142832e-03,8.513983044063949679e-03
1.674970416170391892e-13,1.674970416170392014e+02,9.704601455282189813e-24,3.418832042150549089e-24,6.285769413131640724e-24,1.339062185732396071e-18,5.912731392746472018e-24,9.891354101886880024e-01,2.349373397111140932e-03,8.515216414204314008e-03
1.676188576473061334e-13,1.676188576473061289e+02,9.484754629822923721e-24,1.859462281145167140e-24,7.625292348677756581e-24,9.944976577744169064e-19,8.111062061353155656e-24,9.891344963520812827e-01,2.349371233665491308e-03,8.516132414256938690e-03
1.677406736775730524e-13,1.677406736775730565e+02,7.858800063441407495e-24,5.251854708110813094e-25,7.333614592630326737e-24,6.855871419439731993e-19,8.035648238270992152e-24,9.891338663701497724e-01,2.349369744157404558e-03,8.516763885696450320e-03
1.678624897078399966e-13,1.678624897078399840e+02,7.129777341703527505e-24,4.290148355990739879e-25,6.700762506104454069e-24,4.416930544030578521e-19,1.078951323912238595e-23,9.891334604996493418e-01,2.349368786366327205e-03,8.517170713987881961e-03
1.679843057381069409e-13,1.679843057381069400e+02,7.263572160699195665e-24,1.807442692930327687e-25,7.082827891406163447e-24,2.867606257899392806e-19,3.377729325819552297e-23,9.891331969937868784e-01,2.349368167072187364e-03,8.517434839144756228e-03
1.681061217683738598e-13,1.681061217683738676e+02,7.822964466397631738e-24,2.825874859233636957e-25,7.540376980474268272e-24,2.397696535459966212e-19,3.144705822301221909e-21,9.891329766668004453e-01,2.349367650760422321e-03,8.517655682443010801e-03
1.682279377986408041e-13,1.682279377986407951e+02,1.536159821092808361e-23,2.919796077092541322e-24,1.244180213383554192e-23,2.982369801307853348e-19,5.990683066800573796e-22,9.891327026108893694e-01,2.349367011380344358e-03,8.517930377733995070e-03
1.683497538289077483e-13,1.683497538289077511e+02,2.335830013656436127e-23,1.198512551071627799e-23,1.137317462584808328e-23,4.659575195239616141e-19,1.522121868252095042e-22,9.891322744410189216e-01,2.349366004939318787e-03,8.518359554045397755e-03
1.684715698591746925e-13,1.684715698591746786e+02,1.949859903350652959e-23,7.856666795681909809e-24,1.164193223782461978e-23,7.272459972560042999e-19,1.797257769501304077e-23,9.891316061785664360e-01,2.349364428494250551e-03,8.519029392942842338e-03
1.685933858894416115e-13,1.685933858894416062e+02,1.672786750691883458e-23,2.632512541985769752e-24,1.409535496493306520e-23,1.059095411366292207e-18,1.418789671639877218e-23,9.891306329856178747e-01,2.349362130075406847e-03,8.520004884310520069e-03
1.687152019197085557e-13,1.687152019197085622e+02,2.099448379135330320e-23,3.061155986649520017e-24,1.793332780470378429e-23,1.431502103256793629e-18,1.289112185748563458e-23,9.891293175956803463e-01,2.349359022441923836e-03,8.521323381881331163e-03
1.688370179499754999e-13,1.688370179499754897e+02,2.931915489337930177e-23,5.771820533480617437e-24,2.354733435989868507e-23,1.810378453013135403e-18,8.539556611069354843e-24,9.891276540650880689e-01,2.349355093121348759e-03,8.522990841794218786e-03
1.689588339802424441e-13,1.689588339802424457e+02,3.908363647022471885e-23,2.112178159118922406e-23,1.796185487903549479e-23,2.160998716603491661e-18,2.833067126863222508e-24,9.891256683713962605e-01,2.349350393383096546e-03,8.524981235224405110e-03
1.690806500105093631e-13,1.690806500105093733e+02,8.504778014314687125e-23,7.123289865786194681e-23,1.381488148528492444e-23,2.451636642632589438e-18,4.163058229044684544e-25,9.891234156331345506e-01,2.349345055403176483e-03,8.527239311465917987e-03
1.692024660407763073e-13,1.692024660407763008e+02,1.681668765732494498e-22,1.557529184669981359e-22,1.241395810625131393e-23,2.656525001869216129e-18,1.737717066402784264e-26,9.891209746435897232e-01,2.349339268804822786e-03,8.529686087609011924e-03
1.693242820710432515e-13,1.693242820710432568e+02,3.440743302286233986e-22,2.304986710313635825e-22,1.135756591972598161e-22,2.757680198229530127e-18,1.124102761812608961e-26,9.891184406269333262e-01,2.349333355060988313e-03,8.532226018009250734e-03
1.694460981013101958e-13,1.694460981013101843e+02,4.819709994274348038e-22,2.006443285087221017e-22,2.813266709187127021e-22,2.745712904901570803e-18,1.681952882969462997e-25,9.891159174649722940e-01,2.349327622998509130e-03,8.534754912032618129e-03
1.695679141315771147e-13,1.695679141315771119e+02,3.791498863340914182e-21,3.739639780409170796e-21,5.185908293174338587e-23,2.620281893871119040e-18,3.163527088093741774e-25,9.891135098142650461e-01,2.349321944320110524e-03,8.537168241418376102e-03
1.696897301618440590e-13,1.696897301618440679e+02,4.484614496647231541e-23,3.803649414137393041e-23,6.809650825098385005e-24,2.390699231780141027e-18,1.490156025271572733e-24,9.891113131293285399e-01,2.349316733041444116e-03,8.539370137633657196e-03
1.698115461921110032e-13,1.698115461921109954e+02,1.096224556827821166e-23,5.281858332150390518e-24,5.680387236127821143e-24,2.076374087829144643e-18,4.218172334296856722e-24,9.891094052687117166e-01,2.349312206795538260e-03,8.541282524496441805e-03
1.699333622223779474e-13,1.699333622223779514e+02,6.475103745067925901e-24,1.653199706909380891e-24,4.821904038158545377e-24,1.706116161858231515e-18,8.091573014013840146e-24,9.891078376221273949e-01,2.349308487829463929e-03,8.542853890046889914e-03
1.700551782526448664e-13,1.700551782526448790e+02,5.526285055374500460e-24,8.196770098089776794e-25,4.706608045565522688e-24,1.315515731887805295e-18,7.741253428828458487e-24,9.891066288770494763e-01,2.349305621213549668e-03,8.544065501740583102e-03
1.701769942829118106e-13,1.701769942829118065e+02,6.731734238175562745e-24,1.236611590674859226e-24,5.495122647500703702e-24,9.426301338888523467e-19,5.716657907476685408e-24,9.891057627530847052e-01,2.349303569115784949e-03,8.544933677803104657e-03
1.702988103131787548e-13,1.702988103131787625e+02,7.184919436859852837e-24,5.823001577429945891e-25,6.602619279116858340e-24,6.231546431682722521e-19,6.622459271290932938e-24,9.891051901732992313e-01,2.349302215268336304e-03,8.545507611435835052e-03
1.704206263434456738e-13,1.704206263434456616e+02,5.795947473571320882e-24,1.460837251277790526e-25,5.649863748443541623e-24,3.865858393744903563e-19,8.815453753687978546e-24,9.891048349614387503e-01,2.349301376824585678e-03,8.545863661740272718e-03
1.705424423737126180e-13,1.705424423737126176e+02,6.460460069512908819e-24,7.215604118779977435e-25,5.738899657634911259e-24,2.545956227624880490e-19,3.935032774417885184e-22,9.891046010262133370e-01,2.349300826516031310e-03,8.546098147274021339e-03
1.706642584039795622e-13,1.706642584039795736e+02,8.237403612176947701e-24,1.303535916415520371e-24,6.933867695761426963e-24,2.398084144972385426e-19,1.255917540804689144e-21,9.891043806769197477e-01,2.349300309585281368e-03,8.546319013498209632e-03
1.707860744342465064e-13,1.707860744342465011e+02,1.480826695839266728e-23,2.313625907520647975e-24,1.249464105087201894e-23,3.435740876223680537e-19,3.790294410397920207e-22,9.891040649797844253e-01,2.349299571349753538e-03,8.546635448869221649e-03
1.709078904645134254e-13,1.709078904645134287e+02,2.322268389867081203e-23,1.093302236469475524e-23,1.228966153397605679e-23,5.621155328561616849e-19,3.749506355508830505e-23,9.891035484812416012e-01,2.349298355965421733e-03,8.547153162796672018e-03
1.710297064947803696e-13,1.710297064947803563e+02,2.022671860602308098e-23,7.311518215377545157e-24,1.291520039064553582e-23,8.786922439966130132e-19,1.197400114287281870e-23,9.891027411036941164e-01,2.349296450280343677e-03,8.547962446029254424e-03
1.711515225250473139e-13,1.711515225250473122e+02,1.867632329401714435e-23,3.266137847443223165e-24,1.541018544657392118e-23,1.266113068634451284e-18,1.348641178571093705e-23,9.891015777535947517e-01,2.349293701423208706e-03,8.549128544985391473e-03
1.712733385553142581e-13,1.712733385553142682e+02,2.271796646382121039e-23,2.927809119516514538e-24,1.979015734430469695e-23,1.689147794308413575e-18,1.439053401214710526e-23,9.891000257089697101e-01,2.349290033416305285e-03,8.550684257617320941e-03
1.713951545855811771e-13,1.713951545855811673e+02,2.336362044812637245e-23,3.356912220176827846e-24,2.000670822794954607e-23,2.108422813046016181e-18,1.306761031007336137e-23,9.890980884317950306e-01,2.349285450613125808e-03,8.552626117595647434e-03
1.715169706158481213e-13,1.715169706158481233e+02,3.812036356106674936e-23,1.846622086849795187e-23,1.965414269256879749e-23,2.485437723809145744e-18,6.509267515571946141e-24,9.890958047563991329e-01,2.349280044691082897e-03,8.554915198913172134e-03
1.716387866461150655e-13,1.716387866461150793e+02,5.707452285915745812e-23,4.282611001361836084e-23,1.424841284553909728e-23,2.786889538759441338e-18,1.784551927551204974e-24,9.890932441203020842e-01,2.349273975862233715e-03,8.557481903839286863e-03
1.717606026763820097e-13,1.717606026763820068e+02,1.357152954612678940e-22,1.232431174029634460e-22,1.247217805830444797e-23,2.987204884073947202e-18,2.868444441779679863e-25,9.890904994495263169e-01,2.349267468090480374e-03,8.560233082386707257e-03
1.718824187066489287e-13,1.718824187066489344e+02,2.952459854925834616e-22,2.130919277228588904e-22,8.215405776972457124e-23,3.069544188565252284e-18,2.350442102418832050e-25,9.890876790776927940e-01,2.349260845046733694e-03,8.563060077263897479e-03
1.720042347369158729e-13,1.720042347369158620e+02,5.069821451092770710e-22,1.341084227531109244e-22,3.728737223561661231e-22,3.026308890188460868e-18,5.280086701056632748e-25,9.890848981783054716e-01,2.349254585989780410e-03,8.565847235708318880e-03
1.721260507671828171e-13,1.721260507671828179e+02,3.616710822957294860e-22,2.373968524564733850e-22,1.242742298392561010e-22,2.859936303036926062e-18,8.349478229430104670e-25,9.890822703850866704e-01,2.349248459426321167e-03,8.568481155490840009e-03
1.722478667974497614e-13,1.722478667974497739e+02,2.559971721161123350e-21,2.553505271465415669e-21,6.466449695707681053e-24,2.583771421024485203e-18,1.730667383182901886e-24,9.890798964731953857e-01,2.349242821331083090e-03,8.570860705477127695e-03
1.723696828277166803e-13,1.723696828277166730e+02,2.859640634132877601e-23,2.353974794610785002e-23,5.056658395220925986e-24,2.221995483125243034e-18,3.884322662333876583e-24,9.890778549405594422e-01,2.349237976968850117e-03,8.572907082475367951e-03
1.724914988579836246e-13,1.724914988579836290e+02,7.650563366715081053e-24,3.568511946608736672e-24,4.082051420106344380e-24,1.807699437383642058e-18,6.724597328733585239e-24,9.890761940623542525e-01,2.349234035868133508e-03,8.574571901780981067e-03
1.726133148882505688e-13,1.726133148882505566e+02,5.108331046812504986e-24,1.592181228946852415e-24,3.516149817865652754e-24,1.379174649273335383e-18,8.513312117821268232e-24,9.890749269075522765e-01,2.349231029410056657e-03,8.575842063041025712e-03
1.727351309185174877e-13,1.727351309185174841e+02,4.939891295172244838e-24,1.598269309560403081e-24,3.341621985611841940e-24,9.755685403390423774e-19,7.970164933090923239e-24,9.890740305781909880e-01,2.349228903567022932e-03,8.576740518245442452e-03
1.728569469487844320e-13,1.728569469487844401e+02,5.808644929580816021e-24,7.466865911572072487e-25,5.061958338423608956e-24,6.332648646719250146e-19,6.161615063436888296e-24,9.890734487475805192e-01,2.349227526315079365e-03,8.577323726107711696e-03
1.729787629790513762e-13,1.729787629790513677e+02,5.763311537680240762e-24,4.234029211283221164e-25,5.339908616551919013e-24,3.834715252863001046e-19,4.450477619392059474e-24,9.890730964201469577e-01,2.349226694433405576e-03,8.577676885422904490e-03
1.731005790093183204e-13,1.731005790093183236e+02,6.764222502887818823e-24,7.979771086590693886e-25,5.966245394228749526e-24,2.515802062662828695e-19,1.180319221833180099e-21,9.890728652702022172e-01,2.349226150951075256e-03,8.577908578849859078e-03
1.732223950395852394e-13,1.732223950395852512e+02,8.944852769684837369e-24,7.416764114666013401e-25,8.203176358218235937e-24,2.505933181979134580e-19,1.403342368760356683e-21,9.890726350250329535e-01,2.349225611695802008e-03,8.578139363274506213e-03
1.733442110698521836e-13,1.733442110698521788e+02,1.956678350431698381e-23,3.945878473807531923e-24,1.562090503050945262e-23,3.838233497670756478e-19,3.667072580487181320e-22,9.890722823655235807e-01,2.349224788567830843e-03,8.578492845911871861e-03
1.734660271001191278e-13,1.734660271001191347e+02,2.923542030015920646e-23,1.142774413039125683e-23,1.780767616976795110e-23,6.435335737209840718e-19,1.523890142094676614e-23,9.890716910908056159e-01,2.349223400700581766e-03,8.579085508496973878e-03
1.735878431303860720e-13,1.735878431303860623e+02,2.253579579080214768e-23,6.361621767800270244e-24,1.617417402300187670e-23,1.006635664762292648e-18,1.232669514969438443e-23,9.890707662121368537e-01,2.349221218957627932e-03,8.580012568908612636e-03
1.737096591606529910e-13,1.737096591606529898e+02,2.139141202597699958e-23,3.090414600352592768e-24,1.830099742562440791e-23,1.439886169022166316e-18,1.534417868802613079e-23,9.890694432781168555e-01,2.349218093744345325e-03,8.581338628141966379e-03
1.738314751909199352e-13,1.738314751909199458e+02,2.785594853259738285e-23,4.549119460099171475e-24,2.330682907249821064e-23,1.905063100626920977e-18,1.530497898650541935e-23,9.890676929565960229e-01,2.349213958055485808e-03,8.583093085351593821e-03
1.739532912211868795e-13,1.739532912211868734e+02,2.780104467204780937e-23,5.833034815730446577e-24,2.196800985631736426e-23,2.363459758735325457e-18,1.292392641100421310e-23,9.890655214873613765e-01,2.349208820818367034e-03,8.585269691823495600e-03
1.740751072514538237e-13,1.740751072514538293e+02,3.112078441095607823e-23,7.671560881932950381e-24,2.344922352902312932e-23,2.778923474095307004e-18,6.555485420327539335e-24,9.890629683180958143e-01,2.349202778346663918e-03,8.587828903560575794e-03
1.741969232817207427e-13,1.741969232817207285e+02,4.282315839904785517e-23,1.952135821860145218e-23,2.330180018044640299e-23,3.118936519424112745e-18,1.976137150865577879e-24,9.890601027763494812e-01,2.349195993770822246e-03,8.590701229882796025e-03
1.743187393119876869e-13,1.743187393119876845e+02,9.972072917161273324e-23,8.179594699474604646e-23,1.792478217686668678e-23,3.355082956505965426e-18,3.673767534218638579e-25,9.890570202993558269e-01,2.349188688802401719e-03,8.593791011844879174e-03
1.744405553422546311e-13,1.744405553422546404e+02,2.581079141776100561e-22,1.933551281720072011e-22,6.475278600560285499e-23,3.464639452753879716e-18,1.374519150757140133e-25,9.890538371462976874e-01,2.349181187962609552e-03,8.596981665742874090e-03
1.745623713725215753e-13,1.745623713725215680e+02,5.205994694914857988e-22,1.243061066038636313e-22,3.962933628876221676e-22,3.433837354305917251e-18,2.605283221327933518e-25,9.890506820072137995e-01,2.349174061781023320e-03,8.600143931008238582e-03
1.746841874027884943e-13,1.746841874027884955e+02,3.284778315442410981e-22,1.249939207388718894e-22,2.034839108053692087e-22,3.261687667817235830e-18,3.315301595532977784e-25,9.890476852233441862e-01,2.349167132617738501e-03,8.603147644041466216e-03
1.748060034330554385e-13,1.748060034330554515e+02,6.334298292050440321e-22,6.237181248834448401e-22,9.711704321599191962e-24,2.962266178990415537e-18,2.832964629748290885e-24,9.890449637247002990e-01,2.349160676211290398e-03,8.605875599091591249e-03
1.749278194633223827e-13,1.749278194633223791e+02,1.156819678537476793e-22,1.079011579010557645e-22,7.780809952691914801e-24,2.563742628443785640e-18,3.947564932678972164e-24,9.890426083666180590e-01,2.349155088799308091e-03,8.608236544585992633e-03
1.750496354935893269e-13,1.750496354935893351e+02,1.514906373287288276e-23,8.746889795093859645e-24,6.402173937779023116e-24,2.104174655304163516e-18,4.872455444699754496e-24,9.890406752297435933e-01,2.349150503177193424e-03,8.610174267082581698e-03
1.751714515238562459e-13,1.751714515238562342e+02,7.882427949628679600e-24,2.389258064468516198e-24,5.493169885160163035e-24,1.625823103944294335e-18,6.947782938363541166e-24,9.890391815662559205e-01,2.349146960553507701e-03,8.611671473193759779e-03
1.752932675541231901e-13,1.752932675541231902e+02,7.542329055889461132e-24,2.388179149852334218e-24,5.154149906037126546e-24,1.170281804683962844e-18,7.298553117645310796e-24,9.890381064158052515e-01,2.349144411659065401e-03,8.612749172539025874e-03
1.754150835843901344e-13,1.754150835843901461e+02,8.230808271598705404e-24,1.171850444168742320e-24,7.058957827429963634e-24,7.755505203707847504e-19,3.461607471802041701e-24,9.890373939071573917e-01,2.349142725876531435e-03,8.613463366969555460e-03
1.755368996146570533e-13,1.755368996146570453e+02,8.845739407981490411e-24,6.176256888715193248e-25,8.228113719109971730e-24,4.745203616749831063e-19,2.429344738310039594e-24,9.890369579558607738e-01,2.349141698054964429e-03,8.613900346087499660e-03
1.756587156449239976e-13,1.756587156449240013e+02,1.028995352287626921e-23,3.865898288509009460e-25,9.903363694025368498e-24,2.935967085159156396e-19,4.684152488138387415e-23,9.890366882184954411e-01,2.349141066578175167e-03,8.614170714929921674e-03
1.757805316751909418e-13,1.757805316751909288e+02,1.534944829876016458e-23,1.567959652050853951e-24,1.378148864670930971e-23,2.519359666954310790e-19,1.537866075287695477e-21,9.890364567515578242e-01,2.349140529600302844e-03,8.614402718845046159e-03
1.759023477054578860e-13,1.759023477054578848e+02,2.157726745837358337e-23,2.058162162198346331e-24,1.951910529617523630e-23,3.520809516979251227e-19,3.477664421310866610e-22,9.890361332760525537e-01,2.349139779413938426e-03,8.614726944537076658e-03
1.760241637357248050e-13,1.760241637357248123e+02,3.584185954930772093e-23,1.064846274584159051e-23,2.519339680346613041e-23,5.914056688659729764e-19,1.867793812740645326e-23,9.890355899277198937e-01,2.349138512241623865e-03,8.615271560042141868e-03
1.761459797659917492e-13,1.761459797659917399e+02,3.368451432058491429e-23,1.211022879336329906e-23,2.157428552722161523e-23,9.504153302913665232e-19,1.455713072621134707e-23,9.890347167612500989e-01,2.349136458326550256e-03,8.616146780426759549e-03
1.762677957962586934e-13,1.762677957962586959e+02,2.787512273161916155e-23,7.018480278200815016e-24,2.085664245341834653e-23,1.399104683042272457e-18,1.531502588906248991e-23,9.890334313871866900e-01,2.349133424688419625e-03,8.617435188128561019e-03
1.763896118265256376e-13,1.763896118265256234e+02,3.029374714892113759e-23,5.056061788838710276e-24,2.523768536008242879e-23,1.900356245616902087e-18,1.412748411985281213e-23,9.890316855155133480e-01,2.349129301358852517e-03,8.619185183131317096e-03
1.765114278567925566e-13,1.765114278567925510e+02,2.851744821928673511e-23,5.369416484148890876e-24,2.314803173513784497e-23,2.413095469873041275e-18,1.188022922587749067e-23,9.890294686034794003e-01,2.349124057281332632e-03,8.621407339242583012e-03
1.766332438870595008e-13,1.766332438870595070e+02,2.770334319796775388e-23,5.788516409728739343e-24,2.191482678823901527e-23,2.895361739386333166e-18,7.208049115525189522e-24,9.890268086516714741e-01,2.349117759757607914e-03,8.624073588574273849e-03
1.767550599173264451e-13,1.767550599173264345e+02,4.365425574711582553e-23,1.672458371209912351e-23,2.692967203501669909e-23,3.307202351290375857e-18,3.279533726444681163e-24,9.890237703601797437e-01,2.349110568242542604e-03,8.627119071581366636e-03
1.768768759475933893e-13,1.768768759475933905e+02,7.866125934814158628e-23,5.829855496634913596e-23,2.036270438179245032e-23,3.613760970950595211e-18,1.591492720982275941e-24,9.890204504666336716e-01,2.349102701679849255e-03,8.630446831689788170e-03
1.769986919778603082e-13,1.769986919778603180e+02,2.073885911243649151e-22,1.644806592982325342e-22,4.290793182613238088e-23,3.788573353871460463e-18,9.849255119378705549e-25,9.890169699814524984e-01,2.349094474390088765e-03,8.633935544160684095e-03
1.771205080081272525e-13,1.771205080081272456e+02,4.913634394403199520e-22,1.386594533193093412e-22,3.527039861210106343e-22,3.816467740491440832e-18,5.131049111999991435e-25,9.890134636104522814e-01,2.349086473432198622e-03,8.637449916118734861e-03
1.772423240383941967e-13,1.772423240383942016e+02,2.952734710633893478e-22,9.493429792096503039e-23,2.003391731424243292e-22,3.695227677643020877e-18,1.560649804301305073e-25,9.890100687814493696e-01,2.349078595975133063e-03,8.640852622578817574e-03
1.773641400686611409e-13,1.773641400686611291e+02,1.304732405274379406e-22,1.203066848420736399e-22,1.016655568536430074e-23,3.435545999005684178e-18,2.871740091176703083e-25,9.890069127066472010e-01,2.349071108901957215e-03,8.644016184454478627e-03
1.774859560989280599e-13,1.774859560989280567e+02,3.064213275292494770e-21,3.056577984980940326e-21,7.635290311554444383e-24,3.059510107505298085e-18,6.578962632008824878e-24,9.890041021267467203e-01,2.349064433612701834e-03,8.646833439643857380e-03
1.776077721291950041e-13,1.776077721291950127e+02,3.569157558430166558e-23,2.970897154346467485e-23,5.982604040836990734e-24,2.598303570403409216e-18,8.189149958739824384e-24,9.890017152151465707e-01,2.349058769755396799e-03,8.649226015101646806e-03
1.777295881594619483e-13,1.777295881594619402e+02,1.078367560719970384e-23,5.852316465076556941e-24,4.931359142123146895e-24,2.089824393703748472e-18,1.200923266101752456e-23,9.889997954220984822e-01,2.349054214465684087e-03,8.651150363439221239e-03
1.778514041897288673e-13,1.778514041897288678e+02,6.867171735352958060e-24,2.562276165285199720e-24,4.304895570067758340e-24,1.576187025401495569e-18,1.292565746503224435e-23,9.889983474804617813e-01,2.349050779334159803e-03,8.652601740207543912e-03
1.779732202199958115e-13,1.779732202199958238e+02,6.662431284699536178e-24,2.343391202464164443e-24,4.319040082235371735e-24,1.100850477521699848e-18,9.350021700906917937e-24,9.889973362012517422e-01,2.349048381368852578e-03,8.653615417383001343e-03
1.780950362502627557e-13,1.780950362502627513e+02,6.442140512557137665e-24,4.618739506449995408e-25,5.980266561912137849e-24,7.050100394809042624e-19,8.533336965500450784e-24,9.889966885528409524e-01,2.349046848639941773e-03,8.654264598522573571e-03
1.782168522805297000e-13,1.782168522805297073e+02,8.379091462998213028e-24,7.854723031823361889e-25,7.593619159815876380e-24,4.235107007047732971e-19,8.905032437103101635e-24,9.889962994969169197e-01,2.349045931613016891e-03,8.654654571473532898e-03
1.783386683107966189e-13,1.783386683107966064e+02,1.203220271382616612e-23,1.166785750530182847e-24,1.086541696329598401e-23,2.833621663179223861e-19,2.169208913105675293e-21,9.889960391825854957e-01,2.349045323408928670e-03,8.654915494008831242e-03
1.784604843410635632e-13,1.784604843410635624e+02,2.396461915952979019e-23,5.559375527196887552e-24,1.840524363233290264e-23,2.916443986802804001e-19,1.048464113925475685e-21,9.889957712532272405e-01,2.349044704111426067e-03,8.655184042664684080e-03
1.785823003713305074e-13,1.785823003713305184e+02,4.495198845825117138e-23,1.676804788896315227e-23,2.818394056928801617e-23,4.514912502097898166e-19,2.806313459763415170e-22,9.889953564756046589e-01,2.349043745080789045e-03,8.655599779317988546e-03
1.787041164015974516e-13,1.787041164015974459e+02,3.695522780664079809e-23,1.402091755029748657e-23,2.293431025634331152e-23,7.501682876686326153e-19,1.948136932680622559e-23,9.889946673308536162e-01,2.349042129508275602e-03,8.656290539641764079e-03
1.788259324318643706e-13,1.788259324318643735e+02,2.949937990928784830e-23,7.280409289836124083e-24,2.221897061945172421e-23,1.163586488533832169e-18,1.834853823522480266e-23,9.889935984120293844e-01,2.349039611253690273e-03,8.657361976720326716e-03
1.789477484621313148e-13,1.789477484621313010e+02,3.097514085374722408e-23,5.932309876013303781e-24,2.504283097773392030e-23,1.658593404116047061e-18,1.731128493850385961e-23,9.889920747693533576e-01,2.349036015573128383e-03,8.658889215076978271e-03
1.790695644923982590e-13,1.790695644923982570e+02,2.872659412248003632e-23,5.353668384229714579e-24,2.337292573825032028e-23,2.195554145642842015e-18,1.611927616131175184e-23,9.889900578716886992e-01,2.349031246772389104e-03,8.660910881542496081e-03
1.791913805226652032e-13,1.791913805226652130e+02,2.593718164589065361e-23,5.239136294841601109e-24,2.069804535104905177e-23,2.730889474320054922e-18,1.275143929052883714e-23,9.889875492191217976e-01,2.349025307479941059e-03,8.663425473401558177e-03
1.793131965529321222e-13,1.793131965529321121e+02,4.255119018278792706e-23,1.701619560393264976e-23,2.553499457885527729e-23,3.220428326424174177e-18,8.134039762800770343e-24,9.889845908812886499e-01,2.349018304569849835e-03,8.666390814145115418e-03
1.794350125831990664e-13,1.794350125831990681e+02,6.846957159228107032e-23,4.539275747780099682e-23,2.307681411448007349e-23,3.623119040958348810e-18,4.587444833106542330e-24,9.889812626518320604e-01,2.349010420753871314e-03,8.669726927417553339e-03
1.795568286134660106e-13,1.795568286134660241e+02,1.715316835747911865e-22,1.513853744662323226e-22,2.014630910855886386e-23,3.904662975059235791e-18,2.625034468199818986e-24,9.889776758240754750e-01,2.349001919763954969e-03,8.673322256164010813e-03
1.796786446437329549e-13,1.796786446437329516e+02,3.986756916432626812e-22,1.444872472913630102e-22,2.541884443518996945e-22,4.040647999317260495e-18,1.406735785061814759e-24,9.889739638932493193e-01,2.348993339031418999e-03,8.677042767722655675e-03
1.798004606739998738e-13,1.798004606739998792e+02,2.589951487022546379e-22,7.380514425607650751e-23,1.851900044461781186e-22,4.018957061699545594e-18,9.704765543676090041e-25,9.889702719777987427e-01,2.348984741905783043e-03,8.680743280298818323e-03
1.799222767042668181e-13,1.799222767042668067e+02,1.160609396121443701e-22,1.041844237681499748e-22,1.187651584399439537e-23,3.841241467521974633e-18,7.174949696552734681e-25,9.889667434941680213e-01,2.348976371915030038e-03,8.684280133920172645e-03
1.800440927345337623e-13,1.800440927345337627e+02,2.593164938860486781e-22,2.509374559605966678e-22,8.379037925452010310e-24,3.523075974020045838e-18,4.325500639107703829e-24,9.889635072967074558e-01,2.348968692584886466e-03,8.687524010710960184e-03
1.801659087648006813e-13,1.801659087648006903e+02,3.445310861450773118e-22,3.382953134397357101e-22,6.235772705341601704e-24,3.092432093372964824e-18,1.372018973797032299e-23,9.889606666961702208e-01,2.348961950686120643e-03,8.690371353147036473e-03
1.802877247950676255e-13,1.802877247950676178e+02,1.374510452013831232e-23,8.862219464810178331e-24,4.882885055328133988e-24,2.586598999769264616e-18,1.483827569735123500e-23,9.889582907463440042e-01,2.348956311887692890e-03,8.692752941771856451e-03
1.804095408253345697e-13,1.804095408253345738e+02,7.767909949298843323e-24,3.691550651527293704e-24,4.076359297771549619e-24,2.048273605266822494e-18,1.738196888015831031e-23,9.889564092892824121e-01,2.348951846862046798e-03,8.694638863858811934e-03
1.805313568556015139e-13,1.805313568556015014e+02,7.120642411733856989e-24,3.291292402603811703e-24,3.829350009130044918e-24,1.521551994390059382e-18,1.495043104520732057e-23,9.889550116602058294e-01,2.348948530787554976e-03,8.696039809010113267e-03
1.806531728858684329e-13,1.806531728858684289e+02,7.674299920680615060e-24,2.228100219349641696e-24,5.446199701330973364e-24,1.048670094951686651e-18,1.497914382634009692e-23,9.889540483988472630e-01,2.348946247919701021e-03,8.697005353236704484e-03
1.807749889161353771e-13,1.807749889161353849e+02,8.193355892328860538e-24,2.067379160451176634e-24,6.125976731877683904e-24,6.675811567741799853e-19,1.584367357390718155e-23,9.889534351872522056e-01,2.348944797115613478e-03,8.697620015635558477e-03
1.808968049464023213e-13,1.808968049464023125e+02,1.222930258768127399e-23,2.778032183144221275e-24,9.451270404537053077e-24,4.099985507516011034e-19,1.703947500685737582e-23,9.889530585752266401e-01,2.348943911365646182e-03,8.697997513411111214e-03
1.810186209766692655e-13,1.810186209766692684e+02,2.334705323127685867e-23,5.982351631936861166e-24,1.736470159933999751e-23,3.022317899630381338e-19,3.172902346280116591e-21,9.889527809450974205e-01,2.348943268058721525e-03,8.698275786847084121e-03
1.811404370069361845e-13,1.811404370069361960e+02,5.174908559822542383e-23,2.032773007561285588e-23,3.142135552261256796e-23,3.472328047431349412e-19,7.405729287413400462e-22,9.889524619668289551e-01,2.348942539566693105e-03,8.698595493607626933e-03
1.812622530372031287e-13,1.812622530372031235e+02,4.402225668289659939e-23,1.660384059575687373e-23,2.741841608713972565e-23,5.500914312856234239e-19,1.873330446622596532e-22,9.889519566574583864e-01,2.348941364794532045e-03,8.699101977750247836e-03
1.813840690674700730e-13,1.813840690674700795e+02,3.258560906307877047e-23,6.550194064702337801e-24,2.603541499837643340e-23,8.920220628238374801e-19,3.104669788481527060e-23,9.889511372712941339e-01,2.348939442770277015e-03,8.699923285938772691e-03
1.815058850977370172e-13,1.815058850977370071e+02,3.332926640343575903e-23,6.519161232282854827e-24,2.681010517115290346e-23,1.342354872189926612e-18,2.762572179709055572e-23,9.889499042360713199e-01,2.348936538973568286e-03,8.701159224958156246e-03
1.816277011280039362e-13,1.816277011280039346e+02,3.439472469241310932e-23,7.710634392501347573e-24,2.668409029991175881e-23,1.861457767804766173e-18,2.356529413707014493e-23,9.889481943877369563e-01,2.348932502538939471e-03,8.702873109727289613e-03
1.817495171582708804e-13,1.817495171582708906e+02,2.917438152401957234e-23,7.728315195218562336e-24,2.144606632880101001e-23,2.405690232062124210e-18,1.810062333239846687e-23,9.889459846535425536e-01,2.348927273918912078e-03,8.705088072541796937e-03
1.818713331885378246e-13,1.818713331885378182e+02,4.005330815566017879e-23,1.691735337518034824e-23,2.313595478047983055e-23,2.931378034943649217e-18,1.064348960551468023e-23,9.889432920677398986e-01,2.348920899987353740e-03,8.707787032275857153e-03
1.819931492188047688e-13,1.819931492188047741e+02,5.692023120839457702e-23,3.073732348149325064e-23,2.618290772690132638e-23,3.397433862694874158e-18,5.821372611840487795e-24,9.889401714104022467e-01,2.348913512107117778e-03,8.710915077493964001e-03
1.821149652490716878e-13,1.821149652490717017e+02,1.408738718602579862e-22,1.197994259140615144e-22,2.107444594619647182e-23,3.766967982413890991e-18,3.330428045690827725e-24,9.889367113547526955e-01,2.348905313152568636e-03,8.714383332097905624e-03
1.822367812793386320e-13,1.822367812793386292e+02,3.309995235556610400e-22,1.677774951340844604e-22,1.632220284215765796e-22,4.009144410841513331e-18,2.206120224525639334e-24,9.889330287516022722e-01,2.348896717526242905e-03,8.718074530874694167e-03
1.823585973096055762e-13,1.823585973096055852e+02,3.457667287633050256e-22,5.543549347721089319e-23,2.903312352860941324e-22,4.102006834499575797e-18,1.517855713741752794e-24,9.889292607635052912e-01,2.348888037398984881e-03,8.721851199098826918e-03
1.824804133398724952e-13,1.824804133398724844e+02,1.007317939083990044e-22,8.836061199781331530e-23,1.237118191058568912e-23,4.035757672098593500e-18,1.068991985300984128e-24,9.889255539093939618e-01,2.348879244237065799e-03,8.725566846372401555e-03
1.826022293701394394e-13,1.826022293701394403e+02,1.232754419356534271e-22,1.160839181999881320e-22,7.191523735665295042e-24,3.815055392616347779e-18,6.896678009950112506e-25,9.889220498009331228e-01,2.348870927761188485e-03,8.729079271308941290e-03
1.827240454004063837e-13,1.827240454004063963e+02,2.948595772427343343e-21,2.943463968883761668e-21,5.131803543581675725e-24,3.459095653081771095e-18,1.616609580768739443e-23,9.889188726915869587e-01,2.348863379817777569e-03,8.732263928598790401e-03
1.828458614306733279e-13,1.828458614306733239e+02,2.620480939452332684e-23,2.245906531077192199e-23,3.745744083751404852e-24,2.999189499737195610e-18,2.040528898036471429e-23,9.889161179878764862e-01,2.348856840321520128e-03,8.735025171805382849e-03
1.829676774609402468e-13,1.829676774609402514e+02,9.421649430533071320e-24,6.334103510352929795e-24,3.087545920180141525e-24,2.474972167977794482e-18,2.240532387010284412e-23,9.889138447801588683e-01,2.348851443890642016e-03,8.737303775953905380e-03
1.830894934912071911e-13,1.830894934912071790e+02,1.188261934272103686e-23,9.072693593178069659e-24,2.809925749542967201e-24,1.930314359928322216e-18,1.744796936529632541e-23,9.889120718356337880e-01,2.348847235412542152e-03,8.739080928957122796e-03
1.832113095214741353e-13,1.832113095214741350e+02,1.068064264494650855e-23,5.556014041458259009e-24,5.124628603488249544e-24,1.409966542976190122e-18,1.706528496936589621e-23,9.889107768184968172e-01,2.348844164257067688e-03,8.740379017249506888e-03
1.833331255517410795e-13,1.833331255517410909e+02,8.872448200147396669e-24,4.103501602204902500e-24,4.768946597942494169e-24,9.566593937097899122e-19,1.877604292006405023e-23,9.889098981527866261e-01,2.348842081685312885e-03,8.741259765531611547e-03
1.834549415820079985e-13,1.834549415820079901e+02,1.134160198183775999e-23,4.152169727638553833e-24,7.189432254199206158e-24,6.081023615808199917e-19,2.354283704202400200e-23,9.889093396242667477e-01,2.348840761745958020e-03,8.741819613990913299e-03
1.835767576122749427e-13,1.835767576122749460e+02,2.050228729024355921e-23,7.589078503774335176e-24,1.291320878646922404e-23,3.935326236346059723e-19,2.892931029792889540e-23,9.889089781660876932e-01,2.348839915193213883e-03,8.742181918722804340e-03
1.836985736425418869e-13,1.836985736425418736e+02,4.891992622706667764e-23,2.032662179162995816e-23,2.859330443543672242e-23,3.321750342856250293e-19,1.728278432456970879e-21,9.889086730487131049e-01,2.348839216995238319e-03,8.742487734295312229e-03
1.838203896728088311e-13,1.838203896728088296e+02,5.209730892292532247e-23,2.650720770561837714e-23,2.559010121730694533e-23,4.233694077882511824e-19,5.228055856048791294e-22,9.889082841755439945e-01,2.348838317058984763e-03,8.742877507400598561e-03
1.839422057030757501e-13,1.839422057030757571e+02,4.025441946266535243e-23,1.547127946829063619e-23,2.478313999437471624e-23,6.613630891628788585e-19,1.128161124541111447e-22,9.889076767147729763e-01,2.348836897211980471e-03,8.743486388018587713e-03
1.840640217333426943e-13,1.840640217333426847e+02,3.895283204877505967e-23,1.310687148957735562e-23,2.584596055919770405e-23,1.024795419351108121e-18,3.513615764029833086e-23,9.889067354549752054e-01,2.348834685523426384e-03,8.744429859505038066e-03
1.841858377636096386e-13,1.841858377636096407e+02,3.973762453326286417e-23,1.327129568936991093e-23,2.646632884389295325e-23,1.483572110580647130e-18,2.716813547698519605e-23,9.889053728285829292e-01,2.348831473587764066e-03,8.745795697832986493e-03
1.843076537938765828e-13,1.843076537938765966e+02,3.347127968700075136e-23,1.091711948315767341e-23,2.255416020384307648e-23,2.000890589500592539e-18,1.774782220560062136e-23,9.889035350751747000e-01,2.348827129510015505e-03,8.747637795318983361e-03
1.844294698241435018e-13,1.844294698241434958e+02,3.309396958064121520e-23,1.014335635104191378e-23,2.295061322959930141e-23,2.534693129690037858e-18,9.497296748038930486e-24,9.889012070562981371e-01,2.348821621331757814e-03,8.749971322373801749e-03
1.845512858544104460e-13,1.845512858544104517e+02,5.578593217207555605e-23,2.788508935464293397e-23,2.790084281743262208e-23,3.039732781223874878e-18,5.349700241141830958e-24,9.888984151920516830e-01,2.348815015994040918e-03,8.752769791957793269e-03
1.846731018846773902e-13,1.846731018846773793e+02,1.186774750598496675e-22,9.593282389834012311e-23,2.274465116150954442e-23,3.471315308349239354e-18,3.640811920073865257e-24,9.888952269660712391e-01,2.348807464285446959e-03,8.755965569646728328e-03
1.847949179149443092e-13,1.847949179149443069e+02,3.066565186810971006e-22,2.004086765242278743e-22,1.062478421568692264e-22,3.790575808618617185e-18,2.721526920229594133e-24,9.888917454653095573e-01,2.348799293318508744e-03,8.759455241375339180e-03
1.849167339452112534e-13,1.849167339452112628e+02,4.468679426211329786e-22,6.151112996288363202e-23,3.853568126582493348e-22,3.969809764590458256e-18,2.099866261185188089e-24,9.888880991179493929e-01,2.348790990338024166e-03,8.763109891715959582e-03
1.850385499754781976e-13,1.850385499754781904e+02,1.036435265167898531e-22,8.206930458884739486e-23,2.157422192794245826e-23,3.995854686117532172e-18,1.248828519839818578e-24,9.888844292116143464e-01,2.348782293491843455e-03,8.766788494897207601e-03
1.851603660057451418e-13,1.851603660057451464e+02,1.160788276533429735e-22,1.084488427724595796e-22,7.629984880883393903e-24,3.870339353269307928e-18,5.554613126962139758e-25,9.888808746205756117e-01,2.348773857531774936e-03,8.770351521896084523e-03
1.852821820360120608e-13,1.852821820360120739e+02,6.881430431199906587e-22,6.831222752094890674e-22,5.020767910501591243e-24,3.607295182066173550e-18,1.536869404198021688e-23,9.888775616450959927e-01,2.348765991762065755e-03,8.773672363145513381e-03
1.854039980662790050e-13,1.854039980662790015e+02,6.110005234571047879e-23,5.742354295883413066e-23,3.676509386876348139e-24,3.229839781180579111e-18,2.471381793098739207e-23,9.888745953422446444e-01,2.348758949535336045e-03,8.776645708223399650e-03
1.855258140965459492e-13,1.855258140965459575e+02,1.239548205955169243e-23,9.499447687419761102e-24,2.896034372131931324e-24,2.767836898123557626e-18,2.638043115201306162e-23,9.888720533593990947e-01,2.348752914527467602e-03,8.779193726077232432e-03
1.856476301268128935e-13,1.856476301268128850e+02,1.086732025561013579e-23,8.214540639466830513e-24,2.652779616143305282e-24,2.256780900250497816e-18,1.937956772223271681e-23,9.888699807400560537e-01,2.348747994121107470e-03,8.781271265826302158e-03
1.857694461570798124e-13,1.857694461570798126e+02,1.009820605855894874e-23,6.702224139036110086e-24,3.395981919522838657e-24,1.737000838019395069e-18,2.121466256250292810e-23,9.888683854895031766e-01,2.348744208246941224e-03,8.782870302253650840e-03
1.858912621873467567e-13,1.858912621873467685e+02,9.493781528827270839e-24,4.932459497428603395e-24,4.561322031398667444e-24,1.251615594860577480e-18,2.338085638196143860e-23,9.888672360149283191e-01,2.348741482258852754e-03,8.784022502816199104e-03
1.860130782176137009e-13,1.860130782176136961e+02,1.118793965197208470e-23,4.812757759147794083e-24,6.375181892824290617e-24,8.426826416273001433e-19,3.176402167236700325e-23,9.888664620998625088e-01,2.348739649978478453e-03,8.784798250162449695e-03
1.861348942478806451e-13,1.861348942478806521e+02,1.866909021382611623e-23,7.684768179571464778e-24,1.098432203425465145e-23,5.460685048569545745e-19,4.307511528025747746e-23,9.888659605879757120e-01,2.348738468980022306e-03,8.785300943047892608e-03
1.862567102781475641e-13,1.862567102781475512e+02,4.794643109378980696e-23,2.023183676348103897e-23,2.771459433030876505e-23,3.880037143412556293e-19,1.225397783395804742e-21,9.888656042257140122e-01,2.348737648248766779e-03,8.785658126040971072e-03
1.863785263084145083e-13,1.863785263084145072e+02,6.786949902134165793e-23,3.732964856031634861e-23,3.053985046102530932e-23,3.776107968304479141e-19,9.881920924301764282e-22,9.888652574059865197e-01,2.348736852768938937e-03,8.786005741248211626e-03
1.865003423386814525e-13,1.865003423386814632e+02,5.662467498765905143e-23,2.859363263100038484e-23,2.803104235665866659e-23,5.142458693610825903e-19,3.491191307386230063e-22,9.888647851052720927e-01,2.348735756937942679e-03,8.786479137793498650e-03
1.866221583689483967e-13,1.866221583689483907e+02,4.678212443492809794e-23,1.950810051136024748e-23,2.727402392356784752e-23,7.852080898140103066e-19,4.428560097493686959e-23,9.888640639586150360e-01,2.348734069369008692e-03,8.787201972019436855e-03
1.867439743992153157e-13,1.867439743992153183e+02,4.198257858814175690e-23,1.420822238776331861e-23,2.777435620037843829e-23,1.167159397833270208e-18,2.841536260659333026e-23,9.888629920357752123e-01,2.348731549118425379e-03,8.788276415109865999e-03
1.868657904294822599e-13,1.868657904294822458e+02,3.368836620116523403e-23,1.036981608735873932e-23,2.331855011380649472e-23,1.628293107436650506e-18,1.800373268321702302e-23,9.888614966242494919e-01,2.348728018874487924e-03,8.789775356879565502e-03
1.869876064597492042e-13,1.869876064597492018e+02,3.127684241040773417e-23,9.308456734361762836e-24,2.196838567604597134e-23,2.130547565682938134e-18,1.007840663701985567e-23,9.888595399608294256e-01,2.348723391820765980e-03,8.791736647353297351e-03
1.871094224900161231e-13,1.871094224900161294e+02,4.607682121997210712e-23,2.218974394274305801e-23,2.388707727722904911e-23,2.631820207454435927e-18,6.485206392872151475e-24,9.888571229498038795e-01,2.348717673110179739e-03,8.794159377089456192e-03
1.872312385202830673e-13,1.872312385202830569e+02,1.106035712221452377e-22,8.911640424074681439e-23,2.148716698139842326e-23,3.089521092571183795e-18,4.875277036064695334e-24,9.888542856171909090e-01,2.348710953681876906e-03,8.797003429130893434e-03
1.873530545505500116e-13,1.873530545505500129e+02,2.803722246587496286e-22,2.220101185195709571e-22,5.836210613917867154e-23,3.464716690114583543e-18,3.792521417830336241e-24,9.888511037042532204e-01,2.348703449764823203e-03,8.800192845985569876e-03
1.874748705808169558e-13,1.874748705808169689e+02,4.853600976899065801e-22,8.032416999631259853e-23,4.050359276935939581e-22,3.725885990149606587e-18,2.929656802288677416e-24,9.888476816465602282e-01,2.348695697731112940e-03,8.803622655712243714e-03
1.875966866110838748e-13,1.875966866110838680e+02,1.029181126158729821e-22,5.562649314643447282e-23,4.729161946943850929e-23,3.851526865674363378e-18,1.569867707419517393e-24,9.888441445590968604e-01,2.348687340293057098e-03,8.807168100613585807e-03
1.877185026413508190e-13,1.877185026413508240e+02,1.086659522252888324e-22,1.019972271756570140e-22,6.668725049631818416e-24,3.831513718036693310e-18,6.159163291164284494e-25,9.888406259135749110e-01,2.348678988828828591e-03,8.810695097599671732e-03
1.878403186716177632e-13,1.878403186716177515e+02,1.659503771527089554e-22,1.626566424621032335e-22,3.293734690605721940e-24,3.667632280014463096e-18,1.736888056508051264e-23,9.888372577944676278e-01,2.348670991624418614e-03,8.814071213911504540e-03
1.879621347018847074e-13,1.879621347018847075e+02,1.261888633195038021e-21,1.259728722496639435e-21,2.159910698398585721e-24,3.373539233540736436e-18,2.788623981883854407e-23,9.888341597841897590e-01,2.348663632505385273e-03,8.817176583308395862e-03
1.880839507321516264e-13,1.880839507321516351e+02,1.675613084485152723e-23,1.515118366306410129e-23,1.604947181787425942e-24,2.974154204537900125e-18,2.808780275415468367e-23,9.888314285447639129e-01,2.348657146764744977e-03,8.819914308475050937e-03
1.882057667624185706e-13,1.882057667624185626e+02,9.370320309430182498e-24,7.915447878395736772e-24,1.454872431034445725e-24,2.503795527579014431e-18,2.138738632991032893e-23,9.888291292589054260e-01,2.348651686870131296e-03,8.822219054227852311e-03
1.883275827926855148e-13,1.883275827926855186e+02,8.134901607994045195e-24,6.452372230376624137e-24,1.682529377617421057e-24,2.002945357099585057e-18,2.533388159523327168e-23,9.888272899210690525e-01,2.348647319651604812e-03,8.824062759282847238e-03
1.884493988229524591e-13,1.884493988229524462e+02,1.089705935114624160e-23,7.408813039730435526e-24,3.488246311415806077e-24,1.514041381223674796e-18,3.073705438618727120e-23,9.888258995543687258e-01,2.348644020497226738e-03,8.825456425137372107e-03
1.885712148532193780e-13,1.885712148532193737e+02,1.276063404319302221e-23,8.438271020219664137e-24,4.322363022973358070e-24,1.077373386274457682e-18,3.825480971593059371e-23,9.888249101871017244e-01,2.348641674562871543e-03,8.826448138338847949e-03
1.886930308834863223e-13,1.886930308834863297e+02,2.251250409680988309e-23,1.386582323771091639e-23,8.646680859098966696e-24,7.278378042707429755e-19,4.890768400742404218e-23,9.888242417992653133e-01,2.348640095017868502e-03,8.827118105720097724e-03
1.888148469137532665e-13,1.888148469137532572e+02,5.007017972369271001e-23,2.513275291992364407e-23,2.493742680376906594e-23,4.928793294752203702e-19,5.811772168397140712e-23,9.888237891615918596e-01,2.348639043023465888e-03,8.827571795387690809e-03
1.889366629440202107e-13,1.889366629440202132e+02,7.657073743461072185e-23,4.466612730847711147e-23,3.190461012613361038e-23,3.944768279142696301e-19,3.326823075822745714e-21,9.888234268818270056e-01,2.348638212072998600e-03,8.827934906103134319e-03
1.890584789742871297e-13,1.890584789742871408e+02,6.205470475680510447e-23,3.437953885930049725e-23,2.767516589750460722e-23,4.324460574512716739e-19,8.801411414897398754e-22,9.888230297387254897e-01,2.348637294410511802e-03,8.828332966867096301e-03
1.891802950045540739e-13,1.891802950045540683e+02,4.735655397063998301e-23,2.078266291681172320e-23,2.657389105382825981e-23,6.119218286420882640e-19,3.493953461897272536e-22,9.888224677832643250e-01,2.348635984295465405e-03,8.828896232443341624e-03
1.893021110348210181e-13,1.893021110348210243e+02,4.389621682443335758e-23,1.681150089607756282e-23,2.708471592835579182e-23,9.164448144686383787e-19,3.641811950439648989e-23,9.888216261833083776e-01,2.348634010456216673e-03,8.829739806238615443e-03
1.894239270650879623e-13,1.894239270650879519e+02,3.710279060696847579e-23,1.374081170740468514e-23,2.336197889956379065e-23,1.319484306601536444e-18,2.170345600594849976e-23,9.888204144763370618e-01,2.348631154093918944e-03,8.830954369572393756e-03
1.895457430953548813e-13,1.895457430953548794e+02,3.215661457855988570e-23,1.031330432551650608e-23,2.184331025304337815e-23,1.784734526928648629e-18,1.182480962584145043e-23,9.888187755350359431e-01,2.348627281568301493e-03,8.832597183398981089e-03
1.896675591256218255e-13,1.896675591256218354e+02,4.805605803127520207e-23,2.625372911977706198e-23,2.180232891149814008e-23,2.270930118597095018e-18,7.065484692288243299e-24,9.888166901284809462e-01,2.348622348531921936e-03,8.834687522990408715e-03
1.897893751558887697e-13,1.897893751558887629e+02,9.598467905035711771e-23,7.228679018528296738e-23,2.369788886507415033e-23,2.736233432339585381e-18,4.473089610627068101e-24,9.888141774460196265e-01,2.348616402295046653e-03,8.837206151688493591e-03
1.899111911861556887e-13,1.899111911861556905e+02,2.257062646508376148e-22,1.940853631610495028e-22,3.162090148978811194e-23,3.142223681879224318e-18,3.469235613186242025e-24,9.888112919556766300e-01,2.348609577659683308e-03,8.840098466666976990e-03
1.900330072164226329e-13,1.900330072164226465e+02,4.784691922696724321e-22,1.201317974259998388e-22,3.583373948436726169e-22,3.456579552153160376e-18,2.588214282131307727e-24,9.888081175150755797e-01,2.348602370289478315e-03,8.843280114638203682e-03
1.901548232466895772e-13,1.901548232466895740e+02,1.715647882987301301e-22,5.226685012670670497e-23,1.192979381720234193e-22,3.654684185714267172e-18,1.634027060152848010e-24,9.888047613996355789e-01,2.348594509566876397e-03,8.846644090800812044e-03
1.902766392769565214e-13,1.902766392769565300e+02,1.049055751245201958e-22,9.818007154862801138e-23,6.725503575892184407e-24,3.720773570997457691e-18,5.846440178965062584e-25,9.888013447231941422e-01,2.348586400356485106e-03,8.850068876452411512e-03
1.903984553072234404e-13,1.903984553072234291e+02,1.275447263666819916e-22,1.249104822918036851e-22,2.634244074878306534e-24,3.649079314668308505e-18,2.026900331941882121e-23,9.887979939083402225e-01,2.348578443721165750e-03,8.853427647941780609e-03
1.905202713374903846e-13,1.905202713374903851e+02,3.002117278978695070e-21,3.000629094165750019e-21,1.488184812945050949e-24,3.444702017429836672e-18,2.805091937815429263e-23,9.887948308173674095e-01,2.348570925557450038e-03,8.856598257078268643e-03
1.906420873677573288e-13,1.906420873677573411e+02,2.247925471692298831e-23,2.140716259877651012e-23,1.072092118146478187e-24,3.123917363112018871e-18,2.723549117179516322e-23,9.887919622759512306e-01,2.348564113188494635e-03,8.859473610863357815e-03
1.907639033980242730e-13,1.907639033980242687e+02,9.505585716348707285e-24,8.429201844087502041e-24,1.076383872261205244e-24,2.713182973248929132e-18,2.322976351583980782e-23,9.887894709052194031e-01,2.348558196702403653e-03,8.861970898081225970e-03
1.908857194282911920e-13,1.908857194282911962e+02,9.566398242770342091e-24,8.280747838722877897e-24,1.285650404047464194e-24,2.247013220433216850e-18,2.483175781564330933e-23,9.887874076023808190e-01,2.348553297151529697e-03,8.864039100470523166e-03
1.910075354585581362e-13,1.910075354585581238e+02,1.424402448405490979e-23,1.084679464256726312e-23,3.397229841487646673e-24,1.765004715086194849e-18,3.019067509508905926e-23,9.887857869040862502e-01,2.348549450823710950e-03,8.865663645092974887e-03
1.911293514888250804e-13,1.911293514888250797e+02,1.493072556833074488e-23,1.080871662166472835e-23,4.122008946666016523e-24,1.308388790352851687e-18,3.888024247939497174e-23,9.887845854908782206e-01,2.348546601048800541e-03,8.866867908076061025e-03
1.912511675190920246e-13,1.912511675190920357e+02,2.042025122693859843e-23,1.282728781740012430e-23,7.592963409538474129e-24,9.163148436830482363e-19,4.803448080937733062e-23,9.887837440926089405e-01,2.348544609594915063e-03,8.867711297799429557e-03
1.913729835493589436e-13,1.913729835493589349e+02,4.026508958049070421e-23,2.090683757104933299e-23,1.935825200944137123e-23,6.221865851587857969e-19,5.805065944878788954e-23,9.887831727629996514e-01,2.348543270512128134e-03,8.868283966491422726e-03
1.914947995796258878e-13,1.914947995796258908e+02,7.115621759604208906e-23,3.816746999621780821e-23,3.298874759982428086e-23,4.509504367697122812e-19,5.504406435372892156e-22,9.887827586560932192e-01,2.348542317482241355e-03,8.868699026427593474e-03
1.916166156098928321e-13,1.916166156098928184e+02,6.481637871225145937e-23,3.461288269207993281e-23,3.020349602017152656e-23,4.156940136490800304e-19,1.289604481513712004e-21,9.887823769255822404e-01,2.348541438773592976e-03,8.869081635647382833e-03
1.917384316401597763e-13,1.917384316401597744e+02,5.149551923647670781e-23,2.383535398176671820e-23,2.766016525470998962e-23,5.160954811995059620e-19,5.843827192257112391e-22,9.887819030059625813e-01,2.348540338760612099e-03,8.869556655280176269e-03
1.918602476704266953e-13,1.918602476704267019e+02,5.192700794704427055e-23,2.299825081532025151e-23,2.892875713172401904e-23,7.438964469661241637e-19,1.167977007132275111e-22,9.887812199122365531e-01,2.348538743100238302e-03,8.870241344666601746e-03
1.919820637006936395e-13,1.919820637006936295e+02,4.785297110219303083e-23,2.174656803204990367e-23,2.610640307014312716e-23,1.079640283851336866e-18,2.598053358353567849e-23,9.887802285329898577e-01,2.348536412586336650e-03,8.871235054427177927e-03
1.921038797309605837e-13,1.921038797309605854e+02,3.863204006070113661e-23,1.512321932235629464e-23,2.350882073834484198e-23,1.495673092547384105e-18,1.029315599853505259e-23,9.887788551465385156e-01,2.348533172336800517e-03,8.872611681128081754e-03
1.922256957612275027e-13,1.922256957612275130e+02,5.410460597425117030e-23,3.166212606489802728e-23,2.244247990935314302e-23,1.958456526944322362e-18,5.228758440851898966e-24,9.887770568275033867e-01,2.348528921766765247e-03,8.874414250733266354e-03
1.923475117914944469e-13,1.923475117914944406e+02,7.605619480424690835e-23,5.025358509647294670e-23,2.580260970777396165e-23,2.429959180407462499e-18,3.786774486474299032e-24,9.887748255703466826e-01,2.348523645967646057e-03,8.876650783689321589e-03
1.924693278217613911e-13,1.924693278217613965e+02,2.031600844877025686e-22,1.827707531407372412e-22,2.038933134696532737e-23,2.869837325028798981e-18,3.631034790559389872e-24,9.887721904281681073e-01,2.348517405547285910e-03,8.879292166288112187e-03
1.925911438520283353e-13,1.925911438520283241e+02,4.926740188891885454e-22,1.987335120538290861e-22,2.939405068353594829e-22,3.238889590214770105e-18,3.120659636811589170e-24,9.887692161828239845e-01,2.348510613688016904e-03,8.882273203491393432e-03
1.927129598822952543e-13,1.927129598822952516e+02,3.217255558175420027e-22,6.081468167815539551e-23,2.609108741393866189e-22,3.503522117809298718e-18,2.534276216870088060e-24,9.887659989985516651e-01,2.348503214433759426e-03,8.885497787018024549e-03
1.928347759125621985e-13,1.928347759125622076e+02,1.061504546137020201e-22,9.879106596406420751e-23,7.359388649637812631e-24,3.640122444834282999e-18,1.332051829040657070e-24,9.887626566427993868e-01,2.348495282333222696e-03,8.888848074870956198e-03
1.929565919428291428e-13,1.929565919428291352e+02,1.245688156354886587e-22,1.230292730906321319e-22,1.539542544856526754e-24,3.637938565087939728e-18,1.795560956009366210e-23,9.887593163204523306e-01,2.348487349604435042e-03,8.892196329946533417e-03
1.930784079730960870e-13,1.930784079730960912e+02,2.708863013547152175e-21,2.708143547722641174e-21,7.194658245110011051e-25,3.499475679964933877e-18,2.674980565704686290e-23,9.887561031825145008e-01,2.348479712498868603e-03,8.895417104990059262e-03
1.932002240033630059e-13,1.932002240033630187e+02,4.438946895092631591e-23,4.387576588372953650e-23,5.137030671967794141e-25,3.238896348295816708e-18,2.550633478084802737e-23,9.887531292955578088e-01,2.348472649344287861e-03,8.898398055101109511e-03
1.933220400336299502e-13,1.933220400336299463e+02,9.405194695279559237e-24,9.013849316538928322e-24,3.913453787406309154e-25,2.879389437661251104e-18,1.952422847550435519e-23,9.887504855151032501e-01,2.348466370217335963e-03,8.901048114682650475e-03
1.934438560638968944e-13,1.934438560638969022e+02,1.064802544228195566e-23,1.004761047926030361e-23,6.004149630216520433e-25,2.450768302249875213e-18,2.415032927493929517e-23,9.887482352943390840e-01,2.348461026059737739e-03,8.903303679604514589e-03
1.935656720941638386e-13,1.935656720941638298e+02,1.373240893634648236e-23,1.112157823628256666e-23,2.610830700063915703e-24,1.987597573369500112e-18,2.628819042086524785e-23,9.887464103484246980e-01,2.348456693873564576e-03,8.905132957704906330e-03
1.936874881244307576e-13,1.936874881244307574e+02,1.240163661109093686e-23,9.814451575307769685e-24,2.587185035783167173e-24,1.527519061898642237e-18,3.274710406416967931e-23,9.887450078353394733e-01,2.348453365024876990e-03,8.906538799638857168e-03
1.938093041546977018e-13,1.938093041546977133e+02,1.507363462405292577e-23,1.067378113489684741e-23,4.399853489156078362e-24,1.108917028881087818e-18,4.498028929431870558e-23,9.887439896678058560e-01,2.348450950749752988e-03,8.907559381447575572e-03
1.939311201849646460e-13,1.939311201849646409e+02,2.732865749579122227e-23,1.616126193174529434e-23,1.116739556404592793e-23,7.677171461739842532e-19,5.944924187142543418e-23,9.887432847715351691e-01,2.348449286824472442e-03,8.908265941643541200e-03
1.940529362152315902e-13,1.940529362152315969e+02,6.706940425554822285e-23,3.623736616695211201e-23,3.083203808859611085e-23,5.336989783866698057e-19,7.361791790728738438e-23,9.887427947238307535e-01,2.348448151421020629e-03,8.908757124751269865e-03
1.941747522454985092e-13,1.941747522454984960e+02,7.794195506199796338e-23,4.850251319909467780e-23,2.943944186290328558e-23,4.311771328103387413e-19,4.038545081327336069e-21,9.887423988091001981e-01,2.348447238280643948e-03,8.909153952622367659e-03
1.942965682757654534e-13,1.942965682757654520e+02,6.486557725790206522e-23,3.664395138783005204e-23,2.822162587007201318e-23,4.584312435887329625e-19,1.303519926667278979e-21,9.887419778721647790e-01,2.348446264603129899e-03,8.909575863235213652e-03
1.944183843060323977e-13,1.944183843060324079e+02,6.135316823100156627e-23,3.232547579814244617e-23,2.902769243285912010e-23,6.211353677181493779e-19,5.686084429092771686e-22,9.887414075472448216e-01,2.348444936859362536e-03,8.910147515898973053e-03
1.945402003362993166e-13,1.945402003362993071e+02,5.391454719390627415e-23,2.588356567292665645e-23,2.803098152097961770e-23,9.031427293671367193e-19,3.193644547864659250e-23,9.887405782978488933e-01,2.348442993210371216e-03,8.910978708943813331e-03
1.946620163665662609e-13,1.946620163665662631e+02,4.068482133028107944e-23,1.509346283357216791e-23,2.559135849670891153e-23,1.280482737855745969e-18,9.294150219511103251e-24,9.887394025968013755e-01,2.348440224432485866e-03,8.912157178769322674e-03
1.947838323968332051e-13,1.947838323968332190e+02,4.454240198789127602e-23,2.075701176502090760e-23,2.378539022287036841e-23,1.720395750533953739e-18,4.484687237882307060e-24,9.887378229948874386e-01,2.348436494625229416e-03,8.913740510490531649e-03
1.949056484271001493e-13,1.949056484271001466e+02,7.037502986331406939e-23,4.549178477370290070e-23,2.488324508961116869e-23,2.185243819935146171e-18,4.346754011661249409e-24,9.887358165995343562e-01,2.348431752068896958e-03,8.915751648400036325e-03
1.950274644573670683e-13,1.950274644573670741e+02,1.742261997651965524e-22,1.545195758628260955e-22,1.970662390237045684e-23,2.635313597869657374e-18,4.204092281160024802e-24,9.887333969911171749e-01,2.348426023006966370e-03,8.918176985879176788e-03
1.951492804876340125e-13,1.951492804876340017e+02,4.487382699306268818e-22,2.436048655061410660e-22,2.051334044244858158e-22,3.032477342459152079e-18,3.783681236186303483e-24,9.887306125753491104e-01,2.348419599450203912e-03,8.920967825203974730e-03
1.952710965179009567e-13,1.952710965179009577e+02,4.416468289444714627e-22,5.298286983706058181e-23,3.886639591074108692e-22,3.343643906576684576e-18,3.179480842148705918e-24,9.887275423136920871e-01,2.348412667801264182e-03,8.924045018510023616e-03
1.953929125481679009e-13,1.953929125481679137e+02,1.114168231742702355e-22,8.219901246116513650e-23,2.921781071310509901e-23,3.543350467164440056e-18,2.280678745031238545e-24,9.887242890462487610e-01,2.348404967633344661e-03,8.927305986121356410e-03
1.955147285784348199e-13,1.955147285784348128e+02,1.291260110691250624e-22,1.268765626955408830e-22,2.249448373584179414e-24,3.615266610069264944e-18,1.514904312887185726e-23,9.887209697980325895e-01,2.348397085607481505e-03,8.930633116363308199e-03
1.956365446087017641e-13,1.956365446087017688e+02,7.320164419066598319e-22,7.314756384481571092e-22,5.408034585027226885e-25,3.552901755927135778e-18,2.747698427518360537e-23,9.887177078378337480e-01,2.348389336731244656e-03,8.933902825438405637e-03
1.957583606389687083e-13,1.957583606389686963e+02,8.268604698346471160e-23,8.232924292806175422e-23,3.568040554029573823e-25,3.360197795075483602e-18,2.683528406272447491e-23,9.887146228149338301e-01,2.348382009375040227e-03,8.936995175694757015e-03
1.958801766692356526e-13,1.958801766692356523e+02,1.255602061741160623e-23,1.222015178359099923e-23,3.358688338206070081e-25,3.052005724310121295e-18,1.759962330686613644e-23,9.887118207615127607e-01,2.348375354259421045e-03,8.939803884231376993e-03
1.960019926995025715e-13,1.960019926995025799e+02,7.715999871098830125e-24,7.311053596448055538e-24,4.049462746507745865e-25,2.653879059633751810e-18,2.343652833697156556e-23,9.887093842418624989e-01,2.348369567429791846e-03,8.942246190711239384e-03
1.961238087297695158e-13,1.961238087297695074e+02,8.717565468725987852e-24,7.510511783109132134e-24,1.207053685616855719e-24,2.200372188585281416e-18,2.741594925784144165e-23,9.887073640940444719e-01,2.348364770305456928e-03,8.944271135653656876e-03
1.962456247600364600e-13,1.962456247600364634e+02,9.281254485317106486e-24,6.759292168448083367e-24,2.521962316869023119e-24,1.731748656962775677e-18,3.179074077451920632e-23,9.887057741909035524e-01,2.348360996315284038e-03,8.945864812784485101e-03
1.963674407903034042e-13,1.963674407903033909e+02,1.345201876690174273e-23,9.294676863916352840e-24,4.157341902985389892e-24,1.289462949689945403e-18,4.571240940337199819e-23,9.887045903476361364e-01,2.348358188306174515e-03,8.947051464061194989e-03
1.964892568205703232e-13,1.964892568205703185e+02,2.339584868508148336e-23,1.396122590307250911e-23,9.434622782008974252e-24,9.116370090824593874e-19,6.109347371000544352e-23,9.887037533784780452e-01,2.348356209077950493e-03,8.947890412447520592e-03
1.966110728508372674e-13,1.966110728508372745e+02,6.372869280706095586e-23,3.440352010607650194e-23,2.932517270098445393e-23,6.296887797070595657e-19,7.574089597940611367e-23,9.887031752446580057e-01,2.348354863056771429e-03,8.948469892288639371e-03
1.967328888811042116e-13,1.967328888811042020e+02,8.813788860874523334e-23,5.415509626624420748e-23,3.398279234250102586e-23,4.675157551873145727e-19,1.182879395837157482e-21,9.887027459956819753e-01,2.348353874946277828e-03,8.948900129374985635e-03
1.968547049113711306e-13,1.968547049113711296e+02,6.749985250892344373e-23,3.648762432635724449e-23,3.101222818256619924e-23,4.365461403057180640e-19,1.479261509317156054e-21,9.887023451822669617e-01,2.348352951656113019e-03,8.949301866080486625e-03
1.969765209416380748e-13,1.969765209416380856e+02,5.228303622053342299e-23,2.282324015899088428e-23,2.945979606154253871e-23,5.397923877756872693e-19,6.692809752552781504e-22,9.887018495820207864e-01,2.348351801818065326e-03,8.949798616164813744e-03
1.970983369719050190e-13,1.970983369719050131e+02,4.987574067531181448e-23,2.042164006543908060e-23,2.945410060987273681e-23,7.712569500005877696e-19,8.379575846108974968e-23,9.887011414792692410e-01,2.348350147246800607e-03,8.950508373487344599e-03
1.972201530021719633e-13,1.972201530021719691e+02,3.799205772943144733e-23,1.270617541524987174e-23,2.528588231418157706e-23,1.112884906908569596e-18,9.945387185204801083e-24,9.887001197401045216e-01,2.348347743876872187e-03,8.951532516021945551e-03
1.973419690324388822e-13,1.973419690324388682e+02,3.483172222725969659e-23,1.281930365370072010e-23,2.201241857355897502e-23,1.535468352580624947e-18,4.434308434602505390e-24,9.886987100424937669e-01,2.348344415993112392e-03,8.952945541516378961e-03
1.974637850627058264e-13,1.974637850627058242e+02,6.060543652467331913e-23,4.179011259961649589e-23,1.881532392505682324e-23,2.001934106317120809e-18,3.702930999197777752e-24,9.886968721028752682e-01,2.348340067921781023e-03,8.954787829206462685e-03
1.975856010929727707e-13,1.975856010929727802e+02,1.534417169448777988e-22,1.360689794784496917e-22,1.737273746642810710e-23,2.470777511607582650e-18,3.705249624407502663e-24,9.886946037422548184e-01,2.348334695972492409e-03,8.957061561776023806e-03
1.977074171232397149e-13,1.977074171232397077e+02,3.581546584291289405e-22,2.667599160068720718e-22,9.139474242225686871e-23,2.900575592100629473e-18,3.651170004523833028e-24,9.886919407437149143e-01,2.348328455130068836e-03,8.959730801158218710e-03
1.978292331535066339e-13,1.978292331535066353e+02,5.497841680856333678e-22,9.577368422219190286e-23,4.540104838634415120e-22,3.254268827963347761e-18,4.064675045562689132e-24,9.886889527141126122e-01,2.348321779365174829e-03,8.962725506525520691e-03
1.979510491837735781e-13,1.979510491837735913e+02,1.641032340889069631e-22,6.939958538441541361e-23,9.470364870449154946e-23,3.502356342860746169e-18,3.615510901436933249e-24,9.886857372750682549e-01,2.348314229878789398e-03,8.965948495056046130e-03
1.980728652140405223e-13,1.980728652140405188e+02,1.211810005661664511e-22,1.183064837063297740e-22,2.874516859836677108e-24,3.624866947954765996e-18,1.333035472212963162e-23,9.886824094714952160e-01,2.348306328128801999e-03,8.969284200379117056e-03
1.981946812443074665e-13,1.981946812443074748e+02,2.194514303458857722e-22,2.190647438042273499e-22,3.866865416584222601e-25,3.612351651895966872e-18,2.807469223683147327e-23,9.886790931831955787e-01,2.348298451197437450e-03,8.972608365610033540e-03
1.983164972745743855e-13,1.983164972745743739e+02,7.275449570094826283e-22,7.273597379612162933e-22,1.852190482663349481e-25,3.466301289473253438e-18,3.097987097954461508e-23,9.886759110016984931e-01,2.348290891486801320e-03,8.975798106817856753e-03
1.984383133048413297e-13,1.984383133048413299e+02,1.908753241882637028e-23,1.889807334947772570e-23,1.894590693486445777e-25,3.199041652642288917e-18,2.409585333368322664e-23,9.886729741848638842e-01,2.348283916129735929e-03,8.978741899009665475e-03
1.985601293351082739e-13,1.985601293351082859e+02,6.894447144233619912e-24,6.621739100698490991e-24,2.727080435351289212e-25,2.832880317016460028e-18,2.385323618746527793e-23,9.886703735295552242e-01,2.348277739323776855e-03,8.981348731124286222e-03
1.986819453653752182e-13,1.986819453653752134e+02,8.186086950250760753e-24,7.477603568769930790e-24,7.084833814808299625e-25,2.398389691034775757e-18,3.129304456876171367e-23,9.886681717578340578e-01,2.348272510343966946e-03,8.983555731824983265e-03
1.988037613956421371e-13,1.988037613956421410e+02,1.081853116177206942e-23,8.402799529355136236e-24,2.415731632416933184e-24,1.931996698260856407e-18,3.221871048230659203e-23,9.886663981500632969e-01,2.348268299917121230e-03,8.985333550022431975e-03
1.989255774259090814e-13,1.989255774259090686e+02,1.456104240938783756e-23,1.102087556795258320e-23,3.540166841435254358e-24,1.473181834055333909e-18,4.063271475576832596e-23,9.886650457453685092e-01,2.348265090964953439e-03,8.986689163669330654e-03
1.990473934561760256e-13,1.990473934561760245e+02,2.387039373590924565e-23,1.585790259023804823e-23,8.012491145671197419e-24,1.061376091717136706e-18,5.375888361852318942e-23,9.886640713823529047e-01,2.348262784074787567e-03,8.987665833575577204e-03
1.991692094864429445e-13,1.991692094864429521e+02,5.338424798180245605e-23,2.750931518361663074e-23,2.587493279818582532e-23,7.327454049201050155e-19,6.449447483823257959e-23,9.886633986910462468e-01,2.348261210271781248e-03,8.988340098685147772e-03
1.992910255167098888e-13,1.992910255167098796e+02,8.314514960995371025e-23,4.670250838969491497e-23,3.644264122025879528e-23,5.168398835888775662e-19,6.686851948457262229e-23,9.886629241942875845e-01,2.348260116988176976e-03,8.988815688727490663e-03
1.994128415469768330e-13,1.994128415469768356e+02,5.940846289297169594e-23,2.693663607046963981e-23,3.247182682250205613e-23,4.367574018623896397e-19,3.400389431781658617e-21,9.886625232177803646e-01,2.348259194685499603e-03,8.989217587537373655e-03
1.995346575772437772e-13,1.995346575772437632e+02,5.060131956903724040e-23,2.044589698367197508e-23,3.015542258536526533e-23,4.909824725203232031e-19,9.689473452205621043e-22,9.886620724646472125e-01,2.348258152017412316e-03,8.989669383338727560e-03
1.996564736075106962e-13,1.996564736075106907e+02,5.009926254347073081e-23,1.890197914173341963e-23,3.119728340173731412e-23,6.815270898760720439e-19,2.654267740085120326e-22,9.886614467898059422e-01,2.348256694848185888e-03,8.990296515348992698e-03
1.997782896377776404e-13,1.997782896377776467e+02,4.397149108427894428e-23,1.572277794467731848e-23,2.824871313960162581e-23,9.895253466195315340e-19,1.148021971438897629e-23,9.886605383745998843e-01,2.348254563386589690e-03,8.991207062016601248e-03
1.999001056680445846e-13,1.999001056680445743e+02,3.669245030739773683e-23,1.247648530519179708e-23,2.421596500220593976e-23,1.387559142215286073e-18,3.767464300806969279e-24,9.886592645687692915e-01,2.348251560316161942e-03,8.992483870917829941e-03
2.000219216983115288e-13,2.000219216983115302e+02,5.485900795488547152e-23,3.564372330078023564e-23,1.921528465410523587e-23,1.841685700749481994e-18,2.590025558279670646e-24,9.886575738832088511e-01,2.348247562383582766e-03,8.994178554410654780e-03
2.001437377285784478e-13,2.001437377285784578e+02,9.739558998894001756e-23,7.659388552926752822e-23,2.080170445967248934e-23,2.314612633954552530e-18,2.986493611963622622e-24,9.886554490576882070e-01,2.348242534669652687e-03,8.996308407645283584e-03
2.002655537588453920e-13,2.002655537588453853e+02,2.357188995723072374e-22,2.007373540675868510e-22,3.498154550472038634e-23,2.767772191232412961e-18,3.314499207529752490e-24,9.886529082333789242e-01,2.348236531772878843e-03,8.998855234851332874e-03
2.003873697891123363e-13,2.003873697891123413e+02,5.528206373609165385e-22,1.530210950868679096e-22,3.997995422740486054e-22,3.163345167929870239e-18,3.311340192713676209e-24,9.886500039566094022e-01,2.348230004455341240e-03,9.001766038938641828e-03
2.005091858193792805e-13,2.005091858193792689e+02,2.757856050217984809e-22,7.562711839412445425e-23,2.001584866276740267e-22,3.466655047353785777e-18,2.975199046649475105e-24,9.886468214472037275e-01,2.348222631080454023e-03,9.004955921719199480e-03
2.006310018496461995e-13,2.006310018496461964e+02,1.262914128625109310e-22,1.098737966049283746e-22,1.641761625758255634e-23,3.649335726837688915e-18,8.288381867844085809e-24,9.886434714314151773e-01,2.348214689162967089e-03,9.008313879425126902e-03
2.007528178799131437e-13,2.007528178799131524e+02,1.303494033472248420e-22,1.296906973285643620e-22,6.587060186604800182e-25,3.692951870624256844e-18,2.266622704765721151e-23,9.886400814148498251e-01,2.348206637559912234e-03,9.011711947593634142e-03
2.008746339101800879e-13,2.008746339101800800e+02,3.283464930290443332e-21,3.283103482330350682e-21,3.614479600926504402e-25,3.592070370523620305e-18,3.286472146343494600e-23,9.886367840602777735e-01,2.348198798816055095e-03,9.015017140909381554e-03
2.009964499404470321e-13,2.009964499404470359e+02,2.892153170408696121e-23,2.847295864634171262e-23,4.485730577452485958e-25,3.355612166443093209e-18,2.230260627885176407e-23,9.886337037511276904e-01,2.348191482854650267e-03,9.018104766020865540e-03
2.011182659707139511e-13,2.011182659707139635e+02,8.379160608239037295e-24,7.810121828322630165e-24,5.690387799164071299e-25,3.005856751875832513e-18,2.273943425034245049e-23,9.886309445185199607e-01,2.348184929668002859e-03,9.020870551815220531e-03
2.012400820009808953e-13,2.012400820009808911e+02,1.011626828461062373e-23,9.003824985705248836e-24,1.112443298905374890e-24,2.575270864825859691e-18,2.914748926842156734e-23,9.886285805548458150e-01,2.348179315821530104e-03,9.023240129336102672e-03
2.013618980312478395e-13,2.013618980312478470e+02,1.308017509733850900e-23,1.004670415268014862e-23,3.033470944658360373e-24,2.102483998915387412e-18,3.032546463789793090e-23,9.886266505911937008e-01,2.348174734588326980e-03,9.025174674221236523e-03
2.014837140615147837e-13,2.014837140615147746e+02,1.382662182638804192e-23,9.107471768126450443e-24,4.719150058261591482e-24,1.628393885678753686e-18,3.716207235553136534e-23,9.886251558189771416e-01,2.348171188584068959e-03,9.026672992442098462e-03
2.016055300917817027e-13,2.016055300917817021e+02,2.175271393918592904e-23,1.185828829178556876e-23,9.894425647400360286e-24,1.192916098344710920e-18,4.992429566545914948e-23,9.886240607874137165e-01,2.348168596838409727e-03,9.027770615751161062e-03
2.017273461220486469e-13,2.017273461220486581e+02,4.086081491298983709e-23,1.679766075059243334e-23,2.406315416239740375e-23,8.324220883649723266e-19,6.507126837819018246e-23,9.886232966553596402e-01,2.348166804186225046e-03,9.028536540457326662e-03
2.018491621523155912e-13,2.018491621523155857e+02,7.683429614962530666e-23,3.471580812885872259e-23,4.211848802076658406e-23,5.774410847565930049e-19,7.758434291838779105e-23,9.886227665638397388e-01,2.348165584149248652e-03,9.029067852014254283e-03
2.019709781825825101e-13,2.019709781825825132e+02,6.681332827937471234e-23,2.900366199981015791e-23,3.780966627956455443e-23,4.537739897212723335e-19,3.495217924117656710e-21,9.886223499949347016e-01,2.348164629761729551e-03,9.029485375306778999e-03
2.020927942128494544e-13,2.020927942128494408e+02,6.360587079736754587e-23,2.981853014791185701e-23,3.378734064945568886e-23,4.644604637128192126e-19,1.288243378644768781e-21,9.886219236206177374e-01,2.348163648347962023e-03,9.029912731037341087e-03
2.022146102431163986e-13,2.022146102431163968e+02,5.641640124145675573e-23,2.338066954023841223e-23,3.303573170121834644e-23,6.165304275521563397e-19,3.562636332443283323e-22,9.886213576574428563e-01,2.348162334700613137e-03,9.030480007859545064e-03
2.023364262733833428e-13,2.023364262733833527e+02,4.638120064690266184e-23,1.626935212167386557e-23,3.011184852522879333e-23,8.969382357243649821e-19,1.379813439619431913e-23,9.886205343026933656e-01,2.348160407000515499e-03,9.031305290309201914e-03
2.024582423036502618e-13,2.024582423036502519e+02,3.601667717807699933e-23,1.129267775123024801e-23,2.472399942684674985e-23,1.281373107071582666e-18,3.281123059578860005e-24,9.886193580705863182e-01,2.348157636158404189e-03,9.032484293258527183e-03
2.025800583339172060e-13,2.025800583339172078e+02,4.052059358830146609e-23,2.132995899946835133e-23,1.919063458883311476e-23,1.735902356004397671e-18,2.449666271258674651e-24,9.886177646225506876e-01,2.348153869189796919e-03,9.034081508262677834e-03
2.027018743641841502e-13,2.027018743641841638e+02,6.043155954668600255e-23,4.102902244886871131e-23,1.940253709781729124e-23,2.220560316154055110e-18,2.783511322785529266e-24,9.886157263016677188e-01,2.348149045717414125e-03,9.036124652618004321e-03
2.028236903944510944e-13,2.028236903944510914e+02,1.559881530090145372e-22,1.403634218114200781e-22,1.562473119759445912e-23,2.692891581791198731e-18,3.397206909728345983e-24,9.886132544328218863e-01,2.348143188759946928e-03,9.038602378421032105e-03
2.029455064247180134e-13,2.029455064247180189e+02,4.419248130310267612e-22,1.866987017534891846e-22,2.552261112775375767e-22,3.111925214726254085e-18,3.675165003518410909e-24,9.886103977210528582e-01,2.348136640092206035e-03,9.041465638857821077e-03
2.030673224549849576e-13,2.030673224549849465e+02,4.151592363673506689e-22,5.509782162376330960e-23,3.600614147435873711e-22,3.441819044770877791e-18,3.679920458206832873e-24,9.886072381167529954e-01,2.348129469624049299e-03,9.044632413625759010e-03
2.031891384852519019e-13,2.031891384852519025e+02,1.517519989423337772e-22,8.439710906646262139e-23,6.735488987587115581e-23,3.654811233617989331e-18,5.196580999142931431e-24,9.886038832962431577e-01,2.348121563641372180e-03,9.047995140118277740e-03
2.033109545155188461e-13,2.033109545155188584e+02,1.069114124003356205e-22,1.040347298135381831e-22,2.876682586797437392e-24,3.733280806228343403e-18,2.198345379636279724e-23,9.886004565312332959e-01,2.348113426866605194e-03,9.051430041902827628e-03
2.034327705457857650e-13,2.034327705457857576e+02,1.193520505413415221e-21,1.192739398598976930e-21,7.811068144382911999e-25,3.670803998182788917e-18,3.154270799725491201e-23,9.885970871500486812e-01,2.348105422042672582e-03,9.054807427911478607e-03
2.035545865760527093e-13,2.035545865760527136e+02,6.175600426768895900e-23,6.098309970026715362e-23,7.729045674218053817e-25,3.472463075311204175e-18,2.540750959822578097e-23,9.885938998331179617e-01,2.348097852144095683e-03,9.058002314740788014e-03
2.036764026063196535e-13,2.036764026063196411e+02,1.888988300817028869e-23,1.782066876099403192e-23,1.069214247176256774e-24,3.154446201511697353e-18,2.517642603566451014e-23,9.885910044357428816e-01,2.348090975980079032e-03,9.060904588280075528e-03
2.037982186365865977e-13,2.037982186365865971e+02,1.603049974247215972e-23,1.443833554048773263e-23,1.592164201984427093e-24,2.743013151711233453e-18,2.962567359751164913e-23,9.885884866969582019e-01,2.348084997319777392e-03,9.063428305724841386e-03
2.039200346668535167e-13,2.039200346668535246e+02,1.457529258499846989e-23,1.122601127790680438e-23,3.349281307091665512e-24,2.272895315885496466e-18,2.918423173348615564e-23,9.885864004746709455e-01,2.348080045231428197e-03,9.065519480100554112e-03
2.040418506971204609e-13,2.040418506971204522e+02,1.763900848373403114e-23,1.182106185339534597e-23,5.817946630338685166e-24,1.784858972000991879e-18,3.657402568697719993e-23,9.885847622095514931e-01,2.348076159416981508e-03,9.067161631034617586e-03
2.041636667273874051e-13,2.041636667273874082e+02,2.805549835679872536e-23,1.427418504425385933e-23,1.378131331254486603e-23,1.322204230371513101e-18,5.125331821341668312e-23,9.885835485953281543e-01,2.348073289617141467e-03,9.068378115057756927e-03
2.042854827576543241e-13,2.042854827576543357e+02,4.941032775166785657e-23,2.014834736721365084e-23,2.926198038445420574e-23,9.265258682650198286e-19,6.887561766635650610e-23,9.885826981470777763e-01,2.348071296765521197e-03,9.069230556159796341e-03
2.044072987879212683e-13,2.044072987879212633e+02,9.195416367762542768e-23,4.317018897638610076e-23,4.878397470123932692e-23,6.333358812975409759e-19,8.353897906310335512e-23,9.885821167895373351e-01,2.348069961129922115e-03,9.069813249335713021e-03
2.045291148181882125e-13,2.045291148181882193e+02,8.745807262336613993e-23,4.520327983816626255e-23,4.225479278519987738e-23,4.700107546703271068e-19,1.698922493819223442e-21,9.885816853479381106e-01,2.348068975506497225e-03,9.070245676558535974e-03
2.046509308484551568e-13,2.046509308484551468e+02,8.050247538247003377e-23,4.408632968880871504e-23,3.641614569366131873e-23,4.467923404082774830e-19,1.413248802278544835e-21,9.885812752232503442e-01,2.348068035096264466e-03,9.070656741656428837e-03
2.047727468787220757e-13,2.047727468787220744e+02,6.483393232729301636e-23,2.778599239955527068e-23,3.704793992773774568e-23,5.659531524388615027e-19,4.639580159824383543e-22,9.885807557256456324e-01,2.348066835527118628e-03,9.071177438830332895e-03
2.048945629089890200e-13,2.048945629089890303e+02,5.256126705103842932e-23,1.846023980958793826e-23,3.410102724145049106e-23,8.176774971569534793e-19,2.680981286208292714e-23,9.885800051847339898e-01,2.348065084470725861e-03,9.071929730798407310e-03
2.050163789392559642e-13,2.050163789392559579e+02,3.932719420752723400e-23,1.101743142113387720e-23,2.830976278639335827e-23,1.180363299956695407e-18,4.435133934276617994e-24,9.885789217579015187e-01,2.348062537386525622e-03,9.073015704715274229e-03
2.051381949695229084e-13,2.051381949695229139e+02,3.476379397223894051e-23,1.188346336229621288e-23,2.288033060994272764e-23,1.623443722258326903e-18,2.714294872894069026e-24,9.885774316568819442e-01,2.348059019330994701e-03,9.074509323790416054e-03
2.052600109997898274e-13,2.052600109997898414e+02,5.722819440004208323e-23,3.693547444248773949e-23,2.029271995755434374e-23,2.110046699406350993e-18,2.812620216392721434e-24,9.885754949359772947e-01,2.348054438010678101e-03,9.076450626015312301e-03
2.053818270300567716e-13,2.053818270300567690e+02,8.447856188437249500e-23,6.744095294600858753e-23,1.703760893836390747e-23,2.598926418388442679e-18,3.274128041828491495e-24,9.885731095114187461e-01,2.348048787844450418e-03,9.078841700739874801e-03
2.055036430603237158e-13,2.055036430603237250e+02,2.707993044545877192e-22,1.769644725409764271e-22,9.383483191361129209e-23,3.047341551290729292e-18,3.494824235653138983e-24,9.885703124569531486e-01,2.348042231039731455e-03,9.081645312010531296e-03
2.056254590905906600e-13,2.056254590905906525e+02,4.850494561395104064e-22,9.512285722543796474e-23,3.899265989140724299e-22,3.414726140907381863e-18,3.153661092990592477e-24,9.885671779486017163e-01,2.348035147803053269e-03,9.084786903598625687e-03
2.057472751208575790e-13,2.057472751208575801e+02,2.124808858443130123e-22,6.881698983296154442e-23,1.436638960113514679e-22,3.666945911599273975e-18,2.298860873823197833e-24,9.885638121922707411e-01,2.348027286723270487e-03,9.088160521009237131e-03
2.058690911511245232e-13,2.058690911511245361e+02,1.237644414845420389e-22,8.854598151458099312e-23,3.521845996996104579e-23,3.780474380917822679e-18,2.033986329458571635e-23,9.885603423600823891e-01,2.348019077714071957e-03,9.091638562206858301e-03
2.059909071813914674e-13,2.059909071813914636e+02,8.609537571096425544e-23,8.275093097662832395e-23,3.344444734335931487e-24,3.745349436497952953e-18,3.843954782639557610e-23,9.885569048195371744e-01,2.348010915823240796e-03,9.095084264642769312e-03
2.061127232116584117e-13,2.061127232116584196e+02,3.120195443202211198e-22,3.091839237903516643e-22,2.835620529869455493e-24,3.566172512576759226e-18,2.931219989978478539e-23,9.885536317553751395e-01,2.348003143623383134e-03,9.098365101004750322e-03
2.062345392419253306e-13,2.062345392419253187e+02,2.734670265131540104e-23,2.432693854328808093e-23,3.019764108027320118e-24,3.260905956616880976e-18,2.369110457843797451e-23,9.885506388833479319e-01,2.347996037732326142e-03,9.101365078923158089e-03
2.063563552721922749e-13,2.063563552721922747e+02,1.909896442053100117e-23,1.544417779493537620e-23,3.654786625595624960e-24,2.857916917033225043e-18,2.704091742993930826e-23,9.885480158901240877e-01,2.347989810983015964e-03,9.103994298896208801e-03
2.064781713024592191e-13,2.064781713024592307e+02,2.051771689685225807e-23,1.344917099030247172e-23,7.068545906549786344e-24,2.392543546380644481e-18,3.137965763325586585e-23,9.885458200231346249e-01,2.347984601913665186e-03,9.106195374955224076e-03
2.065999873327261381e-13,2.065999873327261298e+02,2.986523629879939524e-23,1.511391944767991077e-23,1.475131685111948447e-23,1.903946692719205599e-18,3.899301631016852479e-23,9.885440725870433543e-01,2.347980465082278624e-03,9.107946947877946717e-03
2.067218033629930823e-13,2.067218033629930858e+02,4.785031871869474718e-23,2.021716044854657359e-23,2.763315827014817360e-23,1.432518752023996736e-18,5.341934902308842766e-23,9.885427578149770245e-01,2.347977367858862085e-03,9.109264817167899916e-03
2.068436193932600265e-13,2.068436193932600133e+02,7.938868981578343082e-23,3.555475400537422347e-23,4.383393581040920736e-23,1.017628780768030966e-18,6.898917259368844695e-23,9.885418238109028310e-01,2.347975190039241263e-03,9.110200999061505989e-03
