sample_idx,time_s,time_fs,power
0,0.0,0.0,1.7699038163955083e-20
1,4.7664370356792e-17,0.047664370356791996,8.287693809404977e-20
2,9.5328740713584e-17,0.09532874071358399,1.4547839982941479e-19
3,1.42993111070376e-16,0.142993111070376,2.2614662997862872e-19
4,1.90657481427168e-16,0.19065748142716799,2.6742162422592355e-19
5,2.3832185178396e-16,0.23832185178395998,9.442320459032627e-19
6,2.85986222140752e-16,0.285986222140752,3.563143354298721e-18
7,3.33650592497544e-16,0.333650592497544,1.0382269777314396e-17
8,3.81314962854336e-16,0.38131496285433597,2.2580060378478554e-17
9,4.2897933321112797e-16,0.42897933321112797,3.8492869657489844e-17
10,4.7664370356792e-16,0.47664370356791996,5.003480529457296e-17
11,5.243081003944916e-16,0.5243081003944916,4.377553290810665e-17
12,5.71972444281504e-16,0.571972444281504,2.5157735492567325e-17
13,6.196367881685164e-16,0.6196367881685163,7.466437934858027e-17
14,6.673011320555288e-16,0.6673011320555288,9.27378588338352e-17
15,7.149654759425412e-16,0.7149654759425411,1.0160457325591362e-16
16,7.626298198295535e-16,0.7626298198295536,4.3516902647318877e-16
17,8.102941637165659e-16,0.8102941637165659,9.844689133857573e-16
18,8.579585076035783e-16,0.8579585076035784,1.5930444041751981e-15
19,9.056228514905907e-16,0.9056228514905907,1.948419935931937e-15
20,9.532871953776031e-16,0.9532871953776031,1.7726910925627707e-15
21,1.0009515392646155e-15,1.0009515392646156,1.0785317104201105e-15
22,1.048615883151628e-15,1.048615883151628,9.31254386111861e-16
23,1.0962802270386403e-15,1.0962802270386403,2.0326054817683577e-15
24,1.1439445709256527e-15,1.1439445709256526,2.4255955232511733e-15
25,1.1916089148126651e-15,1.1916089148126652,1.9479023988011645e-15
26,1.2392732586996775e-15,1.2392732586996775,3.234732428203553e-15
27,1.2869376025866899e-15,1.2869376025866899,5.577451495038287e-15
28,1.3346019464737023e-15,1.3346019464737022,6.992495419358901e-15
29,1.3822662903607147e-15,1.3822662903607146,7.246091578052682e-15
30,1.429930634247727e-15,1.4299306342477272,5.426914682069885e-15
31,1.4775949781347395e-15,1.4775949781347395,2.6247494862931308e-15
32,1.5252593220217519e-15,1.5252593220217519,4.377878776455537e-15
33,1.5729236659087643e-15,1.5729236659087642,6.8008194866917785e-15
34,1.6205880097957767e-15,1.6205880097957768,7.958733430862668e-15
35,1.668252353682789e-15,1.6682523536827891,7.245067515219451e-15
36,1.7159166975698015e-15,1.7159166975698015,9.042620507091793e-15
37,1.7635810414568139e-15,1.7635810414568138,1.1618156320358265e-14
38,1.8112454912229447e-15,1.8112454912229448,1.1066433786867651e-14
39,1.8589099409890755e-15,1.8589099409890755,8.82767827342949e-15
40,1.9065743907552063e-15,1.9065743907552062,7.099575206968422e-15
41,1.954238840521337e-15,1.9542388405213371,8.371549337267154e-15
42,2.001903290287468e-15,2.001903290287468,1.0956971719093978e-14
43,2.0495677400535987e-15,2.0495677400535985,1.269033655422339e-14
44,2.0972321898197295e-15,2.0972321898197293,1.310656007417468e-14
45,2.1448966395858603e-15,2.1448966395858604,1.1299880302295673e-14
46,2.192561089351991e-15,2.192561089351991,1.5181405394956715e-14
47,2.240225539118122e-15,2.240225539118122,1.5996771168444966e-14
48,2.2878899888842527e-15,2.2878899888842525,1.2429646918112828e-14
49,2.3355544386503835e-15,2.3355544386503837,1.0593214266928566e-14
50,2.3832188884165143e-15,2.3832188884165144,1.0987847764087292e-14
51,2.430883338182645e-15,2.430883338182645,1.5223076027829838e-14
52,2.478547787948776e-15,2.478547787948776,1.7565193277755548e-14
53,2.5262122377149067e-15,2.5262122377149065,1.7778366059591037e-14
54,2.5738766874810375e-15,2.5738766874810377,1.5885223705555153e-14
55,2.6215411372471683e-15,2.6215411372471684,1.8796299762415154e-14
56,2.669205587013299e-15,2.669205587013299,1.8890689725925384e-14
57,2.71687003677943e-15,2.71687003677943,1.565965374950365e-14
58,2.7645344865455607e-15,2.7645344865455606,1.3460788405683481e-14
59,2.8121989363116915e-15,2.8121989363116917,1.3780606870743024e-14
60,2.8598633860778223e-15,2.8598633860778224,1.8227483257016e-14
61,2.907527835843953e-15,2.907527835843953,2.2581535843698222e-14
62,2.955192285610084e-15,2.955192285610084,2.2938360331190358e-14
63,3.0028567353762147e-15,3.0028567353762146,2.031550925749026e-14
64,3.0505211851423455e-15,3.0505211851423457,2.113218962611265e-14
65,3.0981856349084763e-15,3.0981856349084764,2.1476581364004987e-14
66,3.145850084674607e-15,3.145850084674607,1.865414391694336e-14
67,3.193514534440738e-15,3.193514534440738,1.624643751777996e-14
68,3.2411789842068687e-15,3.2411789842068686,1.6628259641611465e-14
69,3.2888434339729995e-15,3.2888434339729997,2.2228158780301412e-14
70,3.3365078837391303e-15,3.3365078837391304,2.5866061950739067e-14
71,3.384172333505261e-15,3.384172333505261,2.7168168431103423e-14
72,3.431836783271392e-15,3.431836783271392,2.3477100390698405e-14
73,3.4795012330375227e-15,3.4795012330375226,2.3713239623865748e-14
74,3.5271656828036535e-15,3.5271656828036537,2.4242457338980762e-14
75,3.574830132569784e-15,3.5748301325697844,2.1726335804766496e-14
76,3.622494370577678e-15,3.6224943705776784,1.958175849660175e-14
77,3.670158608585572e-15,3.6701586085855724,1.9000988662250945e-14
78,3.717822846593466e-15,3.7178228465934664,2.4300772169267432e-14
79,3.76548708460136e-15,3.7654870846013604,2.910555978630387e-14
80,3.813151322609254e-15,3.8131513226092544,3.171582733853956e-14
81,3.860815560617148e-15,3.8608155606171484,2.7768043940612497e-14
82,3.908479798625042e-15,3.9084797986250424,2.5113862812259358e-14
83,3.956144036632936e-15,3.9561440366329363,2.5210502495277495e-14
84,4.00380827464083e-15,4.00380827464083,2.34907376211492e-14
85,4.051472512648724e-15,4.051472512648724,2.2765765509726033e-14
86,4.099136750656618e-15,4.099136750656618,2.1974343663590766e-14
87,4.146800988664512e-15,4.146800988664512,2.7137836181262247e-14
88,4.194465226672406e-15,4.194465226672406,3.212011277613225e-14
89,4.2421294646803e-15,4.2421294646803,3.5140035954846216e-14
90,4.289793702688194e-15,4.289793702688194,3.155548400162432e-14
91,4.337457940696088e-15,4.337457940696088,2.7135295082420484e-14
92,4.385122178703982e-15,4.385122178703982,2.6925539231494218e-14
93,4.432786416711876e-15,4.432786416711876,2.5151676057090684e-14
94,4.48045065471977e-15,4.48045065471977,2.5833513862707873e-14
95,4.528114892727664e-15,4.528114892727664,2.427637084412293e-14
96,4.575779130735558e-15,4.575779130735558,2.9098935988656344e-14
97,4.623443368743452e-15,4.623443368743452,3.4431936739732355e-14
98,4.671107606751346e-15,4.671107606751346,3.998036507434945e-14
99,4.71877184475924e-15,4.71877184475924,3.614497617225945e-14
100,4.766436082767134e-15,4.766436082767134,2.8560646550676236e-14
101,4.814100320775028e-15,4.814100320775028,2.863647294011444e-14
102,4.861764558782922e-15,4.861764558782922,2.7036354857917604e-14
103,4.909428796790816e-15,4.909428796790816,2.829380067910503e-14
104,4.95709303479871e-15,4.95709303479871,2.644461764096575e-14
105,5.004757272806604e-15,5.004757272806604,3.133082375895817e-14
106,5.052421510814498e-15,5.052421510814498,3.6331194671647415e-14
107,5.100085748822392e-15,5.100085748822392,4.3487244106308123e-14
108,5.147749986830286e-15,5.147749986830286,4.1562507423339654e-14
109,5.19541422483818e-15,5.19541422483818,3.13507120925597e-14
110,5.243078462846074e-15,5.243078462846074,2.8844165418781195e-14
111,5.290742700853968e-15,5.290742700853968,2.8083258781603712e-14
112,5.338406938861862e-15,5.338406938861862,3.1479420442960884e-14
113,5.386071176869756e-15,5.386071176869756,2.895823026359025e-14
114,5.43373541487765e-15,5.43373541487765,3.238103958146804e-14
115,5.481399652885544e-15,5.4813996528855435,3.7755118042354097e-14
116,5.529063890893438e-15,5.529063890893438,4.578713168161552e-14
117,5.576728128901332e-15,5.5767281289013315,4.512685594670364e-14
118,5.624392366909226e-15,5.624392366909226,3.511644439319929e-14
119,5.67205660491712e-15,5.6720566049171195,2.972240644794413e-14
120,5.719720842925014e-15,5.719720842925014,2.889417763211888e-14
121,5.767385080932908e-15,5.7673850809329075,3.316488725898896e-14
122,5.815049318940802e-15,5.815049318940802,3.1400985192045136e-14
123,5.862713556948696e-15,5.8627135569486954,3.237135291268324e-14
124,5.91037779495659e-15,5.91037779495659,3.8146714926396916e-14
125,5.958042032964484e-15,5.958042032964483,4.764930651109979e-14
126,6.005706270972378e-15,6.005706270972378,4.745393666774969e-14
127,6.053370508980272e-15,6.053370508980271,3.778065777977971e-14
128,6.101034746988166e-15,6.101034746988166,2.996349235352344e-14
129,6.14869898499606e-15,6.148698984996059,2.930320645421619e-14
130,6.196363223003954e-15,6.196363223003954,3.46795820684552e-14
131,6.244027461011848e-15,6.244027461011847,3.3794608821427485e-14
132,6.291691699019742e-15,6.291691699019742,3.183479819817911e-14
133,6.339355937027636e-15,6.339355937027635,3.6362741566734955e-14
134,6.38702017503553e-15,6.38702017503553,4.721487008871664e-14
135,6.434684413043424e-15,6.434684413043423,4.8326882046926395e-14
136,6.482348651051318e-15,6.482348651051318,3.954493592935211e-14
137,6.530012889059212e-15,6.530012889059211,2.9984163345568235e-14
138,6.577677127067106e-15,6.577677127067106,2.876993145128383e-14
139,6.625341365075e-15,6.625341365074999,3.437861770976859e-14
140,6.6730056030828936e-15,6.673005603082894,3.493180137509322e-14
141,6.7206698410907876e-15,6.720669841090787,3.2038621430342806e-14
142,6.7683340790986816e-15,6.768334079098682,3.41936731479333e-14
143,6.8159983171065756e-15,6.815998317106575,4.453635200972299e-14
144,6.8636625551144696e-15,6.86366255511447,4.680574978706102e-14
145,6.9113267931223635e-15,6.911326793122363,3.9654765609424894e-14
146,6.9589910311302575e-15,6.958991031130258,2.9971335878615016e-14
147,7.0066552691381515e-15,7.006655269138151,2.8360585838864243e-14
148,7.0543195071460455e-15,7.054319507146046,3.401084616846614e-14
149,7.1019837451539395e-15,7.101983745153939,3.5069986330108285e-14
150,7.149648406678307e-15,7.149648406678307,3.152850092005659e-14
151,7.197312644686201e-15,7.1973126446862015,3.2429943875710715e-14
152,7.244976882694095e-15,7.244976882694095,4.189908782339241e-14
153,7.292641120701989e-15,7.292641120701989,4.42118435232345e-14
154,7.340305358709883e-15,7.340305358709883,3.868839588429783e-14
155,7.387969596717777e-15,7.387969596717777,2.9664693011050014e-14
156,7.435633834725671e-15,7.435633834725671,2.7783531091020094e-14
157,7.483298072733565e-15,7.483298072733565,3.319733200900059e-14
158,7.530962310741459e-15,7.530962310741459,3.5124426831694214e-14
159,7.578626548749353e-15,7.578626548749353,3.112120343330346e-14
160,7.626290786757247e-15,7.626290786757247,3.090060556065234e-14
161,7.673955024765141e-15,7.673955024765141,3.9504373215574e-14
162,7.721619262773035e-15,7.721619262773035,4.1713780731455694e-14
163,7.769283500780929e-15,7.769283500780929,3.674393688618549e-14
164,7.816947738788823e-15,7.816947738788823,2.8546209721123234e-14
165,7.864611976796717e-15,7.864611976796717,2.7237579392999124e-14
166,7.912276214804611e-15,7.912276214804611,3.1962334254981295e-14
167,7.959940452812505e-15,7.959940452812505,3.422648042804635e-14
168,8.007604690820399e-15,8.007604690820399,3.044254708343616e-14
169,8.055268928828293e-15,8.055268928828292,3.001172918580368e-14
170,8.102933166836187e-15,8.102933166836188,3.7148266369491437e-14
171,8.150597404844081e-15,8.150597404844081,3.905472069332637e-14
172,8.198261642851975e-15,8.198261642851975,3.4597762073882224e-14
173,8.245925880859869e-15,8.245925880859868,2.698294604246143e-14
174,8.293590118867763e-15,8.293590118867764,2.6861308723103924e-14
175,8.341254356875657e-15,8.341254356875657,3.118027551104498e-14
176,8.388918594883551e-15,8.38891859488355,3.2780029369074495e-14
177,8.436582832891445e-15,8.436582832891444,2.905626585690546e-14
178,8.484247070899339e-15,8.48424707089934,2.94841970662537e-14
179,8.531911308907233e-15,8.531911308907233,3.529398588707558e-14
180,8.579575546915127e-15,8.579575546915127,3.660135074797649e-14
181,8.62723978492302e-15,8.62723978492302,3.2656745417667526e-14
182,8.674904022930915e-15,8.674904022930916,2.600829572324201e-14
183,8.722568260938809e-15,8.722568260938809,2.670936456489366e-14
184,8.770232498946703e-15,8.770232498946703,3.05896868707696e-14
185,8.817896736954597e-15,8.817896736954596,3.130306818334254e-14
186,8.86556097496249e-15,8.865560974962492,2.7551860803682465e-14
187,8.913225212970385e-15,8.913225212970385,2.9031535882977424e-14
188,8.960889450978279e-15,8.960889450978279,3.332142911203692e-14
189,9.008553688986173e-15,9.008553688986172,3.3786778848863067e-14
190,9.056217926994067e-15,9.056217926994067,3.028252223090909e-14
191,9.10388216500196e-15,9.103882165001961,2.541081562290777e-14
192,9.151546403009855e-15,9.151546403009855,2.6555909299905492e-14
193,9.199210641017749e-15,9.199210641017748,2.962978847735956e-14
194,9.246874879025643e-15,9.246874879025643,2.935622732858252e-14
195,9.294539117033537e-15,9.294539117033537,2.6369921193479182e-14
196,9.34220335504143e-15,9.34220335504143,2.872245694865612e-14
197,9.389867593049325e-15,9.389867593049324,3.1435910054526325e-14
198,9.437531831057219e-15,9.43753183105722,3.086342420239967e-14
199,9.485196069065113e-15,9.485196069065113,2.7270779696399704e-14
200,9.532860307073007e-15,9.532860307073006,2.505452984837009e-14
201,9.5805245450809e-15,9.5805245450809,2.7353048618434725e-14
202,9.628188783088795e-15,9.628188783088795,2.9011854225415024e-14
203,9.675853021096689e-15,9.675853021096689,2.739925595977334e-14
204,9.723517259104583e-15,9.723517259104582,2.5860192012414594e-14
205,9.771181497112476e-15,9.771181497112476,2.849522850209389e-14
206,9.81884573512037e-15,9.818845735120371,2.996356350429101e-14
207,9.866509973128264e-15,9.866509973128265,2.901383967064339e-14
208,9.914174211136158e-15,9.914174211136158,2.5177459740005105e-14
209,9.961838449144052e-15,9.961838449144052,2.5144544039674803e-14
210,1.0009502687151946e-14,10.009502687151947,2.7781877682707054e-14
211,1.005716692515984e-14,10.05716692515984,2.841044897440321e-14
212,1.0104831163167734e-14,10.104831163167734,2.5964478708880544e-14
213,1.0152495401175628e-14,10.152495401175628,2.643027229097105e-14
214,1.0200159639183522e-14,10.200159639183523,2.8966588784713754e-14
215,1.0247823877191416e-14,10.247823877191417,2.9394516605930204e-14
216,1.029548811519931e-14,10.29548811519931,2.7130226437264114e-14
217,1.0343152353207204e-14,10.343152353207204,2.451022139426679e-14
218,1.0390816591215098e-14,10.3908165912151,2.643125315512397e-14
219,1.0438480829222992e-14,10.438480829222993,2.8337275492155804e-14
220,1.0486145067230886e-14,10.486145067230886,2.7480139135906655e-14
221,1.053380930523878e-14,10.53380930523878,2.5438732134783378e-14
222,1.0581473543246674e-14,10.581473543246675,2.707354468649975e-14
223,1.0629137781254568e-14,10.629137781254569,2.908723338145708e-14
224,1.0676802019262462e-14,10.676802019262462,2.909233590793134e-14
225,1.0724466257270356e-14,10.724466257270356,2.573466681182919e-14
226,1.077213049527825e-14,10.772130495278251,2.5038905478625036e-14
227,1.0819794733286144e-14,10.819794733286145,2.812942885349265e-14
228,1.0867458971294038e-14,10.867458971294038,2.927075831607277e-14
229,1.0915123209301932e-14,10.915123209301932,2.7288770676199385e-14
230,1.0962787447309826e-14,10.962787447309827,2.668233404948088e-14
231,1.101045168531772e-14,11.01045168531772,2.8259904114621807e-14
232,1.1058115923325614e-14,11.058115923325614,2.992013443101939e-14
233,1.1105780161333508e-14,11.105780161333508,2.900411234427712e-14
234,1.1153444399341402e-14,11.153444399341403,2.6058497671959877e-14
235,1.1201108637349296e-14,11.201108637349297,2.7292265534139756e-14
236,1.124877287535719e-14,11.24877287535719,3.013866554327921e-14
237,1.1296437113365084e-14,11.296437113365084,3.022288433515881e-14
238,1.1344101351372978e-14,11.344101351372979,2.852264187639883e-14
239,1.1391765589380872e-14,11.391765589380872,2.95050815106012e-14
240,1.1439429827388766e-14,11.439429827388766,3.073640314162941e-14
241,1.148709406539666e-14,11.48709406539666,3.107864172176983e-14
242,1.1534758303404554e-14,11.534758303404555,2.8750459857892346e-14
243,1.1582422541412448e-14,11.582422541412448,2.7685741137259585e-14
244,1.1630086779420342e-14,11.630086779420342,3.0102795392028883e-14
245,1.1677751017428236e-14,11.677751017428236,3.222484331786256e-14
246,1.172541525543613e-14,11.72541525543613,3.152855513016521e-14
247,1.1773079493444024e-14,11.773079493444024,3.147254253542918e-14
248,1.1820743731451918e-14,11.820743731451918,3.2584256338041503e-14
249,1.1868407969459812e-14,11.868407969459811,3.2957120241422846e-14
250,1.1916072207467706e-14,11.916072207467707,3.1664436155563747e-14
251,1.19637364454756e-14,11.9637364454756,2.897649568206484e-14
252,1.2011400683483494e-14,12.011400683483494,3.0135545073901523e-14
253,1.2059064921491388e-14,12.059064921491387,3.282171694260656e-14
254,1.2106729159499282e-14,12.106729159499283,3.366796384328581e-14
255,1.2154393397507176e-14,12.154393397507176,3.3477029064447536e-14
256,1.220205763551507e-14,12.20205763551507,3.4967559717994506e-14
257,1.2249721873522964e-14,12.249721873522963,3.571230496653838e-14
258,1.2297386111530858e-14,12.297386111530859,3.5032405172304507e-14
259,1.2345050349538752e-14,12.345050349538752,3.222115025421253e-14
260,1.2392714587546646e-14,12.392714587546646,3.0266960541602134e-14
261,1.244037882555454e-14,12.44037882555454,3.287833262480104e-14
262,1.2488043063562434e-14,12.488043063562435,3.571470715197679e-14
263,1.2535707301570328e-14,12.535707301570328,3.5962427019598994e-14
264,1.2583371539578222e-14,12.583371539578222,3.733111706588112e-14
265,1.2631035777586116e-14,12.631035777586115,3.867326787585987e-14
266,1.267870001559401e-14,12.67870001559401,3.851030212493993e-14
267,1.2726364253601904e-14,12.726364253601904,3.7235598854485144e-14
268,1.2774028491609798e-14,12.774028491609798,3.364400975153746e-14
269,1.2821692729617692e-14,12.821692729617691,3.275940242274296e-14
270,1.2869356967625586e-14,12.869356967625587,3.5508844264476105e-14
271,1.291702120563348e-14,12.91702120563348,3.791468210895786e-14
272,1.2964685443641374e-14,12.964685443641374,3.91006468197265e-14
273,1.3012349681649268e-14,13.012349681649267,4.2437319663132106e-14
274,1.3060013919657162e-14,13.060013919657163,4.287465632632666e-14
275,1.3107678157665056e-14,13.107678157665056,4.0978718763564834e-14
276,1.315534239567295e-14,13.15534239567295,3.90237701094337e-14
277,1.3203006633680844e-14,13.203006633680843,3.528876816412049e-14
278,1.3250670871688738e-14,13.250670871688738,3.6343574905204484e-14
279,1.3298335109696632e-14,13.298335109696632,3.845906679602641e-14
280,1.3345999347704526e-14,13.345999347704526,4.017662599636006e-14
281,1.339366358571242e-14,13.393663585712419,4.268322010398361e-14
282,1.3441327823720314e-14,13.441327823720314,4.776918200192701e-14
283,1.3488992061728208e-14,13.488992061728208,4.717234564663268e-14
284,1.3536656299736102e-14,13.536656299736102,4.3461077564501543e-14
285,1.3584320537743996e-14,13.584320537743995,4.084031019185169e-14
286,1.363198477575189e-14,13.63198477575189,3.8042160567519634e-14
287,1.3679649013759784e-14,13.679649013759784,4.013975973436376e-14
288,1.3727313251767678e-14,13.727313251767677,4.183534690004563e-14
289,1.3774977489775572e-14,13.774977489775571,4.297481966640537e-14
290,1.3822641727783466e-14,13.822641727783466,4.688611288496472e-14
291,1.387030596579136e-14,13.87030596579136,5.2713570813066324e-14
292,1.3917970203799254e-14,13.917970203799253,5.094143897400698e-14
293,1.3965634441807147e-14,13.965634441807147,4.568608742727166e-14
294,1.4013298679815041e-14,14.013298679815042,4.2110995138004703e-14
295,1.4060962917822935e-14,14.060962917822936,4.175313727031692e-14
296,1.410862715583083e-14,14.10862715583083,4.4102505122271124e-14
297,1.4156291393838723e-14,14.156291393838723,4.509055550271611e-14
298,1.4203955631846617e-14,14.203955631846618,4.607655606342874e-14
299,1.425162071688746e-14,14.251620716887459,5.1528785172160266e-14
300,1.4299284954895353e-14,14.299284954895352,5.697230339406223e-14
301,1.4346949192903247e-14,14.346949192903246,5.403109329307071e-14
302,1.439461343091114e-14,14.394613430911141,4.756881466418811e-14
303,1.4442277668919035e-14,14.442277668919035,4.280134731880769e-14
304,1.448994190692693e-14,14.489941906926928,4.495223841056127e-14
305,1.4537606144934823e-14,14.537606144934824,4.751139938289142e-14
306,1.4585270382942717e-14,14.585270382942717,4.821486363371791e-14
307,1.463293462095061e-14,14.63293462095061,4.92250927248538e-14
308,1.4680598858958505e-14,14.680598858958504,5.6752884591273686e-14
309,1.47282630969664e-14,14.728263096966398,6.162401182873908e-14
310,1.4775927334974293e-14,14.775927334974293,5.6584657071685404e-14
311,1.4823591572982187e-14,14.823591572982187,4.9190428748520365e-14
312,1.487125581099008e-14,14.87125581099008,4.3614759834319575e-14
313,1.4918920048997975e-14,14.918920048997975,4.8198194025315944e-14
314,1.496658428700587e-14,14.966584287005869,5.046813051560843e-14
315,1.5014248525013763e-14,15.014248525013763,5.1186245048290627e-14
316,1.5061912763021656e-14,15.061912763021656,5.199354876218691e-14
317,1.510957700102955e-14,15.10957700102955,6.169720225164543e-14
318,1.5157241239037444e-14,15.157241239037445,6.624963842490408e-14
319,1.520490547704534e-14,15.204905477045338,5.936309793340075e-14
320,1.5252569715053232e-14,15.252569715053232,5.041593295726683e-14
321,1.5300233953061126e-14,15.300233953061127,4.408459545763438e-14
322,1.534789819106902e-14,15.34789819106902,5.1330765809751155e-14
323,1.5395562429076914e-14,15.395562429076914,5.298934780003338e-14
324,1.5443226667084808e-14,15.443226667084808,5.304271765197398e-14
325,1.5490890905092702e-14,15.490890905092702,5.377794225019071e-14
326,1.5538555143100596e-14,15.538555143100597,6.541031008933801e-14
327,1.558621938110849e-14,15.58621938110849,6.97956232739716e-14
328,1.5633883619116384e-14,15.633883619116384,6.193374806062746e-14
329,1.5681547857124278e-14,15.68154785712428,5.126646584465919e-14
330,1.5729212095132172e-14,15.729212095132173,4.508299319256302e-14
331,1.5776876333140066e-14,15.776876333140066,5.368152618387065e-14
332,1.582454057114796e-14,15.82454057114796,5.506439556168981e-14
333,1.5872204809155854e-14,15.872204809155853,5.397666295588015e-14
334,1.5919869047163748e-14,15.919869047163749,5.561442148818707e-14
335,1.5967533285171642e-14,15.967533285171642,6.829894993749114e-14
336,1.6015197523179536e-14,16.015197523179538,7.21612507703813e-14
337,1.606286176118743e-14,16.06286176118743,6.361134085837786e-14
338,1.6110525999195324e-14,16.110525999195325,5.184814708646124e-14
339,1.6158190237203218e-14,16.15819023720322,4.6797323503301735e-14
340,1.6205854475211112e-14,16.20585447521111,5.568482686676285e-14
341,1.6253518713219006e-14,16.253518713219005,5.703150083267994e-14
342,1.63011829512269e-14,16.3011829512269,5.453410211473178e-14
343,1.6348847189234794e-14,16.348847189234796,5.747582043549165e-14
344,1.6396511427242688e-14,16.39651142724269,7.027467800388432e-14
345,1.6444175665250582e-14,16.444175665250583,7.311561973271166e-14
346,1.6491839903258476e-14,16.491839903258477,6.401854686557268e-14
347,1.653950414126637e-14,16.53950414126637,5.156602751678514e-14
348,1.6587168379274264e-14,16.587168379274264,4.8359489427263896e-14
349,1.6634832617282158e-14,16.634832617282157,5.69408140972151e-14
350,1.6682496855290052e-14,16.68249685529005,5.794933218179754e-14
351,1.6730161093297946e-14,16.730161093297944,5.4115667838788156e-14
352,1.677782533130584e-14,16.77782533130584,5.839870687723847e-14
353,1.6825489569313734e-14,16.825489569313735,7.111115353248404e-14
354,1.6873153807321628e-14,16.87315380732163,7.254365565288051e-14
355,1.6920818045329522e-14,16.920818045329522,6.261209270237017e-14
356,1.6968482283337416e-14,16.968482283337416,4.977245219163311e-14
357,1.701614652134531e-14,17.01614652134531,4.909939642361305e-14
358,1.7063810759353204e-14,17.063810759353203,5.709375436617134e-14
359,1.7111474997361098e-14,17.1114749973611,5.777930895236108e-14
360,1.7159139235368992e-14,17.159139235368993,5.2912762469074434e-14
361,1.7206803473376886e-14,17.206803473376887,5.857192850308376e-14
362,1.725446771138478e-14,17.25446771138478,7.057684514935603e-14
363,1.7302131949392674e-14,17.302131949392674,7.062095862524903e-14
364,1.7349796187400568e-14,17.349796187400568,5.987309308281077e-14
365,1.7397460425408462e-14,17.39746042540846,4.7022712194302527e-14
366,1.7445124663416356e-14,17.445124663416355,4.942435214349769e-14
367,1.749278890142425e-14,17.492788901424248,5.672883563183524e-14
368,1.7540453139432144e-14,17.540453139432145,5.6798705685588355e-14
369,1.7588117377440038e-14,17.58811737744004,5.121789019920005e-14
370,1.7635781615447932e-14,17.635781615447932,5.813189827511694e-14
371,1.7683445853455826e-14,17.683445853455826,6.894205800862807e-14
372,1.773111009146372e-14,17.73111009146372,6.790156951248447e-14
373,1.7778774329471614e-14,17.778774329471613,5.6673050041929074e-14
374,1.7826438567479508e-14,17.826438567479507,4.402807803126178e-14
375,1.7874102805487402e-14,17.874102805487404,4.909084139084578e-14
376,1.7921767043495296e-14,17.921767043495297,5.558701489014571e-14
377,1.796943128150319e-14,17.96943128150319,5.492741339345984e-14
378,1.8017095519511084e-14,18.017095519511084,4.9085701594921843e-14
379,1.8064759757518978e-14,18.064759757518978,5.741282828927025e-14
380,1.8112423995526872e-14,18.11242399552687,6.66265206525872e-14
381,1.8160088233534766e-14,18.160088233534765,6.434663321923037e-14
382,1.820775247154266e-14,18.20775247154266,5.302712208134913e-14
383,1.8255416709550554e-14,18.255416709550552,4.1643829362539644e-14
384,1.8303080947558448e-14,18.30308094755845,4.8204184242318926e-14
385,1.8350745185566342e-14,18.350745185566343,5.4028453938407064e-14
386,1.8398409423574236e-14,18.398409423574236,5.258996837727119e-14
387,1.844607366158213e-14,18.44607366158213,4.687836422756324e-14
388,1.8493737899590024e-14,18.493737899590023,5.60086678912889e-14
389,1.8541402137597918e-14,18.541402137597917,6.347962384694802e-14
390,1.8589066375605812e-14,18.58906637560581,6.022805409781895e-14
391,1.8636730613613706e-14,18.636730613613707,4.9260244592164854e-14
392,1.86843948516216e-14,18.6843948516216,4.0481012368153574e-14
393,1.8732059089629494e-14,18.732059089629495,4.7420719423690166e-14
394,1.8779723327637388e-14,18.779723327637388,5.254595993346364e-14
395,1.8827387565645282e-14,18.82738756564528,5.008227312681621e-14
396,1.8875051803653176e-14,18.875051803653175,4.5940244745293e-14
397,1.892271604166107e-14,18.92271604166107,5.46665645151552e-14
398,1.8970380279668964e-14,18.970380279668962,6.016160605717275e-14
399,1.9018044517676858e-14,19.018044517676856,5.594534709628396e-14
400,1.906570875568475e-14,19.065708755684753,4.5435179327635994e-14
401,1.9113372993692646e-14,19.113372993692646,3.974448672732986e-14
402,1.916103723170054e-14,19.16103723170054,4.672663013352389e-14
403,1.9208701469708434e-14,19.208701469708434,5.077578304644656e-14
404,1.9256365707716327e-14,19.256365707716327,4.743484454511858e-14
405,1.930402994572422e-14,19.30402994572422,4.5658674052966725e-14
406,1.9351694183732115e-14,19.351694183732114,5.339628953294866e-14
407,1.939935842174001e-14,19.39935842174001,5.6672592644137557e-14
408,1.9447022659747903e-14,19.447022659747905,5.162918568146421e-14
409,1.9494686897755797e-14,19.4946868977558,4.1760591160252755e-14
410,1.954235113576369e-14,19.542351135763692,3.979075505504068e-14
411,1.9590015373771585e-14,19.590015373771585,4.640165408484852e-14
412,1.963767961177948e-14,19.63767961177948,4.895263949517177e-14
413,1.9685343849787373e-14,19.685343849787373,4.500096313381913e-14
414,1.9733008087795267e-14,19.733008087795266,4.6031510851293755e-14
415,1.978067232580316e-14,19.78067232580316,5.2228231098684977e-14
416,1.9828336563811055e-14,19.828336563811057,5.3292904079538586e-14
417,1.987600080181895e-14,19.87600080181895,4.7941936065585417e-14
418,1.9923665039826843e-14,19.923665039826844,3.908705024685717e-14
419,1.9971329277834737e-14,19.971329277834737,4.070047860478716e-14
420,2.001899351584263e-14,20.01899351584263,4.650093989879388e-14
421,2.0066657753850525e-14,20.066657753850524,4.725746906969995e-14
422,2.011432199185842e-14,20.114321991858418,4.3468341719057196e-14
423,2.0161986229866313e-14,20.161986229866315,4.71127077508824e-14
424,2.0209650467874207e-14,20.20965046787421,5.129462460795771e-14
425,2.02573147058821e-14,20.257314705882102,5.0459633081081576e-14
426,2.0304978943889995e-14,20.304978943889996,4.4733798777859754e-14
427,2.035264318189789e-14,20.35264318189789,3.8918419539585997e-14
428,2.0400307419905783e-14,20.400307419905783,4.2639858793347765e-14
429,2.0447971657913677e-14,20.447971657913676,4.704948859983113e-14
430,2.049563589592157e-14,20.49563589592157,4.6030480859229894e-14
431,2.0543300133929465e-14,20.543300133929463,4.4385227779405664e-14
432,2.059096437193736e-14,20.59096437193736,4.8569926292679755e-14
433,2.0638628609945253e-14,20.638628609945254,5.033451953850854e-14
434,2.0686292847953147e-14,20.686292847953148,4.851112187734957e-14
435,2.073395708596104e-14,20.73395708596104,4.2150941211797216e-14
436,2.0781621323968935e-14,20.781621323968935,4.016169449956586e-14
437,2.082928556197683e-14,20.82928556197683,4.490690181909243e-14
438,2.0876949799984723e-14,20.876949799984722,4.7634866293415e-14
439,2.0924614037992617e-14,20.92461403799262,4.549365509418264e-14
440,2.097227827600051e-14,20.972278276000512,4.6967627947676685e-14
441,2.1019942514008405e-14,21.019942514008406,5.0263470414892847e-14
442,2.10676067520163e-14,21.0676067520163,4.98694442403573e-14
443,2.1115270990024193e-14,21.115270990024193,4.6950392521265955e-14
444,2.1162935228032087e-14,21.162935228032087,4.089322942226435e-14
445,2.121059946603998e-14,21.21059946603998,4.2787584727480704e-14
446,2.1258263704047875e-14,21.258263704047874,4.7563891708698666e-14
447,2.130592794205577e-14,21.305927942055767,4.851237548611151e-14
448,2.1353592180063663e-14,21.353592180063664,4.672598638848398e-14
449,2.1401256418071557e-14,21.401256418071558,5.039793858933536e-14
450,2.144892065607945e-14,21.44892065607945,5.194407864993547e-14
451,2.1496584894087345e-14,21.496584894087345,5.0591363645038565e-14
452,2.154424913209524e-14,21.54424913209524,4.587418633980253e-14
453,2.1591913370103133e-14,21.591913370103132,4.250697626458251e-14
454,2.1639577608111027e-14,21.639577608111026,4.588877563528604e-14
455,2.168724184611892e-14,21.687241846118923,4.998573847588353e-14
456,2.1734906084126815e-14,21.734906084126816,4.958421775383068e-14
457,2.178257032213471e-14,21.78257032213471,5.060744033037745e-14
458,2.1830234560142603e-14,21.830234560142603,5.3836600975853965e-14
459,2.1877898798150497e-14,21.877898798150497,5.406442234547927e-14
460,2.192556303615839e-14,21.92556303615839,5.1619973351129875e-14
461,2.1973227274166285e-14,21.973227274166284,4.593482373443057e-14
462,2.202089151217418e-14,22.020891512174178,4.5756194650250007e-14
463,2.2068555750182073e-14,22.06855575018207,4.9400309960322825e-14
464,2.2116219988189967e-14,22.116219988189968,5.2179699498939094e-14
465,2.216388422619786e-14,22.16388422619786,5.157692713675041e-14
466,2.2211548464205755e-14,22.211548464205755,5.544540453389195e-14
467,2.225921270221365e-14,22.25921270221365,5.658949871201191e-14
468,2.2306876940221543e-14,22.306876940221542,5.607221569112371e-14
469,2.2354541178229437e-14,22.354541178229436,5.2638242479001104e-14
470,2.240220541623733e-14,22.40220541623733,4.823829595317075e-14
471,2.2449869654245225e-14,22.449869654245227,4.95648376399975e-14
472,2.249753389225312e-14,22.49753389225312,5.275730143006717e-14
473,2.2545198130261013e-14,22.545198130261014,5.4406813391550193e-14
474,2.2592862368268907e-14,22.592862368268907,5.657519401959868e-14
475,2.26405266062768e-14,22.6405266062768,6.053065492415965e-14
476,2.2688190844284695e-14,22.688190844284694,5.914210364933031e-14
477,2.273585508229259e-14,22.735855082292588,5.76770077011235e-14
478,2.2783519320300483e-14,22.78351932030048,5.360891174336843e-14
479,2.2831183558308377e-14,22.831183558308375,5.255284122912714e-14
480,2.287884779631627e-14,22.878847796316272,5.363283873006247e-14
481,2.2926512034324165e-14,22.926512034324166,5.59951255285282e-14
482,2.297417627233206e-14,22.97417627233206,5.702664902795807e-14
483,2.3021840510339953e-14,23.021840510339953,6.231569893346695e-14
484,2.3069504748347847e-14,23.069504748347846,6.522905859115274e-14
485,2.311716898635574e-14,23.11716898635574,6.153647605583804e-14
486,2.3164833224363635e-14,23.164833224363633,5.87762938363337e-14
487,2.321249746237153e-14,23.21249746237153,5.497626686572568e-14
488,2.3260161700379423e-14,23.260161700379424,5.738692263361142e-14
489,2.3307825938387317e-14,23.307825938387317,5.809430356478601e-14
490,2.335549017639521e-14,23.35549017639521,5.902018511503432e-14
491,2.3403154414403105e-14,23.403154414403105,6.092172664777518e-14
492,2.3450818652411e-14,23.450818652410998,6.828400827630157e-14
493,2.3498482890418892e-14,23.49848289041889,6.934592331787892e-14
494,2.3546147128426786e-14,23.546147128426785,6.41082510428187e-14
495,2.359381136643468e-14,23.59381136643468,5.994774717864998e-14
496,2.3641475604442574e-14,23.641475604442576,5.782044764854333e-14
497,2.368913984245047e-14,23.68913984245047,6.169178801704658e-14
498,2.3736804080458362e-14,23.736804080458363,6.248288968472779e-14
499,2.3784468318466256e-14,23.784468318466256,6.256755909813533e-14
500,2.383213255647415e-14,23.83213255647415,6.63461934046275e-14
501,2.3879796794482044e-14,23.879796794482044,7.390737192169636e-14
502,2.3927461032489938e-14,23.927461032489937,7.268897262531146e-14
503,2.3975125270497832e-14,23.975125270497834,6.63380483358067e-14
504,2.4022789508505726e-14,24.022789508505728,6.124598441251128e-14
505,2.407045374651362e-14,24.07045374651362,6.16611186480924e-14
506,2.4118117984521514e-14,24.118117984521515,6.521622434793595e-14
507,2.4165782222529408e-14,24.16578222252941,6.61314807168939e-14
508,2.4213446460537302e-14,24.213446460537302,6.630970322525978e-14
509,2.4261110698545196e-14,24.261110698545195,7.225614556552809e-14
510,2.430877493655309e-14,24.30877493655309,7.868382459258125e-14
511,2.4356439174560984e-14,24.356439174560983,7.506478484587895e-14
512,2.4404103412568878e-14,24.40410341256888,6.785173009386802e-14
513,2.4451767650576772e-14,24.451767650576773,6.251820079423293e-14
514,2.4499431888584666e-14,24.499431888584667,6.559085007984758e-14
515,2.454709612659256e-14,24.54709612659256,6.796381626971229e-14
516,2.4594760364600454e-14,24.594760364600454,6.872004050875735e-14
517,2.4642424602608348e-14,24.642424602608347,6.992656779135353e-14
518,2.4690088840616242e-14,24.69008884061624,7.856586339621482e-14
519,2.4737753078624136e-14,24.737753078624138,8.310201620809546e-14
520,2.478541731663203e-14,24.78541731663203,7.679308442398378e-14
521,2.4833081554639924e-14,24.833081554639925,6.847419766614626e-14
522,2.4880745792647818e-14,24.88074579264782,6.374222438938759e-14
523,2.4928410030655712e-14,24.928410030655712,6.94044837877203e-14
524,2.4976074268663606e-14,24.976074268663606,7.039325584023634e-14
525,2.50237385066715e-14,25.0237385066715,7.086485668021322e-14
526,2.5071402744679394e-14,25.071402744679393,7.444970340090076e-14
527,2.5119066982687288e-14,25.119066982687286,8.430980387571715e-14
528,2.5166731220695182e-14,25.166731220695183,8.659084327388225e-14
529,2.5214395458703076e-14,25.214395458703077,7.79353998329145e-14
530,2.526205969671097e-14,25.26205969671097,6.853106407009313e-14
531,2.5309723934718864e-14,25.309723934718864,6.63661833821827e-14
532,2.5357388172726758e-14,25.357388172726758,7.251289141623624e-14
533,2.5405052410734652e-14,25.40505241073465,7.237986658593584e-14
534,2.5452716648742546e-14,25.452716648742545,7.2322871432981e-14
535,2.550038088675044e-14,25.500380886750442,7.906955662049728e-14
536,2.5548045124758334e-14,25.548045124758335,8.911430350155153e-14
537,2.5595709362766228e-14,25.59570936276623,8.880138242578148e-14
538,2.5643373600774122e-14,25.643373600774122,7.828630864230302e-14
539,2.5691037838782016e-14,25.691037838782016,6.801821611371675e-14
540,2.573870207678991e-14,25.73870207678991,6.903036627557702e-14
541,2.5786366314797804e-14,25.786366314797803,7.462814952596472e-14
542,2.5834030552805698e-14,25.834030552805697,7.375826024166171e-14
543,2.5881694790813592e-14,25.88169479081359,7.295955560624595e-14
544,2.5929359028821486e-14,25.929359028821487,8.307649679946058e-14
545,2.597702326682938e-14,25.97702326682938,9.287483163176319e-14
546,2.6024687504837274e-14,26.024687504837274,9.001810120879902e-14
547,2.6072351742845168e-14,26.072351742845168,7.7734849536059e-14
548,2.6120015980853062e-14,26.12001598085306,6.702596783798517e-14
549,2.6167680218860956e-14,26.167680218860955,7.144049349490367e-14
550,2.621534445686885e-14,26.21534445686885,7.605361110850362e-14
551,2.6263008694876744e-14,26.263008694876746,7.456604507027204e-14
552,2.6310672932884638e-14,26.31067293288464,7.336596201433856e-14
553,2.6358337170892532e-14,26.358337170892533,8.63002567628654e-14
554,2.6406001408900426e-14,26.406001408900426,9.525258863997757e-14
555,2.645366564690832e-14,26.45366564690832,9.012719905240538e-14
556,2.6501329884916214e-14,26.501329884916213,7.646669213622059e-14
557,2.6548994122924108e-14,26.548994122924107,6.557729755269151e-14
558,2.6596658360932002e-14,26.596658360932,7.301981014198183e-14
559,2.6644322598939896e-14,26.644322598939894,7.662693721731395e-14
560,2.669198683694779e-14,26.69198683694779,7.469847358937756e-14
561,2.6739651074955684e-14,26.739651074955685,7.337685146990847e-14
562,2.6787315312963578e-14,26.787315312963578,8.862049006956585e-14
563,2.6834979550971472e-14,26.83497955097147,9.615722660390874e-14
564,2.6882643788979366e-14,26.882643788979365,8.90342893812221e-14
565,2.693030802698726e-14,26.93030802698726,7.448975789491052e-14
566,2.6977972264995154e-14,26.977972264995152,6.361315689701677e-14
567,2.7025636503003048e-14,27.02563650300305,7.380991569891707e-14
568,2.7073300741010942e-14,27.073300741010943,7.666494527972315e-14
569,2.7120964979018836e-14,27.120964979018837,7.406559767624346e-14
570,2.716862921702673e-14,27.16862921702673,7.332891618135745e-14
571,2.7216293455034624e-14,27.216293455034624,8.991554245954547e-14
572,2.7263957693042518e-14,27.263957693042517,9.56730557949946e-14
573,2.7311621931050412e-14,27.31162193105041,8.69070982713327e-14
574,2.7359286169058306e-14,27.359286169058304,7.184317295802836e-14
575,2.74069504070662e-14,27.406950407066198,6.289807135415396e-14
576,2.7454614645074094e-14,27.454614645074095,7.364852542927902e-14
577,2.7502278883081988e-14,27.50227888308199,7.599017172888606e-14
578,2.754994312108988e-14,27.549943121089882,7.27344955640287e-14
579,2.7597607359097776e-14,27.597607359097776,7.40122481530936e-14
580,2.764527159710567e-14,27.64527159710567,9.017944404459202e-14
581,2.7692935835113563e-14,27.692935835113563,9.393568957622236e-14
582,2.7740600073121457e-14,27.740600073121456,8.376364380759116e-14
583,2.778826431112935e-14,27.788264311129353,6.840546602467426e-14
584,2.7835928549137245e-14,27.835928549137247,6.299354213170488e-14
585,2.788359278714514e-14,27.88359278714514,7.309262109412781e-14
586,2.7931257025153033e-14,27.931257025153034,7.468868866477088e-14
587,2.7978921263160927e-14,27.978921263160927,7.070402206418858e-14
588,2.802658550116882e-14,28.02658550116882,7.437334168663989e-14
589,2.8074249739176715e-14,28.074249739176715,8.919502235329307e-14
590,2.812191397718461e-14,28.121913977184608,9.09342113869678e-14
591,2.8169578215192503e-14,28.1695782151925,7.951313083431541e-14
592,2.8217242453200397e-14,28.2172424532004,6.441785174943551e-14
593,2.826490669120829e-14,28.264906691208292,6.30302491515071e-14
594,2.8312570929216185e-14,28.312570929216186,7.227484805300347e-14
595,2.836023516722408e-14,28.36023516722408,7.29597859992076e-14
596,2.8407899405231973e-14,28.407899405231973,6.818126656793141e-14
597,2.845556364323987e-14,28.455563643239866,7.419051809530453e-14
598,2.850322788124776e-14,28.50322788124776,8.682860203404474e-14
599,2.8550892119255655e-14,28.550892119255657,8.685802457050057e-14
600,2.859855635726355e-14,28.59855635726355,7.451776419227854e-14
601,2.8646220595271443e-14,28.646220595271444,6.044872312123764e-14
602,2.869388483327934e-14,28.693884833279338,6.286225880114404e-14
603,2.874154907128723e-14,28.74154907128723,7.07624741138127e-14
604,2.8789213309295125e-14,28.789213309295125,7.08318223952703e-14
605,2.883687754730302e-14,28.83687754730302,6.583627279411683e-14
606,2.8884541785310913e-14,28.884541785310912,7.37394764390234e-14
607,2.893220602331881e-14,28.932206023318805,8.371108710727992e-14
608,2.89798702613267e-14,28.979870261326703,8.197193195492308e-14
609,2.9027534499334595e-14,29.027534499334596,6.944979666226661e-14
610,2.907519873734249e-14,29.07519873734249,5.6732481261640225e-14
611,2.912286297535038e-14,29.122862975350383,6.229664408028551e-14
612,2.917052721335828e-14,29.170527213358277,6.86983700178348e-14
613,2.921819145136617e-14,29.21819145136617,6.842736013229489e-14
614,2.9265855689374065e-14,29.265855689374064,6.408063776873821e-14
615,2.931351992738196e-14,29.31351992738196,7.328131292972176e-14
616,2.936118416538985e-14,29.361184165389854,8.047767774453998e-14
617,2.940884840339775e-14,29.408848403397748,7.693046639176485e-14
618,2.945651264140564e-14,29.45651264140564,6.521837919975376e-14
619,2.9504176879413535e-14,29.504176879413535,5.529436839500114e-14
620,2.955184111742143e-14,29.55184111742143,6.16391838828903e-14
621,2.959950535542932e-14,29.599505355429322,6.675245073492139e-14
622,2.964716959343722e-14,29.647169593437216,6.615687137652079e-14
623,2.969483383144511e-14,29.69483383144511,6.376633433519824e-14
624,2.9742498069453005e-14,29.742498069453006,7.27231724275898e-14
625,2.97901623074609e-14,29.7901623074609,7.74451710443616e-14
626,2.983782654546879e-14,29.837826545468793,7.255967473997899e-14
627,2.988549078347669e-14,29.885490783476687,6.201395869260065e-14
628,2.993315502148458e-14,29.93315502148458,5.59792690717556e-14
629,2.9980819259492475e-14,29.980819259492474,6.142435599867588e-14
630,3.002848349750037e-14,30.028483497500368,6.543407444570618e-14
631,3.007614773550826e-14,30.076147735508265,6.430487788306252e-14
632,3.012381197351616e-14,30.12381197351616,6.4752910878315e-14
633,3.017147621152405e-14,30.171476211524052,7.225578642355845e-14
634,3.0219140449531945e-14,30.219140449531945,7.45239170396074e-14
635,3.026680468753984e-14,30.26680468753984,6.902783195299883e-14
636,3.031446892554773e-14,30.314468925547732,5.955617401152968e-14
637,3.036213316355563e-14,30.362133163555626,5.765539142030957e-14
638,3.040979740156352e-14,30.40979740156352,6.194222516636358e-14
639,3.0457461639571415e-14,30.457461639571413,6.491981702650557e-14
640,3.050512587757931e-14,30.50512587757931,6.347650676570213e-14
641,3.05527901155872e-14,30.552790115587204,6.655996419172375e-14
642,3.0600454353595097e-14,30.600454353595097,7.19954017193089e-14
643,3.064811859160299e-14,30.64811859160299,7.165009010363585e-14
644,3.0695782829610885e-14,30.695782829610884,6.653208664336371e-14
645,3.074344706761878e-14,30.743447067618778,5.79751971798749e-14
646,3.079111130562667e-14,30.79111130562667,5.993385583831501e-14
647,3.0838775543634567e-14,30.83877554363457,6.34104653008706e-14
648,3.088643978164246e-14,30.886439781642462,6.509723315950566e-14
649,3.0934104019650355e-14,30.934104019650356,6.377857226722017e-14
650,3.098176825765825e-14,30.98176825765825,6.909446295276164e-14
651,3.102943249566614e-14,31.029432495666143,7.193881991843232e-14
652,3.1077096733674037e-14,31.077096733674036,6.991986606667486e-14
653,3.112476097168193e-14,31.12476097168193,6.479318221275926e-14
654,3.1172425209689825e-14,31.172425209689823,5.898211606625292e-14
655,3.122008944769772e-14,31.220089447697717,6.237162343677646e-14
656,3.126775368570561e-14,31.267753685705614,6.55094332729575e-14
657,3.1315417923713507e-14,31.315417923713508,6.588997468297275e-14
658,3.13630821617214e-14,31.3630821617214,6.658679819549276e-14
659,3.1410746399729295e-14,31.410746399729295,7.185644088211415e-14
660,3.145841063773719e-14,31.458410637737188,7.184477893249636e-14
661,3.150607487574508e-14,31.50607487574508,6.898255973603398e-14
662,3.1553739113752977e-14,31.553739113752975,6.382434592768979e-14
663,3.160140335176087e-14,31.601403351760872,6.191617720916961e-14
664,3.1649067589768765e-14,31.649067589768766,6.478570799403269e-14
665,3.169673182777666e-14,31.69673182777666,6.740720042688539e-14
666,3.174439606578455e-14,31.744396065784553,6.714260766295388e-14
667,3.1792060303792447e-14,31.792060303792447,7.116048473133213e-14
668,3.183972454180034e-14,31.83972454180034,7.450190095924236e-14
669,3.1887388779808234e-14,31.887388779808234,7.235037628684424e-14
670,3.193505301781613e-14,31.935053017816127,6.887179493158743e-14
671,3.198271725582402e-14,31.98271725582402,6.399855688801748e-14
672,3.2030381493831916e-14,32.03038149383192,6.544223306705413e-14
673,3.207804573183981e-14,32.07804573183981,6.751164975367721e-14
674,3.2125709969847704e-14,32.125709969847705,6.920975430127832e-14
675,3.21733742078556e-14,32.1733742078556,6.954352594007798e-14
676,3.222103844586349e-14,32.22103844586349,7.581089889966558e-14
677,3.2268702683871386e-14,32.26870268387139,7.659010822476733e-14
678,3.231636692187928e-14,32.31636692187928,7.349427056518865e-14
679,3.2364031159887174e-14,32.364031159887176,6.934902684659766e-14
680,3.241169539789507e-14,32.411695397895066,6.703788728561894e-14
681,3.245935963590296e-14,32.45935963590296,6.889688065935332e-14
682,3.2507023873910856e-14,32.50702387391085,7.060186311448613e-14
683,3.255468811191875e-14,32.55468811191875,7.129588125388484e-14
684,3.2602352349926644e-14,32.60235234992665,7.439808860122687e-14
685,3.265001658793454e-14,32.65001658793454,7.978434400776266e-14
686,3.269768082594243e-14,32.697680825942435,7.823711296872649e-14
687,3.2745345063950326e-14,32.745345063950325,7.46116222190979e-14
688,3.279300930195822e-14,32.79300930195822,7.032528314028508e-14
689,3.2840673539966114e-14,32.84067353996611,7.13486141370491e-14
690,3.288833777797401e-14,32.88833777797401,7.229184292205718e-14
691,3.29360020159819e-14,32.9360020159819,7.357090332999264e-14
692,3.2983666253989796e-14,32.983666253989796,7.398715564906413e-14
693,3.303133049199769e-14,33.03133049199769,7.938552701487744e-14
694,3.3078994730005584e-14,33.07899473000558,8.250086676103371e-14
695,3.312665896801348e-14,33.12665896801348,7.968676581223896e-14
696,3.317432320602137e-14,33.17432320602137,7.544396422691502e-14
697,3.3221987444029266e-14,33.22198744402927,7.154560689552614e-14
698,3.326965168203716e-14,33.26965168203716,7.477477431726623e-14
699,3.3317315920045054e-14,33.317315920045054,7.52098849778754e-14
700,3.336498015805295e-14,33.36498015805295,7.641575496290451e-14
701,3.341264439606084e-14,33.41264439606084,7.782946650439909e-14
702,3.3460308634068736e-14,33.46030863406874,8.383684100676109e-14
703,3.350797287207663e-14,33.50797287207663,8.395436852225852e-14
704,3.3555637110084524e-14,33.555637110084525,8.023332567991606e-14
705,3.360330134809242e-14,33.603301348092415,7.612943749794182e-14
706,3.365096558610031e-14,33.65096558610031,7.457066648203226e-14
707,3.3698629824108206e-14,33.69862982410821,7.751687068928079e-14
708,3.37462940621161e-14,33.7462940621161,7.789326502598629e-14
709,3.3793958300123994e-14,33.793958300124,7.911897591077188e-14
710,3.384162253813189e-14,33.84162253813189,8.260070822859247e-14
711,3.388928677613978e-14,33.889286776139784,8.735233266972744e-14
712,3.3936951014147676e-14,33.936951014147674,8.477800303137786e-14
713,3.398461525215557e-14,33.98461525215557,8.036465644432195e-14
714,3.4032279490163464e-14,34.03227949016346,7.656222390014372e-14
715,3.407994372817136e-14,34.07994372817136,7.78201491419793e-14
716,3.412760796617925e-14,34.127607966179255,7.970210727297963e-14
717,3.4175272204187146e-14,34.175272204187145,8.037140560284567e-14
718,3.422293644219504e-14,34.22293644219504,8.209401311954495e-14
719,3.4270600680202934e-14,34.27060068020293,8.737939029019454e-14
720,3.431826491821083e-14,34.31826491821083,8.995565116366386e-14
721,3.436592915621872e-14,34.36592915621872,8.529441530239629e-14
722,3.4413593394226616e-14,34.413593394226616,8.042047252741422e-14
723,3.446125763223451e-14,34.461257632234506,7.706611363606994e-14
724,3.4508921870242404e-14,34.5089218702424,8.034524922543446e-14
725,3.45565861082503e-14,34.5565861082503,8.112514295315759e-14
726,3.460425034625819e-14,34.60425034625819,8.25525764283977e-14
727,3.4651914584266086e-14,34.65191458426609,8.59077281425806e-14
728,3.469957882227398e-14,34.69957882227398,9.20413376591378e-14
729,3.4747243060281874e-14,34.747243060281875,9.165172283219156e-14
730,3.479490729828977e-14,34.794907298289765,8.49977640354771e-14
731,3.484257153629766e-14,34.84257153629766,8.00093159585534e-14
732,3.4890235774305556e-14,34.89023577430556,7.845171723624283e-14
733,3.493790001231345e-14,34.93790001231345,8.230768226268753e-14
734,3.4985564250321344e-14,34.985564250321346,8.249196952695576e-14
735,3.503322848832924e-14,35.033228488329236,8.444608808879858e-14
736,3.508089272633713e-14,35.08089272633713,9.016261858212776e-14
737,3.5128556964345026e-14,35.12855696434502,9.570291201231942e-14
738,3.517622120235292e-14,35.17622120235292,9.23188595339762e-14
739,3.5223885440360814e-14,35.22388544036082,8.443532060597309e-14
740,3.527154967836871e-14,35.27154967836871,7.958783236399966e-14
741,3.53192139163766e-14,35.319213916376604,8.070471645572203e-14
742,3.5366878154384496e-14,35.366878154384494,8.343328062937125e-14
743,3.541454239239239e-14,35.41454239239239,8.361856400438544e-14
744,3.5462206630400284e-14,35.46220663040028,8.625567572478551e-14
745,3.550987086840818e-14,35.50987086840818,9.425564441358641e-14
746,3.555753510641607e-14,35.55753510641607,9.857204299763139e-14
747,3.5605199344423966e-14,35.605199344423966,9.236251900020948e-14
748,3.565286358243186e-14,35.65286358243186,8.371526806190757e-14
749,3.5700527820439754e-14,35.70052782043975,7.893638271239817e-14
750,3.574819205844765e-14,35.74819205844765,8.268252483503366e-14
751,3.579585629645554e-14,35.79585629645554,8.395322333371383e-14
752,3.5843520534463436e-14,35.84352053446344,8.421101272901299e-14
753,3.589118477247133e-14,35.89118477247133,8.773874232400128e-14
754,3.5938849010479224e-14,35.938849010479224,9.775798334894781e-14
755,3.598651324848712e-14,35.986513248487114,1.0032264325917153e-13
756,3.603417748649501e-14,36.03417748649501,9.166597331449616e-14
757,3.6081841724502905e-14,36.08184172450291,8.247123416040697e-14
758,3.61295059625108e-14,36.1295059625108,7.81004154035668e-14
759,3.6177170200518693e-14,36.177170200518695,8.398399434662168e-14
760,3.622483443852659e-14,36.224834438526585,8.405793693478519e-14
761,3.627249867653448e-14,36.27249867653448,8.428283434667658e-14
762,3.6320162914542375e-14,36.32016291454237,8.927990860713511e-14
763,3.636782715255027e-14,36.36782715255027,9.994683845739732e-14
764,3.6415491390558163e-14,36.41549139055817,1.0055665474557537e-13
765,3.646315562856606e-14,36.46315562856606,9.041286599606457e-14
766,3.651081986657395e-14,36.510819866573954,8.087300496168251e-14
767,3.6558484104581845e-14,36.558484104581844,7.806904807946408e-14
768,3.660614834258974e-14,36.60614834258974,8.47053411570306e-14
769,3.6653812580597633e-14,36.65381258059763,8.383640054962851e-14
770,3.670147681860553e-14,36.70147681860553,8.398645413030051e-14
771,3.674914105661342e-14,36.749141056613425,9.117379296203279e-14
772,3.6796805294621315e-14,36.796805294621315,1.0129866238363372e-13
773,3.684446953262921e-14,36.84446953262921,9.974997444792827e-14
774,3.6892133770637103e-14,36.8921337706371,8.861690542613307e-14
775,3.6939798008645e-14,36.939798008645,7.8930636440884e-14
776,3.698746224665289e-14,36.98746224665289,7.913380237548062e-14
777,3.7035126484660785e-14,37.035126484660786,8.477875519663503e-14
778,3.708279072266868e-14,37.082790722668676,8.357429467443014e-14
779,3.7130454960676573e-14,37.13045496067657,8.38243116954053e-14
780,3.717811919868447e-14,37.17811919868447,9.292809983975012e-14
781,3.722578343669236e-14,37.22578343669236,1.0165175992615794e-13
782,3.7273447674700255e-14,37.27344767470026,9.805796176128381e-14
783,3.732111191270815e-14,37.32111191270815,8.603071055025835e-14
784,3.7368776150716043e-14,37.368776150716045,7.635369116479329e-14
785,3.741644038872394e-14,37.416440388723935,7.950210585347395e-14
786,3.746410462673183e-14,37.46410462673183,8.411537254487261e-14
787,3.7511768864739725e-14,37.51176886473972,8.309748288776175e-14
788,3.755943310274762e-14,37.55943310274762,8.321272680243338e-14
789,3.760709734075551e-14,37.607097340755516,9.360809788980587e-14
790,3.765476157876341e-14,37.654761578763406,1.0073144846457077e-13
791,3.77024258167713e-14,37.7024258167713,9.557172354944868e-14
792,3.7750090054779195e-14,37.75009005477919,8.312253473420975e-14
793,3.779775429278709e-14,37.79775429278709,7.370606945958369e-14
794,3.784541853079498e-14,37.84541853079498,7.927468089526796e-14
795,3.789308276880288e-14,37.89308276880288,8.288921442669087e-14
796,3.794074700681077e-14,37.940747006810774,8.220779336128373e-14
797,3.7988411244818665e-14,37.988411244818664,8.249141387334236e-14
798,3.803607548282656e-14,38.03607548282656,9.361194680751819e-14
799,3.808373972083445e-14,38.08373972083445,9.896947763274669e-14
800,3.813140395884235e-14,38.13140395884235,9.267535876081659e-14
801,3.817906819685024e-14,38.17906819685024,8.055938593076392e-14
802,3.8226732434858135e-14,38.226732434858135,7.14573257336315e-14
803,3.827439667286603e-14,38.27439667286603,7.890443262962774e-14
804,3.832206091087392e-14,38.32206091087392,8.179612179639098e-14
805,3.836972514888182e-14,38.36972514888182,8.140058451507753e-14
806,3.841738938688971e-14,38.41738938688971,8.205233232227646e-14
807,3.8465053624897605e-14,38.46505362489761,9.307555133520815e-14
808,3.85127178629055e-14,38.5127178629055,9.666318987648984e-14
809,3.856038210091339e-14,38.560382100913394,8.957513685870291e-14
810,3.860804633892129e-14,38.608046338921284,7.794144426002611e-14
811,3.865571057692918e-14,38.65571057692918,7.065895313513107e-14
812,3.8703374814937075e-14,38.70337481493708,7.82677416800992e-14
813,3.875103905294497e-14,38.75103905294497,8.067788922821659e-14
814,3.879870329095286e-14,38.798703290952865,8.054825930596879e-14
815,3.8846367528960757e-14,38.846367528960755,8.233442139876646e-14
816,3.889403176696865e-14,38.89403176696865,9.217575839973527e-14
817,3.8941696004976545e-14,38.94169600497654,9.406025085331379e-14
818,3.898936024298444e-14,38.98936024298444,8.629941650618173e-14
819,3.903702448099233e-14,39.03702448099233,7.502719013554801e-14
820,3.9084688719000227e-14,39.084688719000226,7.097263315242186e-14
821,3.913235295700812e-14,39.13235295700812,7.718042920263138e-14
822,3.9180017195016015e-14,39.18001719501601,7.990847160398509e-14
823,3.922768143302391e-14,39.22768143302391,7.979717825097946e-14
824,3.92753456710318e-14,39.2753456710318,8.313926532898391e-14
825,3.9323009909039697e-14,39.3230099090397,9.11672199863621e-14
826,3.937067414704759e-14,39.37067414704759,9.144081162832524e-14
827,3.9418338385055485e-14,39.418338385055485,8.332334252908122e-14
828,3.946600262306338e-14,39.46600262306338,7.31536142425937e-14
829,3.951366686107127e-14,39.51366686107127,7.226390438732494e-14
830,3.9561331099079167e-14,39.56133109907917,7.653089723362247e-14
831,3.960899533708706e-14,39.60899533708706,7.906362061360292e-14
832,3.9656659575094955e-14,39.656659575094956,7.918283541873128e-14
833,3.970432381310285e-14,39.704323813102846,8.420791597655783e-14
834,3.975198805111074e-14,39.75198805111074,9.069492796750026e-14
835,3.9799652289118637e-14,39.79965228911864,8.917348738764208e-14
836,3.984731652712653e-14,39.84731652712653,8.115428766280672e-14
837,3.9894980765134425e-14,39.89498076513443,7.219700911328258e-14
838,3.994264500314232e-14,39.94264500314232,7.382673438511775e-14
839,3.999030924115021e-14,39.990309241150214,7.655231022652906e-14
840,4.0037973479158107e-14,40.037973479158104,7.863891829384961e-14
841,4.0085637717166e-14,40.085637717166,7.910977374483291e-14
842,4.0133301955173895e-14,40.13330195517389,8.502891451914532e-14
843,4.018096619318179e-14,40.18096619318179,9.003679014374724e-14
844,4.022863043118968e-14,40.228630431189686,8.713096569116022e-14
845,4.0276294669197577e-14,40.276294669197576,7.986353142393557e-14
846,4.032395890720547e-14,40.32395890720547,7.210456732555104e-14
847,4.0371623145213364e-14,40.37162314521336,7.522221100132384e-14
848,4.041928738322126e-14,40.41928738322126,7.725553730813031e-14
849,4.046695162122915e-14,40.46695162122915,7.884760010699876e-14
850,4.0514615859237046e-14,40.51461585923705,7.971465691312615e-14
851,4.056228009724494e-14,40.56228009724494,8.61173518563671e-14
852,4.0609944335252834e-14,40.609944335252834,8.891993993334277e-14
853,4.065760857326073e-14,40.65760857326073,8.529430010591546e-14
854,4.070527281126862e-14,40.70527281126862,7.865194904871017e-14
855,4.0752937049276516e-14,40.75293704927652,7.423291717651229e-14
856,4.080060128728441e-14,40.80060128728441,7.689411173766869e-14
857,4.0848265525292304e-14,40.848265525292305,7.86714985691328e-14
858,4.08959297633002e-14,40.895929763300195,7.948271896337719e-14
859,4.094359400130809e-14,40.94359400130809,8.151178977665666e-14
860,4.0991258239315986e-14,40.99125823931599,8.776441758669845e-14
861,4.103892247732388e-14,41.03892247732388,8.809853481494059e-14
862,4.1086586715331774e-14,41.08658671533178,8.394843929162774e-14
863,4.113425095333967e-14,41.13425095333967,7.788560107187953e-14
864,4.118191519134756e-14,41.181915191347564,7.666858413326455e-14
865,4.1229579429355456e-14,41.229579429355454,7.873855647350103e-14
866,4.127724366736335e-14,41.27724366736335,8.078592319844119e-14
867,4.1324907905371244e-14,41.32490790537125,8.115258004438505e-14
868,4.137257214337914e-14,41.37257214337914,8.463520005273437e-14
869,4.142023638138703e-14,41.420236381387035,8.903527193944091e-14
870,4.1467900619394926e-14,41.467900619394925,8.752522225865741e-14
871,4.151556485740282e-14,41.51556485740282,8.341730219985424e-14
872,4.1563229095410714e-14,41.56322909541071,7.802239350472931e-14
873,4.161089333341861e-14,41.61089333341861,7.929948879622714e-14
874,4.16585575714265e-14,41.6585575714265,8.07389975731633e-14
875,4.1706221809434396e-14,41.706221809434396,8.275335034195128e-14
876,4.175388604744229e-14,41.75388604744229,8.325250346963645e-14
877,4.1801550285450184e-14,41.80155028545018,8.798557450109476e-14
878,4.184921452345808e-14,41.84921452345808,8.977668326630439e-14
879,4.189687876146597e-14,41.89687876146597,8.706171905365628e-14
880,4.1944542999473866e-14,41.94454299947387,8.277901205212129e-14
881,4.199220723748176e-14,41.99220723748176,7.938154257189356e-14
882,4.2039871475489654e-14,42.039871475489655,8.194122870465101e-14
883,4.208753571349755e-14,42.087535713497545,8.331367280095536e-14
884,4.213519995150544e-14,42.13519995150544,8.496833472275769e-14
885,4.2182864189513336e-14,42.18286418951334,8.66762513000198e-14
886,4.223052842752123e-14,42.23052842752123,9.108177130264308e-14
887,4.2278192665529124e-14,42.278192665529126,9.053382907719607e-14
888,4.232585690353702e-14,42.325856903537016,8.74671361272665e-14
889,4.237352114154491e-14,42.37352114154491,8.31949526630682e-14
890,4.2421185379552806e-14,42.4211853795528,8.262446580869706e-14
891,4.24688496175607e-14,42.4688496175607,8.452833159984519e-14
892,4.2516513855568594e-14,42.5165138555686,8.61731882682501e-14
893,4.256417809357649e-14,42.56417809357649,8.786569562213575e-14
894,4.261184233158438e-14,42.611842331584384,9.149248063810775e-14
895,4.2659506569592276e-14,42.659506569592274,9.392559971975467e-14
896,4.270717080760017e-14,42.70717080760017,9.134017733792785e-14
897,4.2754835045608064e-14,42.75483504560806,8.803495991005147e-14
898,4.280249928361596e-14,42.80249928361596,8.445880713553455e-14
899,4.285016352162385e-14,42.850163521623855,8.631793603454049e-14
900,4.2897827759631746e-14,42.897827759631745,8.728161558302708e-14
901,4.294549199763964e-14,42.94549199763964,8.891296038185739e-14
902,4.2993156235647534e-14,42.99315623564753,9.100740180987416e-14
903,4.304082047365543e-14,43.04082047365543,9.595875661997169e-14
904,4.308848471166332e-14,43.08848471166332,9.60501006530036e-14
905,4.3136148949671216e-14,43.13614894967122,9.206596260098038e-14
906,4.318381318767911e-14,43.18381318767911,8.88058479834794e-14
907,4.3231477425687004e-14,43.231477425687004,8.66410824920498e-14
908,4.32791416636949e-14,43.2791416636949,8.953817911714831e-14
909,4.332680590170279e-14,43.32680590170279,9.039969971593245e-14
910,4.3374470139710686e-14,43.37447013971069,9.165513806903489e-14
911,4.342213437771858e-14,43.42213437771858,9.48265175149815e-14
912,4.3469798615726474e-14,43.469798615726475,9.934446928289153e-14
913,4.351746285373437e-14,43.517462853734365,9.755115145575546e-14
914,4.356512709174226e-14,43.56512709174226,9.285700328228938e-14
915,4.3612791329750156e-14,43.61279132975015,8.971665912353016e-14
916,4.366045556775805e-14,43.66045556775805,8.989860180060039e-14
917,4.3708119805765944e-14,43.708119805765946,9.18325813070893e-14
918,4.375578404377384e-14,43.755784043773836,9.314072543830168e-14
919,4.380344828178173e-14,43.80344828178173,9.419603362289045e-14
920,4.3851112519789626e-14,43.85111251978962,9.840498099537853e-14
921,4.389877675779752e-14,43.89877675779752,1.0172635981188852e-13
922,4.3946440995805414e-14,43.94644099580541,9.842432045163024e-14
923,4.399410523381331e-14,43.99410523381331,9.368859312484934e-14
924,4.40417694718212e-14,44.041769471821205,9.057473738041666e-14
925,4.4089433709829096e-14,44.089433709829095,9.240604294117119e-14
926,4.413709794783699e-14,44.13709794783699,9.331967300687041e-14
927,4.4184762185844884e-14,44.18476218584488,9.527236855336185e-14
928,4.423242642385278e-14,44.23242642385278,9.653095786902807e-14
929,4.428009066186067e-14,44.28009066186067,1.0127067641505644e-13
930,4.4327754899868566e-14,44.327754899868566,1.0250047338677959e-13
931,4.437541913787646e-14,44.37541913787646,9.790421511696179e-14
932,4.4423083375884354e-14,44.42308337588435,9.385291751661667e-14
933,4.447074761389225e-14,44.47074761389225,9.146454887963909e-14
934,4.451841185190014e-14,44.51841185190014,9.415457644232003e-14
935,4.4566076089908035e-14,44.56607608990804,9.44959984826993e-14
936,4.461374032791593e-14,44.61374032791593,9.705953353316907e-14
937,4.4661404565923823e-14,44.661404565923824,9.931762850285894e-14
938,4.470906880393172e-14,44.709068803931714,1.0326854253455905e-13
939,4.475673304193961e-14,44.75673304193961,1.023124117436984e-13
940,4.4804397279947505e-14,44.80439727994751,9.681354161275926e-14
941,4.48520615179554e-14,44.8520615179554,9.364969737191142e-14
942,4.4899725755963293e-14,44.899725755963296,9.314876208690523e-14
943,4.494738999397119e-14,44.947389993971186,9.510034632616987e-14
944,4.499505423197908e-14,44.99505423197908,9.564597784573678e-14
945,4.5042718469986975e-14,45.04271846998697,9.837896014323888e-14
946,4.509038270799487e-14,45.09038270799487,1.0191532947428916e-13
947,4.5138046946002763e-14,45.13804694600276,1.0444187967815002e-13
948,4.518571118401066e-14,45.18571118401066,1.0106580286203815e-13
949,4.523337542201855e-14,45.233375422018554,9.52424310208741e-14
950,4.5281039660026445e-14,45.281039660026444,9.284664237527857e-14
951,4.532870389803434e-14,45.32870389803434,9.433050857359654e-14
952,4.5376368136042233e-14,45.37636813604223,9.490647064893873e-14
953,4.542403237405013e-14,45.42403237405013,9.567153791195313e-14
954,4.547169661205802e-14,45.47169661205802,9.907009159435334e-14
955,4.5519360850065915e-14,45.519360850065915,1.0407796721895526e-13
956,4.556702508807381e-14,45.56702508807381,1.0499639487926773e-13
957,4.5614689326081703e-14,45.6146893260817,9.938125761785668e-14
958,4.56623535640896e-14,45.6623535640896,9.382182124305707e-14
959,4.571001780209749e-14,45.71001780209749,9.151706492236886e-14
960,4.5757682040105385e-14,45.75768204010539,9.481324959089571e-14
961,4.580534627811328e-14,45.80534627811328,9.403617478882104e-14
962,4.5853010516121173e-14,45.853010516121174,9.534634502284325e-14
963,4.590067475412907e-14,45.90067475412907,9.989482385817233e-14
964,4.594833899213696e-14,45.94833899213696,1.0575568876571365e-13
965,4.5996003230144855e-14,45.99600323014486,1.0489595032425053e-13
966,4.604366746815275e-14,46.04366746815275,9.750425971179547e-14
967,4.609133170616064e-14,46.091331706160645,9.235095191828177e-14
968,4.613899594416854e-14,46.138995944168535,9.114507515698908e-14
969,4.618666018217643e-14,46.18666018217643,9.52777827879607e-14
970,4.6234324420184325e-14,46.23432442018432,9.333108423473582e-14
971,4.628198865819222e-14,46.28198865819222,9.530883840393883e-14
972,4.632965289620011e-14,46.329652896200116,1.015851966890309e-13
973,4.637731713420801e-14,46.377317134208006,1.0723107108203192e-13
974,4.64249813722159e-14,46.4249813722159,1.0435231780243914e-13
975,4.6472645610223795e-14,46.47264561022379,9.58509056088637e-14
976,4.652030984823169e-14,46.52030984823169,9.077042232002314e-14
977,4.656797408623958e-14,46.56797408623958,9.178745139165959e-14
978,4.661563832424748e-14,46.61563832424748,9.525872793477927e-14
979,4.666330256225537e-14,46.66330256225537,9.298284527319706e-14
980,4.6710966800263265e-14,46.710966800263265,9.519258482599408e-14
981,4.675863103827116e-14,46.75863103827116,1.0322082408644254e-13
982,4.680629527627905e-14,46.80629527627905,1.0828811399009666e-13
983,4.685395951428695e-14,46.85395951428695,1.0327172737844073e-13
984,4.690162375229484e-14,46.90162375229484,9.423314044224376e-14
985,4.6949287990302735e-14,46.949287990302736,8.909126420538621e-14
986,4.699695222831063e-14,46.996952228310626,9.211721148242105e-14
987,4.704461646631852e-14,47.04461646631852,9.442702967200206e-14
988,4.709228070432642e-14,47.09228070432642,9.246717161490864e-14
989,4.713994494233431e-14,47.13994494233431,9.509332611710303e-14
990,4.7187609180342205e-14,47.18760918034221,1.0415012087353417e-13
991,4.72352734183501e-14,47.2352734183501,1.0823461538914808e-13
992,4.728293765635799e-14,47.282937656357994,1.0170829429318948e-13
993,4.7330601894365887e-14,47.330601894365884,9.257854628307721e-14
994,4.737826613237378e-14,47.37826613237378,8.736274778684688e-14
995,4.7425930370381675e-14,47.42593037038168,9.203397863689206e-14
996,4.747359460838957e-14,47.47359460838957,9.300674515483678e-14
997,4.752125884639746e-14,47.521258846397465,9.176977889624807e-14
998,4.7568923084405357e-14,47.568923084405355,9.511295017642502e-14
999,4.761658732241325e-14,47.61658732241325,1.0455071324747683e-13
1000,4.7664251560421145e-14,47.66425156042114,1.0723462862041039e-13
1001,4.771191579842904e-14,47.71191579842904,9.982235849546883e-14
1002,4.775958003643693e-14,47.75958003643693,9.096898717165028e-14
1003,4.7807244274444827e-14,47.80724427444483,8.607518994438457e-14
1004,4.785490851245272e-14,47.854908512452724,9.189174486438911e-14
1005,4.7902572750460615e-14,47.902572750460614,9.177755127057208e-14
1006,4.795023698846851e-14,47.95023698846851,9.160575943634175e-14
1007,4.79979012264764e-14,47.9979012264764,9.586019586622918e-14
1008,4.8045565464484297e-14,48.0455654644843,1.0468080395564794e-13
1009,4.809322970249219e-14,48.09322970249219,1.0575086406604609e-13
1010,4.8140893940500085e-14,48.140893940500085,9.788350685546732e-14
1011,4.818855817850798e-14,48.188558178507975,8.937671430861091e-14
1012,4.823622241651587e-14,48.23622241651587,8.627165415430252e-14
1013,4.8283886654523767e-14,48.28388665452377,9.187493973071559e-14
1014,4.833155089253166e-14,48.33155089253166,9.088545617052385e-14
1015,4.8379215130539555e-14,48.379215130539556,9.17148572799481e-14
1016,4.842687936854745e-14,48.426879368547446,9.696670549841357e-14
1017,4.847454360655534e-14,48.47454360655534,1.047251139431847e-13
1018,4.8522207844563237e-14,48.52220784456323,1.0411971577885953e-13
1019,4.856987208257113e-14,48.56987208257113,9.580430524423755e-14
1020,4.8617536320579025e-14,48.61753632057903,8.792003447976801e-14
1021,4.866520055858692e-14,48.66520055858692,8.733081803286719e-14
1022,4.871286479659481e-14,48.712864796594815,9.138095689214046e-14
1023,4.8760529034602706e-14,48.760529034602705,9.037641647427833e-14
1024,4.88081932726106e-14,48.8081932726106,9.140722168976892e-14
1025,4.8855857510618494e-14,48.85585751061849,9.76516163395634e-14
1026,4.890352174862639e-14,48.90352174862639,1.0446811737072417e-13
1027,4.895118598663428e-14,48.951185986634286,1.0230853572093176e-13
1028,4.8998850224642176e-14,48.998850224642176,9.38315926151366e-14
1029,4.904651446265007e-14,49.04651446265007,8.648601447633006e-14
1030,4.9094178700657964e-14,49.09417870065796,8.842202686189238e-14
1031,4.914184293866586e-14,49.14184293866586,9.090884783239522e-14
1032,4.918950717667375e-14,49.18950717667375,9.025657825290079e-14
1033,4.9237171414681646e-14,49.23717141468165,9.112906284615419e-14
1034,4.928483565268954e-14,49.28483565268954,9.811788426010437e-14
1035,4.9332499890697434e-14,49.332499890697434,1.0383794518675771e-13
1036,4.938016412870533e-14,49.38016412870533,1.0039064306417711e-13
1037,4.942782836671322e-14,49.42782836671322,9.228265395767876e-14
1038,4.9475492604721116e-14,49.47549260472112,8.574718490588981e-14
1039,4.952315684272901e-14,49.52315684272901,8.941500697409038e-14
1040,4.9570821080736904e-14,49.570821080736906,9.066581713916902e-14
1041,4.96184853187448e-14,49.618485318744796,9.058088345148194e-14
1042,4.966614955675269e-14,49.66614955675269,9.1342535477653e-14
1043,4.9713813794760586e-14,49.71381379476058,9.836076587553186e-14
1044,4.976147803276848e-14,49.76147803276848,1.0285180910077352e-13
1045,4.9809142270776374e-14,49.80914227077638,9.848926416176212e-14
1046,4.985680650878427e-14,49.85680650878427,9.135665043468605e-14
1047,4.990447074679216e-14,49.904470746792164,8.573691209030551e-14
1048,4.9952134984800056e-14,49.952134984800054,9.02952910467221e-14
1049,4.999979922280795e-14,49.99979922280795,9.096167558324958e-14
1050,5.0047463460815844e-14,50.04746346081584,9.116110779661471e-14
1051,5.009512769882374e-14,50.09512769882374,9.214109103527005e-14
1052,5.014279193683163e-14,50.142791936831635,9.867267728802878e-14
1053,5.0190456174839526e-14,50.190456174839525,1.0165170571604931e-13
1054,5.023812041284742e-14,50.23812041284742,9.686220196151313e-14
1055,5.0285784650855314e-14,50.28578465085531,9.058836444647209e-14
1056,5.033344888886321e-14,50.33344888886321,8.696405276670607e-14
1057,5.03811131268711e-14,50.3811131268711,9.120275471256531e-14
1058,5.0428777364878996e-14,50.428777364879,9.172330050436633e-14
1059,5.047644160288689e-14,50.476441602886894,9.222786109038678e-14
1060,5.0524105840894784e-14,50.524105840894784,9.401583244555978e-14
1061,5.057177007890268e-14,50.57177007890268,9.987327533999418e-14
1062,5.061943431691057e-14,50.61943431691057,1.0041015192701827e-13
1063,5.0667098554918466e-14,50.66709855491847,9.556368012458155e-14
1064,5.071476279292636e-14,50.71476279292636,9.029228238569345e-14
1065,5.0762427030934254e-14,50.762427030934255,8.921454476866139e-14
1066,5.081009126894215e-14,50.810091268942145,9.215852636145633e-14
1067,5.085775550695004e-14,50.85775550695004,9.298966897062014e-14
1068,5.0905419744957936e-14,50.90541974495794,9.363198421891844e-14
1069,5.095308398296583e-14,50.95308398296583,9.650415097031337e-14
1070,5.1000748220973724e-14,51.000748220973726,1.0102735434249638e-13
1071,5.104841245898162e-14,51.048412458981616,9.926845315807314e-14
1072,5.109607669698951e-14,51.09607669698951,9.465874400505295e-14
1073,5.1143740934997406e-14,51.1437409349974,9.032967380811704e-14
1074,5.11914051730053e-14,51.1914051730053,9.146120140543154e-14
1075,5.1239069411013194e-14,51.23906941101319,9.308286292360884e-14
1076,5.128673364902109e-14,51.28673364902109,9.470880026410389e-14
1077,5.133439788702898e-14,51.334397887028985,9.537912858603378e-14
1078,5.1382062125036876e-14,51.382062125036875,9.963864043734116e-14
1079,5.142972636304477e-14,51.42972636304477,1.0193792831332191e-13
1080,5.1477390601052664e-14,51.47739060105266,9.879617469173846e-14
1081,5.152505483906056e-14,51.52505483906056,9.442005012051669e-14
1082,5.157271907706845e-14,51.57271907706845,9.075300054636401e-14
1083,5.1620383315076346e-14,51.620383315076346,9.349319956457672e-14
1084,5.166804755308424e-14,51.66804755308424,9.423670475688581e-14
1085,5.1715711791092134e-14,51.71571179109213,9.628898427292004e-14
1086,5.176337602910003e-14,51.76337602910003,9.716508739092411e-14
1087,5.181104026710792e-14,51.81104026710792,1.0238065549419278e-13
1088,5.1858704505115816e-14,51.85870450511582,1.023732151567841e-13
1089,5.190636874312371e-14,51.90636874312371,9.863014268154946e-14
1090,5.1954032981131604e-14,51.954032981131604,9.45216940741872e-14
1091,5.20016972191395e-14,52.0016972191395,9.237504831156526e-14
1092,5.204936145714739e-14,52.04936145714739,9.527637332513647e-14
1093,5.2097025695155286e-14,52.09702569515529,9.623282937664887e-14
1094,5.214468993316318e-14,52.14468993316318,9.819162356036054e-14
1095,5.2192354171171074e-14,52.192354171171075,1.0024751482488187e-13
1096,5.224001840917897e-14,52.240018409178965,1.0453409107291992e-13
1097,5.228768264718686e-14,52.28768264718686,1.0236164129859282e-13
1098,5.2335346885194756e-14,52.33534688519475,9.874883571438231e-14
1099,5.238301112320265e-14,52.38301112320265,9.493966756420752e-14
1100,5.2430675361210544e-14,52.43067536121055,9.512802058662256e-14
1101,5.247833959921844e-14,52.47833959921844,9.685842080643658e-14
1102,5.252600383722633e-14,52.526003837226334,9.851499363456792e-14
1103,5.2573668075234226e-14,52.573668075234224,1.0019330471625759e-13
1104,5.262133231324212e-14,52.62133231324212,1.0419659248915233e-13
1105,5.2668996551250014e-14,52.66899655125001,1.0635139009685865e-13
1106,5.271666078925791e-14,52.71666078925791,1.025104344942393e-13
1107,5.27643250272658e-14,52.7643250272658,9.928153812304233e-14
1108,5.2811989265273696e-14,52.811989265273695,9.568333538684248e-14
1109,5.285965350328159e-14,52.85965350328159,9.751526436384619e-14
1110,5.2907317741289484e-14,52.90731774128948,9.819164388915128e-14
1111,5.295498197929738e-14,52.95498197929738,1.0046922739289157e-13
1112,5.300264621730527e-14,53.00264621730527,1.0211690976320853e-13
1113,5.3050310455313165e-14,53.050310455313166,1.071998596119915e-13
1114,5.309797469332106e-14,53.097974693321056,1.0705454941582412e-13
1115,5.3145638931328953e-14,53.14563893132895,1.0230713981063469e-13
1116,5.319330316933685e-14,53.19330316933685,9.921847821418514e-14
1117,5.324096740734474e-14,53.24096740734474,9.658402956537124e-14
1118,5.3288631645352635e-14,53.28863164535264,9.920859842188837e-14
1119,5.333629588336053e-14,53.33629588336053,9.950117037813358e-14
1120,5.3383960121368423e-14,53.383960121368425,1.0176402906111881e-13
1121,5.343162435937632e-14,53.431624359376315,1.0453659829044379e-13
1122,5.347928859738421e-14,53.47928859738421,1.0902644889329571e-13
1123,5.3526952835392105e-14,53.52695283539211,1.0665658623214974e-13
1124,5.35746170734e-14,53.5746170734,1.0203453750315394e-13
1125,5.3622281311407893e-14,53.622281311407896,9.922053142204929e-14
1126,5.366994554941579e-14,53.669945549415786,9.857143313390937e-14
1127,5.371760978742368e-14,53.71760978742368,1.001123215902365e-13
1128,5.3765274025431575e-14,53.76527402543157,1.0048406741012747e-13
1129,5.381293826343947e-14,53.81293826343947,1.0281714173630829e-13
1130,5.3860602501447363e-14,53.86060250144736,1.0714960006503321e-13
1131,5.390826673945526e-14,53.90826673945526,1.0984020361011829e-13
1132,5.395593097746315e-14,53.955930977463154,1.0579108119038172e-13
1133,5.4003595215471045e-14,54.003595215471044,1.0169771654574417e-13
1134,5.405125945347894e-14,54.05125945347894,9.956744901219033e-14
1135,5.4098923691486833e-14,54.09892369148683,1.0058153040917034e-13
1136,5.414658792949473e-14,54.14658792949473,1.0100548733993006e-13
1137,5.419425216750262e-14,54.19425216750262,1.0168076233427192e-13
1138,5.4241916405510515e-14,54.241916405510516,1.0403878686294707e-13
1139,5.428958064351841e-14,54.289580643518406,1.095676758415369e-13
1140,5.4337244881526303e-14,54.3372448815263,1.1015828142247122e-13
1141,5.43849091195342e-14,54.3849091195342,1.048274422994766e-13
1142,5.443257335754209e-14,54.43257335754209,1.0145580393600834e-13
1143,5.4480237595549985e-14,54.48023759554999,9.982328006731545e-14
1144,5.452790183355788e-14,54.52790183355788,1.0214556658188004e-13
1145,5.457556607156577e-14,54.575566071565774,1.0212726389395577e-13
1146,5.462323030957367e-14,54.623230309573664,1.0303424644508494e-13
1147,5.467089454758156e-14,54.67089454758156,1.0607654484613357e-13
1148,5.4718558785589455e-14,54.71855878558946,1.1154440001867605e-13
1149,5.476622302359735e-14,54.76622302359735,1.0980659334277124e-13
1150,5.481388726160524e-14,54.813887261605245,1.0405525318344169e-13
1151,5.486155149961314e-14,54.861551499613135,1.0150834708379242e-13
1152,5.490921573762103e-14,54.90921573762103,1.0116081285366577e-13
1153,5.4956879975628925e-14,54.95687997562892,1.0309104508639602e-13
1154,5.500454421363682e-14,55.00454421363682,1.0315301401681715e-13
1155,5.505220845164471e-14,55.05220845164472,1.0420850516052252e-13
1156,5.509987268965261e-14,55.09987268965261,1.0848701087863913e-13
1157,5.51475369276605e-14,55.147536927660504,1.124169930321467e-13
1158,5.5195201165668395e-14,55.195201165668394,1.0854295571073938e-13
1159,5.524286540367629e-14,55.24286540367629,1.0317252965592189e-13
1160,5.529052964168418e-14,55.29052964168418,1.010993182616951e-13
1161,5.533819387969208e-14,55.33819387969208,1.0208067708185678e-13
1162,5.538585811769997e-14,55.38585811769997,1.030772011799061e-13
1163,5.5433522355707865e-14,55.433522355707865,1.0355693353617662e-13
1164,5.548118659371576e-14,55.48118659371576,1.0501325422304988e-13
1165,5.552885083172365e-14,55.52885083172365,1.103239204093727e-13
1166,5.557651506973155e-14,55.57651506973155,1.1223915677080476e-13
1167,5.562417930773944e-14,55.62417930773944,1.0677166074023192e-13
1168,5.5671843545747335e-14,55.671843545747336,1.0189571896749433e-13
1169,5.571950778375523e-14,55.719507783755226,9.997937807509905e-14
1170,5.576717202176312e-14,55.76717202176312,1.0227640267904473e-13
1171,5.5814836259771017e-14,55.81483625977101,1.0231431587376383e-13
1172,5.586250049777891e-14,55.86250049777891,1.036035542295935e-13
1173,5.5910164735786805e-14,55.91016473578681,1.0581390364611254e-13
1174,5.59578289737947e-14,55.9578289737947,1.1137454619582904e-13
1175,5.600549321180259e-14,56.005493211802595,1.1127311230632944e-13
1176,5.6053157449810487e-14,56.053157449810485,1.04745632469299e-13
1177,5.610082168781838e-14,56.10082168781838,1.0055102367054203e-13
1178,5.6148485925826275e-14,56.14848592582627,9.917862023181914e-14
1179,5.619615016383417e-14,56.19615016383417,1.0218803342572358e-13
1180,5.624381440184206e-14,56.243814401842066,1.0172780993229422e-13
1181,5.6291478639849957e-14,56.291478639849956,1.0345951119471522e-13
1182,5.633914287785785e-14,56.33914287785785,1.0739899366975919e-13
1183,5.6386807115865745e-14,56.38680711586574,1.1196897358942137e-13
1184,5.643447135387364e-14,56.43447135387364,1.0976339466246127e-13
1185,5.648213559188153e-14,56.48213559188153,1.0308991345037849e-13
1186,5.6529799829889427e-14,56.52979982988943,9.959515715396092e-14
1187,5.657746406789732e-14,56.577464067897324,9.965039725464905e-14
1188,5.6625128305905215e-14,56.625128305905214,1.0185968957404992e-13
1189,5.667279254391311e-14,56.67279254391311,1.0165756040778073e-13
1190,5.6720456781921e-14,56.720456781921,1.0362107087094272e-13
1191,5.6768121019928897e-14,56.7681210199289,1.089833247518851e-13
1192,5.681578525793679e-14,56.81578525793679,1.1243884648218586e-13
1193,5.686344949594468e-14,56.863449495944685,1.0800981284494679e-13
1194,5.691111373395258e-14,56.911113733952575,1.0191640012393449e-13
1195,5.695877797196047e-14,56.95877797196047,9.878711482733463e-14
1196,5.700644220996837e-14,57.00644220996837,1.0068559348893821e-13
1197,5.705410644797626e-14,57.05410644797626,1.0156028714411805e-13
1198,5.710177068598415e-14,57.10177068598416,1.0165761461788936e-13
1199,5.714943492399205e-14,57.14943492399205,1.04331074216122e-13
1200,5.719709916199994e-14,57.197099161999944,1.1089240826598831e-13
1201,5.724476340000784e-14,57.244763400007834,1.1280044145923693e-13
1202,5.729242763801573e-14,57.29242763801573,1.0657932327483299e-13
1203,5.734009187602362e-14,57.34009187602362,1.0095333043916993e-13
1204,5.738775611403152e-14,57.38775611403152,9.8132310925262e-14
1205,5.743542035203941e-14,57.435420352039415,1.019249720973607e-13
1206,5.748308459004731e-14,57.483084590047305,1.0124772521031764e-13
1207,5.75307488280552e-14,57.5307488280552,1.0155935201974428e-13
1208,5.75784130660631e-14,57.57841306606309,1.0519267613006908e-13
1209,5.762607730407099e-14,57.62607730407099,1.1246978690168316e-13
1210,5.767374154207888e-14,57.67374154207888,1.1262424505368088e-13
1211,5.772140578008678e-14,57.721405780086776,1.0532431182633598e-13
1212,5.776907001809467e-14,57.76907001809467,1.0000435538264768e-13
1213,5.781673425610256e-14,57.81673425610256,9.790037975177662e-14
1214,5.786439849411046e-14,57.86439849411046,1.0295982951847096e-13
1215,5.791206273211835e-14,57.91206273211835,1.0099760654538881e-13
1216,5.795972697012625e-14,57.95972697012625,1.0155528626159746e-13
1217,5.800739120813414e-14,58.00739120813414,1.0677973804641694e-13
1218,5.805505544614203e-14,58.055055446142035,1.1359434172377586e-13
1219,5.810271968414993e-14,58.10271968414993,1.12022953305084e-13
1220,5.815038392215782e-14,58.15038392215782,1.0408401164606687e-13
1221,5.819804816016572e-14,58.19804816016572,9.872888639440858e-14
1222,5.824571239817361e-14,58.24571239817361,9.892237582461577e-14
1223,5.82933766361815e-14,58.293376636181506,1.0337212449961289e-13
1224,5.83410408741894e-14,58.341040874189396,1.0121644597764143e-13
1225,5.838870511219729e-14,58.38870511219729,1.0186662169169025e-13
1226,5.843636935020519e-14,58.43636935020518,1.0847238092557415e-13
1227,5.848403358821308e-14,58.48403358821308,1.1425693832896322e-13
1228,5.853169782622097e-14,58.53169782622098,1.1092080081038028e-13
1229,5.857936206422887e-14,58.57936206422887,1.0286084863638661e-13
1230,5.862702630223676e-14,58.627026302236764,9.759666084194554e-14
1231,5.867469054024466e-14,58.674690540244654,1.0040321303311436e-13
1232,5.872235477825255e-14,58.72235477825255,1.0330013347535985e-13
1233,5.877001901626044e-14,58.77001901626044,1.0173153010099856e-13
1234,5.881768325426834e-14,58.81768325426834,1.0247968381012218e-13
1235,5.886534749227623e-14,58.86534749227623,1.1025850236079035e-13
1236,5.891301173028413e-14,58.913011730284126,1.1467179473773764e-13
1237,5.896067596829202e-14,58.96067596829202,1.100345807308542e-13
1238,5.900834020629991e-14,59.00834020629991,1.0197952779542746e-13
1239,5.905600444430781e-14,59.05600444430781,9.727567601251763e-14
1240,5.91036686823157e-14,59.1036686823157,1.0226968740183889e-13
1241,5.91513329203236e-14,59.1513329203236,1.035983703879563e-13
1242,5.919899715833149e-14,59.19899715833149,1.0258939829371413e-13
1243,5.924666139633938e-14,59.246661396339384,1.0370876927416964e-13
1244,5.929432563434728e-14,59.29432563434728,1.1204475254501453e-13
1245,5.934198987235517e-14,59.34198987235517,1.1503185827922008e-13
1246,5.938965411036307e-14,59.38965411036307,1.0940797286152978e-13
1247,5.943731834837096e-14,59.43731834837096,1.0160894071660834e-13
1248,5.948498258637885e-14,59.484982586378855,9.74100357667429e-14
1249,5.953264682438675e-14,59.532646824386745,1.0370302300265546e-13
1250,5.958031106239464e-14,59.58031106239464,1.0422437516982228e-13
1251,5.962797530040254e-14,59.62797530040254,1.0395118332741024e-13
1252,5.967563953841043e-14,59.67563953841043,1.0554434388097833e-13
1253,5.972330377641832e-14,59.72330377641833,1.134821606802415e-13
1254,5.977096801442622e-14,59.77096801442622,1.1526971868333624e-13
1255,5.981863225243411e-14,59.818632252434114,1.0893259764273994e-13
1256,5.9866296490442e-14,59.866296490442004,1.0134698391920868e-13
1257,5.99139607284499e-14,59.9139607284499,9.845751736689903e-14
1258,5.99616249664578e-14,59.96162496645779,1.0471532901857802e-13
1259,6.000928920446569e-14,60.00928920446569,1.0519724333172067e-13
1260,6.005695344247358e-14,60.056953442473585,1.0551492812078608e-13
1261,6.010461768048148e-14,60.104617680481475,1.079088397413705e-13
1262,6.015228191848937e-14,60.15228191848937,1.1459182127498968e-13
1263,6.019994615649726e-14,60.19994615649726,1.1522637770149113e-13
1264,6.024761039450516e-14,60.24761039450516,1.0847141191988249e-13
1265,6.029527463251305e-14,60.29527463251305,1.0136151900458357e-13
1266,6.034293887052095e-14,60.342938870520946,1.0043936439930318e-13
1267,6.039060310852884e-14,60.390603108528836,1.0552881268485748e-13
1268,6.043826734653673e-14,60.43826734653673,1.0647349836653483e-13
1269,6.048593158454463e-14,60.48593158454463,1.069561174110896e-13
1270,6.053359582255252e-14,60.53359582255252,1.102505876849312e-13
1271,6.058126006056042e-14,60.58126006056042,1.1552811116609385e-13
1272,6.062892429856831e-14,60.62892429856831,1.1446475278037438e-13
1273,6.06765885365762e-14,60.676588536576205,1.0779495107941447e-13
1274,6.07242527745841e-14,60.724252774584095,1.0155540145807829e-13
1275,6.077191701259199e-14,60.77191701259199,1.0236457542072211e-13
1276,6.081958125059989e-14,60.81958125059989,1.0620876330106818e-13
1277,6.086724548860778e-14,60.86724548860778,1.0780880853843156e-13
1278,6.091490972661567e-14,60.914909726615676,1.0809781618003472e-13
1279,6.096257396462357e-14,60.962573964623566,1.1201153530095501e-13
1280,6.101023820263146e-14,61.01023820263146,1.1577407598144934e-13
1281,6.105790244063936e-14,61.05790244063935,1.1326108508100813e-13
1282,6.110556667864725e-14,61.10556667864725,1.0700252126407198e-13
1283,6.115323091665514e-14,61.15323091665515,1.01770818877224e-13
1284,6.120089515466304e-14,61.20089515466304,1.0397069896651498e-13
1285,6.124855939267093e-14,61.248559392670934,1.0691599515444405e-13
1286,6.129622363067883e-14,61.296223630678824,1.0888021034901815e-13
1287,6.134388786868672e-14,61.34388786868672,1.0920141201888056e-13
1288,6.139155210669461e-14,61.39155210669461,1.1343311408446369e-13
1289,6.143921634470251e-14,61.43921634470251,1.155285312944357e-13
1290,6.14868805827104e-14,61.4868805827104,1.1199892467443628e-13
1291,6.15345448207183e-14,61.534544820718295,1.0629547236981271e-13
1292,6.158220905872619e-14,61.58220905872619,1.0175817436938739e-13
1293,6.162987329673408e-14,61.62987329673408,1.0504041348747065e-13
1294,6.167753753474198e-14,61.67753753474198,1.0759564083879375e-13
1295,6.172520177274987e-14,61.72520177274987,1.096095057166041e-13
1296,6.177286601075777e-14,61.77286601075777,1.1034353091616753e-13
1297,6.182053024876566e-14,61.82053024876566,1.1461022560686762e-13
1298,6.186819448677355e-14,61.868194486773554,1.1467919441756486e-13
1299,6.191585872478145e-14,61.915858724781444,1.1069095672607693e-13
1300,6.196352296278934e-14,61.96352296278934,1.056724694727118e-13
1301,6.201118720079724e-14,62.01118720079724,1.0242614455159213e-13
1302,6.205885143880513e-14,62.05885143880513,1.058753982380832e-13
1303,6.210651567681302e-14,62.106515676813025,1.0850198642114658e-13
1304,6.215417991482092e-14,62.154179914820915,1.1009004444824042e-13
1305,6.220184415282881e-14,62.20184415282881,1.1172210753101e-13
1306,6.22495083908367e-14,62.2495083908367,1.152464083366278e-13
1307,6.22971726288446e-14,62.2971726288446,1.1324890135909482e-13
1308,6.234483686685249e-14,62.344836866852496,1.0926752124634787e-13
1309,6.239250110486039e-14,62.392501104860386,1.0510438819191087e-13
1310,6.244016534286828e-14,62.44016534286828,1.0387701712254865e-13
1311,6.248782958087618e-14,62.48782958087617,1.063238242566232e-13
1312,6.253549381888407e-14,62.53549381888407,1.0956468073303541e-13
1313,6.258315805689196e-14,62.58315805689196,1.1058217736685874e-13
1314,6.263082229489986e-14,62.63082229489986,1.1326597076704789e-13
1315,6.267848653290775e-14,62.678486532907755,1.1527339141819554e-13
1316,6.272615077091565e-14,62.726150770915645,1.1169256302180977e-13
1317,6.277381500892354e-14,62.77381500892354,1.0831161407218529e-13
1318,6.282147924693143e-14,62.82147924693143,1.0482652750389357e-13
1319,6.286914348493933e-14,62.86914348493933,1.0548285606527125e-13
1320,6.291680772294722e-14,62.91680772294722,1.0688574591383171e-13
1321,6.296447196095512e-14,62.964471960955116,1.1042514423470137e-13
1322,6.301213619896301e-14,63.012136198963006,1.1161100391338455e-13
1323,6.30598004369709e-14,63.0598004369709,1.1507021193107175e-13
1324,6.31074646749788e-14,63.1074646749788,1.1495496124013654e-13
1325,6.315512891298669e-14,63.15512891298669,1.10536132655846e-13
1326,6.320279315099459e-14,63.20279315099459,1.076346788932668e-13
1327,6.325045738900248e-14,63.25045738900248,1.050553280436059e-13
1328,6.329812162701037e-14,63.298121627010374,1.0691568344631946e-13
1329,6.334578586501827e-14,63.345785865018264,1.0752493052835696e-13
1330,6.339345010302616e-14,63.39345010302616,1.1085061904850257e-13
1331,6.344111434103406e-14,63.44111434103405,1.1308267283726206e-13
1332,6.348877857904195e-14,63.48877857904195,1.1660452063546461e-13
1333,6.353644281704984e-14,63.536442817049846,1.1406480415147163e-13
1334,6.358410705505774e-14,63.584107055057736,1.0935466399596139e-13
1335,6.363177129306563e-14,63.63177129306563,1.070752576773186e-13
1336,6.367943553107352e-14,63.67943553107352,1.0633928769010828e-13
1337,6.372709976908142e-14,63.72709976908142,1.0788660004430739e-13
1338,6.377476400708931e-14,63.77476400708931,1.0824030745055363e-13
1339,6.382242824509721e-14,63.82242824509721,1.1089914387198488e-13
1340,6.38700924831051e-14,63.870092483105104,1.150118954067192e-13
1341,6.3917756721113e-14,63.917756721112994,1.1731876592164375e-13
1342,6.396542095912089e-14,63.96542095912089,1.1243378461329306e-13
1343,6.401308519712878e-14,64.01308519712879,1.0824013804396418e-13
1344,6.406074943513668e-14,64.06074943513667,1.0615777869390705e-13
1345,6.410841367314457e-14,64.10841367314457,1.0737731640257306e-13
1346,6.415607791115246e-14,64.15607791115247,1.0825367024232951e-13
1347,6.420374214916036e-14,64.20374214916036,1.0894388012159736e-13
1348,6.425140638716825e-14,64.25140638716826,1.1086658392549242e-13
1349,6.429907062517615e-14,64.29907062517614,1.163693571842525e-13
1350,6.434673486318404e-14,64.34673486318404,1.1675971062392876e-13
1351,6.439439910119193e-14,64.39439910119194,1.1051223277420627e-13
1352,6.444206333919983e-14,64.44206333919983,1.068796405003479e-13
1353,6.448972757720772e-14,64.48972757720772,1.0523993379226229e-13
1354,6.453739181521562e-14,64.53739181521561,1.0775842701872887e-13
1355,6.458505605322351e-14,64.58505605322351,1.0807100250505644e-13
1356,6.46327202912314e-14,64.63272029123141,1.0911943955837708e-13
1357,6.46803845292393e-14,64.6803845292393,1.1135343135851988e-13
1358,6.472804876724719e-14,64.72804876724719,1.1708278931880228e-13
1359,6.477571300525509e-14,64.77571300525508,1.1523696222520002e-13
1360,6.482337724326298e-14,64.82337724326298,1.0847694135096217e-13
1361,6.487104148127087e-14,64.87104148127088,1.0558441192751525e-13
1362,6.491870571927877e-14,64.91870571927876,1.0523368607724334e-13
1363,6.496636995728666e-14,64.96636995728666,1.0788631544123711e-13
1364,6.501403419529456e-14,65.01403419529456,1.0809717921125839e-13
1365,6.506169843330245e-14,65.06169843330245,1.0904431790035099e-13
1366,6.510936267131034e-14,65.10936267131035,1.1313056746823161e-13
1367,6.515702690931824e-14,65.15702690931823,1.1792314087016864e-13
1368,6.520469114732613e-14,65.20469114732613,1.1369219096984268e-13
1369,6.525235538533403e-14,65.25235538533403,1.0718423354818055e-13
1370,6.530001962334192e-14,65.30001962334192,1.0455068614242252e-13
1371,6.534768386134981e-14,65.34768386134982,1.0635622834905337e-13
1372,6.539534809935771e-14,65.3953480993577,1.0820409509799261e-13
1373,6.54430123373656e-14,65.4430123373656,1.0854291505315791e-13
1374,6.54906765753735e-14,65.4906765753735,1.0970155448104812e-13
1375,6.553834081338139e-14,65.5383408133814,1.1545465646890796e-13
1376,6.558600505138928e-14,65.58600505138928,1.1843550771183098e-13
1377,6.563366928939718e-14,65.63366928939718,1.124787518983969e-13
1378,6.568133352740507e-14,65.68133352740507,1.06623436750726e-13
1379,6.572899776541297e-14,65.72899776541297,1.0434401010329247e-13
1380,6.577666200342086e-14,65.77666200342087,1.0770402717472441e-13
1381,6.582432624142875e-14,65.82432624142875,1.0863547881363386e-13
1382,6.587199047943665e-14,65.87199047943665,1.0928668451974655e-13
1383,6.591965471744454e-14,65.91965471744454,1.1137767682960209e-13
1384,6.596731895545244e-14,65.96731895545244,1.1796527567709686e-13
1385,6.601498319346033e-14,66.01498319346032,1.183722309625393e-13
1386,6.606264743146822e-14,66.06264743146822,1.1121152962293226e-13
1387,6.611031166947612e-14,66.11031166947612,1.0634815104286835e-13
1388,6.615797590748401e-14,66.15797590748402,1.0513446802593376e-13
1389,6.620564014549191e-14,66.20564014549191,1.0921419205198873e-13
1390,6.62533043834998e-14,66.2533043834998,1.0939853352636558e-13
1391,6.63009686215077e-14,66.30096862150769,1.102160693982647e-13
1392,6.634863285951559e-14,66.34863285951559,1.1384048272198438e-13
1393,6.639629709752348e-14,66.39629709752349,1.2016185572602534e-13
1394,6.644396133553138e-14,66.44396133553137,1.1771666811894593e-13
1395,6.649162557353927e-14,66.49162557353927,1.1010554176304338e-13
1396,6.653928981154716e-14,66.53928981154716,1.064192747053834e-13
1397,6.658695404955506e-14,66.58695404955506,1.0744123012064108e-13
1398,6.663461828756295e-14,66.63461828756296,1.1049728433675313e-13
1399,6.668228252557085e-14,66.68228252557084,1.1052919376194209e-13
1400,6.672994676357874e-14,66.72994676357874,1.1149117246827059e-13
1401,6.677761100158663e-14,66.77761100158664,1.1666343347101205e-13
1402,6.682527523959453e-14,66.82527523959453,1.2170551567415588e-13
1403,6.687293947760242e-14,66.87293947760242,1.169004671709717e-13
1404,6.692060371561032e-14,66.92060371561031,1.0960748639005785e-13
1405,6.696826795361821e-14,66.96826795361821,1.0675233483650737e-13
1406,6.70159321916261e-14,67.0159321916261,1.0990249102492758e-13
1407,6.7063596429634e-14,67.063596429634,1.1162862897495102e-13
1408,6.711126066764189e-14,67.11126066764189,1.1165296253745974e-13
1409,6.715892490564979e-14,67.15892490564978,1.1336671347766253e-13
1410,6.720658914365768e-14,67.20658914365768,1.198315941917591e-13
1411,6.725425338166557e-14,67.25425338166558,1.2290612050238486e-13
1412,6.730191761967347e-14,67.30191761967347,1.1613526438268573e-13
1413,6.734958185768136e-14,67.34958185768136,1.0910859753665222e-13
1414,6.739724609568926e-14,67.39724609568925,1.0698381200033302e-13
1415,6.744491033369715e-14,67.44491033369715,1.1215314565720877e-13
1416,6.749257457170504e-14,67.49257457170505,1.1284473111798296e-13
1417,6.754023880971294e-14,67.54023880971293,1.1314662721291155e-13
1418,6.758790304772083e-14,67.58790304772083,1.153808223009617e-13
1419,6.763556728572873e-14,67.63556728572873,1.2289918160848096e-13
1420,6.768323152373662e-14,67.68323152373662,1.2382330133019898e-13
1421,6.773089576174451e-14,67.73089576174452,1.1567352978247847e-13
1422,6.777855999975241e-14,67.7785599997524,1.087397384050455e-13
1423,6.78262242377603e-14,67.8262242377603,1.0747222475024701e-13
1424,6.78738884757682e-14,67.8738884757682,1.138694173674626e-13
1425,6.792155271377609e-14,67.9215527137761,1.1387039314941783e-13
1426,6.796921695178398e-14,67.96921695178398,1.1492209636178308e-13
1427,6.801688118979188e-14,68.01688118979187,1.1822010384521242e-13
1428,6.806454542779977e-14,68.06454542779977,1.253518502105505e-13
1429,6.811220966580767e-14,68.11220966580767,1.2418728155202952e-13
1430,6.815987390381556e-14,68.15987390381557,1.151508088100689e-13
1431,6.820753814182345e-14,68.20753814182345,1.0855231373074065e-13
1432,6.825520237983135e-14,68.25520237983135,1.0929105520975438e-13
1433,6.830286661783924e-14,68.30286661783924,1.1497100743228933e-13
1434,6.835053085584714e-14,68.35053085584714,1.149632418342289e-13
1435,6.839819509385503e-14,68.39819509385504,1.1643919335668773e-13
1436,6.844585933186292e-14,68.44585933186292,1.2170601711766066e-13
1437,6.849352356987082e-14,68.49352356987082,1.2746599023678862e-13
1438,6.854118780787871e-14,68.54118780787871,1.2420691916387866e-13
1439,6.85888520458866e-14,68.58885204588661,1.1468212176343057e-13
1440,6.86365162838945e-14,68.6365162838945,1.087578784626439e-13
1441,6.86841805219024e-14,68.68418052190239,1.1154015130141262e-13
1442,6.873184475991029e-14,68.73184475991029,1.1595535458468892e-13
1443,6.877950899791818e-14,68.77950899791819,1.163434176472758e-13
1444,6.882717323592608e-14,68.82717323592608,1.179156598751785e-13
1445,6.887483747393397e-14,68.87483747393397,1.2489597030207467e-13
1446,6.892250171194186e-14,68.92250171194186,1.2933327098087893e-13
1447,6.897016594994976e-14,68.97016594994976,1.243593037792215e-13
1448,6.901783018795765e-14,69.01783018795766,1.1470826458831462e-13
1449,6.906549442596555e-14,69.06549442596554,1.0963754589529001e-13
1450,6.911315866397344e-14,69.11315866397344,1.1385311367729384e-13
1451,6.916082290198133e-14,69.16082290198133,1.1709872709073782e-13
1452,6.920848713998923e-14,69.20848713998923,1.1792224640337634e-13
1453,6.925615137799712e-14,69.25615137799713,1.2010165540039808e-13
1454,6.930381561600502e-14,69.30381561600501,1.2803712083619967e-13
1455,6.935147985401291e-14,69.35147985401291,1.3089671761865734e-13
1456,6.93991440920208e-14,69.3991440920208,1.2430921363885267e-13
1457,6.94468083300287e-14,69.4468083300287,1.150774760856274e-13
1458,6.949447256803659e-14,69.49447256803658,1.1063871173389028e-13
1459,6.954213680604449e-14,69.54213680604448,1.1605930246797597e-13
1460,6.958980104405238e-14,69.58980104405238,1.1844209424002883e-13
1461,6.963746528206027e-14,69.63746528206028,1.1960294950610906e-13
1462,6.968512952006817e-14,69.68512952006817,1.2237856127778057e-13
1463,6.973279375807606e-14,69.73279375807606,1.3063539779003402e-13
1464,6.978045799608396e-14,69.78045799608395,1.3190037712225433e-13
1465,6.982812223409185e-14,69.82812223409185,1.2397836934591872e-13
1466,6.987578647209974e-14,69.87578647209975,1.1541984002664402e-13
1467,6.992345071010764e-14,69.92345071010763,1.1169429774528575e-13
1468,6.997111494811553e-14,69.97111494811553,1.1787474479569432e-13
1469,7.001877918612343e-14,70.01877918612342,1.1977728921544473e-13
1470,7.006644342413132e-14,70.06644342413132,1.2096665899866132e-13
1471,7.011410766213921e-14,70.11410766213922,1.2472928777058218e-13
1472,7.016177190014711e-14,70.1617719001471,1.3251638013907913e-13
1473,7.0209436138155e-14,70.209436138155,1.3238245406572285e-13
1474,7.02571003761629e-14,70.2571003761629,1.237998148006375e-13
1475,7.030476461417079e-14,70.3047646141708,1.1592137839910865e-13
1476,7.035242885217868e-14,70.35242885217869,1.1380374182086428e-13
1477,7.040009309018658e-14,70.40009309018657,1.1917487938335747e-13
1478,7.044775732819447e-14,70.44775732819447,1.2122679975742207e-13
1479,7.049542156620237e-14,70.49542156620237,1.2216787369061233e-13
1480,7.054308580421026e-14,70.54308580421026,1.2712133591868263e-13
1481,7.059075004221815e-14,70.59075004221815,1.3383337407052442e-13
1482,7.063841428022605e-14,70.63841428022604,1.3234511685340788e-13
1483,7.068607851823394e-14,70.68607851823394,1.234937309748177e-13
1484,7.073374275624184e-14,70.73374275624184,1.1629035950345978e-13
1485,7.078140699424973e-14,70.78140699424974,1.1604421850525126e-13
1486,7.082907123225762e-14,70.82907123225762,1.2030621724529178e-13
1487,7.087673547026552e-14,70.87673547026552,1.2228571291423435e-13
1488,7.092439970827341e-14,70.92439970827341,1.2298465739725428e-13
1489,7.09720639462813e-14,70.97206394628131,1.2900679060168924e-13
1490,7.10197281842892e-14,71.01972818428919,1.3413028283545958e-13
1491,7.106739242229709e-14,71.06739242229709,1.3139833730628492e-13
1492,7.111505666030499e-14,71.11505666030499,1.2295362211006688e-13
1493,7.116272089831288e-14,71.16272089831288,1.162533339992694e-13
1494,7.121038513632078e-14,71.21038513632078,1.1805283855505222e-13
1495,7.125804937432867e-14,71.25804937432866,1.2140311813572252e-13
1496,7.130571361233656e-14,71.30571361233656,1.230238648583168e-13
1497,7.135337785034446e-14,71.35337785034446,1.2344784211786725e-13
1498,7.140104208835235e-14,71.40104208835236,1.3039153361638772e-13
1499,7.144870632636025e-14,71.44870632636025,1.3343120282716808e-13
1500,7.149637056436814e-14,71.49637056436814,1.2975312827217395e-13
1501,7.154403480237603e-14,71.54403480237603,1.222477793907245e-13
1502,7.159169904038393e-14,71.59169904038393,1.1619032830052084e-13
1503,7.163936327839182e-14,71.63936327839183,1.19578717587554e-13
1504,7.168702751639972e-14,71.68702751639971,1.2240254925084681e-13
1505,7.173469175440761e-14,71.7346917544076,1.2345376457223445e-13
1506,7.17823559924155e-14,71.7823559924155,1.237658250625301e-13
1507,7.18300202304234e-14,71.8300202304234,1.3123183095764546e-13
1508,7.187768446843129e-14,71.8776844684313,1.3205391370240543e-13
1509,7.192534870643918e-14,71.92534870643918,1.2772724230277616e-13
1510,7.197301294444708e-14,71.97301294444708,1.2097952034693243e-13
1511,7.202067718245497e-14,72.02067718245497,1.16953552419842e-13
1512,7.206834142046287e-14,72.06834142046287,1.2043724307783665e-13
1513,7.211600565847076e-14,72.11600565847075,1.231966189219752e-13
1514,7.216366989647865e-14,72.16366989647865,1.2358163266595196e-13
1515,7.221133413448655e-14,72.21133413448655,1.2483322210134207e-13
1516,7.225899837249444e-14,72.25899837249445,1.316097567299196e-13
1517,7.230666261050234e-14,72.30666261050234,1.302317086636362e-13
1518,7.235432684851023e-14,72.35432684851023,1.2537173176788846e-13
1519,7.240199108651812e-14,72.40199108651812,1.1927453111553604e-13
1520,7.244965532452602e-14,72.44965532452602,1.1805260816209057e-13
1521,7.249731956253391e-14,72.49731956253392,1.2061465921083675e-13
1522,7.254498380054181e-14,72.5449838005418,1.23475001382288e-13
1523,7.25926480385497e-14,72.5926480385497,1.233143361728528e-13
1524,7.26403122765576e-14,72.6403122765576,1.2606335788624412e-13
1525,7.268797651456549e-14,72.68797651456549,1.310405505893647e-13
1526,7.273564075257338e-14,72.73564075257339,1.279079788049295e-13
1527,7.278330499058128e-14,72.78330499058127,1.229545707869678e-13
1528,7.283096922858917e-14,72.83096922858917,1.1749356641690273e-13
1529,7.287863346659706e-14,72.87863346659707,1.1868934654546415e-13
1530,7.292629770460496e-14,72.92629770460496,1.205287903987759e-13
1531,7.297396194261285e-14,72.97396194261285,1.2312329975006087e-13
1532,7.302162618062075e-14,73.02162618062074,1.2287787703579162e-13
1533,7.306929041862864e-14,73.06929041862864,1.2720468396069246e-13
1534,7.311695465663653e-14,73.11695465663654,1.2957132112037528e-13
1535,7.316461889464443e-14,73.16461889464443,1.2529887338189744e-13
1536,7.321228313265232e-14,73.21228313265232,1.2038212494989292e-13
1537,7.325994737066022e-14,73.25994737066021,1.1610508290470917e-13
1538,7.330761160866811e-14,73.30761160866811,1.1920600953823496e-13
1539,7.3355275846676e-14,73.35527584667601,1.2085605682454065e-13
1540,7.34029400846839e-14,73.4029400846839,1.2247929721213163e-13
1541,7.345060432269179e-14,73.45060432269179,1.2255664148461132e-13
1542,7.349826856069969e-14,73.49826856069969,1.2785693998765973e-13
1543,7.354593279870758e-14,73.54593279870758,1.2767877846566605e-13
1544,7.359359703671547e-14,73.59359703671548,1.2295402868588157e-13
1545,7.364126127472337e-14,73.64126127472336,1.179949692640958e-13
1546,7.368892551273126e-14,73.68892551273126,1.1579674935938145e-13
1547,7.373658975073916e-14,73.73658975073916,1.195445110090121e-13
1548,7.378425398874705e-14,73.78425398874705,1.2177750669840892e-13
1549,7.383191822675494e-14,73.83191822675495,1.2214789726558428e-13
1550,7.387958246476284e-14,73.87958246476283,1.2348198093377338e-13
1551,7.392724670277073e-14,73.92724670277073,1.2797286830495275e-13
1552,7.397491094077863e-14,73.97491094077863,1.2557293258604746e-13
1553,7.402257517878652e-14,74.02257517878652,1.2087058513365195e-13
1554,7.407023941679441e-14,74.07023941679441,1.1648234460315265e-13
1555,7.411790365480231e-14,74.1179036548023,1.164692799669742e-13
1556,7.41655678928102e-14,74.1655678928102,1.1966733756262754e-13
1557,7.42132321308181e-14,74.2132321308181,1.2224546190858082e-13
1558,7.426089636882599e-14,74.260896368826,1.2203523510733588e-13
1559,7.430856060683388e-14,74.30856060683388,1.2507582588996285e-13
1560,7.435622484484178e-14,74.35622484484178,1.2772492482063247e-13
1561,7.440388908284967e-14,74.40388908284967,1.2364741663276752e-13
1562,7.445155332085757e-14,74.45155332085757,1.190682209946392e-13
1563,7.449921755886546e-14,74.49921755886547,1.1548214099398046e-13
1564,7.454688179687335e-14,74.54688179687335,1.1722671715719973e-13
1565,7.459454603488125e-14,74.59454603488125,1.1964551799390627e-13
1566,7.464221027288914e-14,74.64221027288914,1.221813313500783e-13
1567,7.468987451089704e-14,74.68987451089704,1.2200312917050316e-13
1568,7.473753874890493e-14,74.73753874890492,1.2649671349458658e-13
1569,7.478520298691282e-14,74.78520298691282,1.2676955297129255e-13
1570,7.483286722492072e-14,74.83286722492072,1.2174544141915766e-13
1571,7.488053146292861e-14,74.88053146292862,1.174121292812219e-13
1572,7.49281957009365e-14,74.92819570093651,1.1477196146594815e-13
1573,7.49758599389444e-14,74.9758599389444,1.179547724685509e-13
1574,7.50235241769523e-14,75.0235241769523,1.2002290166509416e-13
1575,7.507118841496019e-14,75.07118841496019,1.21859662118029e-13
1576,7.511885265296808e-14,75.11885265296809,1.2282538809811616e-13
1577,7.516651689097598e-14,75.16651689097597,1.2741083145126342e-13
1578,7.521418112898387e-14,75.21418112898387,1.2480191576361155e-13
1579,7.526184536699176e-14,75.26184536699176,1.1959594284956937e-13
1580,7.530950960499966e-14,75.30950960499966,1.161964811478497e-13
1581,7.535717384300755e-14,75.35717384300756,1.156676615382199e-13
1582,7.540483808101545e-14,75.40483808101544,1.1877491720192757e-13
1583,7.545250231902334e-14,75.45250231902334,1.2068014502205487e-13
1584,7.550016655703123e-14,75.50016655703124,1.2215303367337643e-13
1585,7.554783079503913e-14,75.54783079503913,1.2501067889192363e-13
1586,7.559549503304702e-14,75.59549503304702,1.279320074355772e-13
1587,7.564315927105492e-14,75.64315927105491,1.229827058333438e-13
1588,7.569082350906281e-14,75.69082350906281,1.1763368599516932e-13
1589,7.57384877470707e-14,75.7384877470707,1.153912170892904e-13
1590,7.57861519850786e-14,75.7861519850786,1.1734347217864927e-13
1591,7.583381622308649e-14,75.83381622308649,1.198914692567346e-13
1592,7.588148046109439e-14,75.88148046109438,1.2161281638840837e-13
1593,7.592914469910228e-14,75.92914469910228,1.231368929347984e-13
1594,7.597680893711017e-14,75.97680893711018,1.275361787749299e-13
1595,7.602447317511807e-14,76.02447317511806,1.2795518225701408e-13
1596,7.607213741312596e-14,76.07213741312596,1.2187532883942143e-13
1597,7.611980165113386e-14,76.11980165113386,1.165080266421134e-13
1598,7.616746588914175e-14,76.16746588914175,1.1488401376047452e-13
1599,7.621513012714964e-14,76.21513012714965,1.192181797076211e-13
1600,7.626279436515754e-14,76.26279436515753,1.2106537560646613e-13
1601,7.631045860316543e-14,76.31045860316543,1.2281535922802067e-13
1602,7.635812284117333e-14,76.35812284117333,1.24933253304281e-13
1603,7.640578707918122e-14,76.40578707918122,1.297754492844e-13
1604,7.645345131718911e-14,76.45345131718912,1.2771247004817604e-13
1605,7.650111555519701e-14,76.501115555197,1.2119660472691834e-13
1606,7.65487797932049e-14,76.5487797932049,1.1645259680604508e-13
1607,7.65964440312128e-14,76.5964440312128,1.163006594240984e-13
1608,7.664410826922069e-14,76.6441082692207,1.208702598730002e-13
1609,7.669177250722858e-14,76.69177250722858,1.2236961660985757e-13
1610,7.673943674523648e-14,76.73943674523647,1.2474065834086612e-13
1611,7.678710098324437e-14,76.78710098324437,1.2869761679967784e-13
1612,7.683476522125227e-14,76.83476522125227,1.321363266200415e-13
1613,7.688242945926016e-14,76.88242945926017,1.276438129456034e-13
1614,7.693009369726805e-14,76.93009369726805,1.205619805377811e-13
1615,7.697775793527595e-14,76.97775793527595,1.1701249236044375e-13
1616,7.702542217328384e-14,77.02542217328384,1.1940089487873923e-13
1617,7.707308641129174e-14,77.07308641129174,1.2257837973816965e-13
1618,7.712075064929963e-14,77.12075064929962,1.2417011050012278e-13
1619,7.716841488730752e-14,77.16841488730752,1.2725986985127197e-13
1620,7.721607912531542e-14,77.21607912531542,1.330018994244453e-13
1621,7.726374336332331e-14,77.26374336332331,1.3433985911540103e-13
1622,7.73114076013312e-14,77.31140760133121,1.2786606083843577e-13
1623,7.73590718393391e-14,77.3590718393391,1.2069968776621393e-13
1624,7.740673607734699e-14,77.40673607734699,1.1818856711452025e-13
1625,7.745440031535489e-14,77.45440031535489,1.2287172418846276e-13
1626,7.750206455336278e-14,77.50206455336279,1.2435330000969136e-13
1627,7.754972879137068e-14,77.54972879137068,1.2633667170140056e-13
1628,7.759739302937857e-14,77.59739302937857,1.3055909706214536e-13
1629,7.764505726738646e-14,77.64505726738646,1.373799891121047e-13
1630,7.769272150539436e-14,77.69272150539436,1.3655111655123953e-13
1631,7.774038574340225e-14,77.74038574340226,1.283642110791114e-13
1632,7.778804998141015e-14,77.78804998141014,1.2138662471017359e-13
1633,7.783571421941804e-14,77.83571421941804,1.199467229099499e-13
1634,7.788337845742593e-14,77.88337845742593,1.2571227967026616e-13
1635,7.793104269543383e-14,77.93104269543383,1.2608813190588541e-13
1636,7.797870693344172e-14,77.97870693344173,1.2879367711216005e-13
1637,7.802637117144962e-14,78.02637117144961,1.3526721789110935e-13
1638,7.807403540945751e-14,78.07403540945751,1.4162483035276563e-13
1639,7.81216996474654e-14,78.1216996474654,1.3823355437744822e-13
1640,7.81693638854733e-14,78.1693638854733,1.286689396522156e-13
1641,7.821702812348119e-14,78.21702812348119,1.2238123112563032e-13
1642,7.826469236148909e-14,78.26469236148908,1.2353586578174591e-13
1643,7.831235659949698e-14,78.31235659949698,1.2776982434310052e-13
1644,7.836002083750487e-14,78.36002083750488,1.279807152181761e-13
1645,7.840768507551277e-14,78.40768507551277,1.3107590913271489e-13
1646,7.845534931352066e-14,78.45534931352066,1.4053995055392232e-13
1647,7.850301355152856e-14,78.50301355152855,1.4538363731202847e-13
1648,7.855067778953645e-14,78.55067778953645,1.3945507075507901e-13
1649,7.859834202754434e-14,78.59834202754435,1.2852442905515044e-13
1650,7.864600626555224e-14,78.64600626555223,1.2337997106186965e-13
1651,7.869367050356013e-14,78.69367050356013,1.2705143198361163e-13
1652,7.874133474156803e-14,78.74133474156802,1.29477686710254e-13
1653,7.878899897957592e-14,78.78899897957592,1.2972487125305354e-13
1654,7.883666321758381e-14,78.83666321758382,1.3358308599900615e-13
1655,7.888432745559171e-14,78.8843274555917,1.4536700836120797e-13
1656,7.89319916935996e-14,78.9319916935996,1.4835898622892613e-13
1657,7.89796559316075e-14,78.9796559316075,1.3993939741805544e-13
1658,7.902732016961539e-14,79.0273201696154,1.2817564121626185e-13
1659,7.907498440762328e-14,79.07498440762328,1.2424893199806247e-13
1660,7.912264864563118e-14,79.12264864563117,1.2985694063018943e-13
1661,7.917031288363907e-14,79.17031288363907,1.3111176911956984e-13
1662,7.921797712164697e-14,79.21797712164697,1.3126850409612978e-13
1663,7.926564135965486e-14,79.26564135965486,1.3628159744368679e-13
1664,7.931330559766275e-14,79.31330559766275,1.4901307184705948e-13
1665,7.936096983567065e-14,79.36096983567064,1.5003471555419257e-13
1666,7.940863407367854e-14,79.40863407367854,1.3973921303943315e-13
1667,7.945629831168644e-14,79.45629831168644,1.28077182106473e-13
1668,7.950396254969433e-14,79.50396254969434,1.2535746095679312e-13
1669,7.955162678770222e-14,79.55162678770222,1.3203525187251153e-13
1670,7.959929102571012e-14,79.59929102571012,1.3211976543185677e-13
1671,7.964695526371801e-14,79.64695526371801,1.3248987139596186e-13
1672,7.96946195017259e-14,79.69461950172591,1.3933988782677958e-13
1673,7.97422837397338e-14,79.7422837397338,1.5164372578826968e-13
1674,7.978994797774169e-14,79.78994797774169,1.509269055219309e-13
1675,7.983761221574959e-14,79.83761221574959,1.389842830667315e-13
1676,7.988527645375748e-14,79.88527645375748,1.2796426245020864e-13
1677,7.993294069176538e-14,79.93294069176538,1.2772573797226183e-13
1678,7.998060492977327e-14,79.98060492977326,1.3350757131769253e-13
1679,8.002826916778116e-14,80.02826916778116,1.3273320702104907e-13
1680,8.007593340578906e-14,80.07593340578906,1.3339425863814064e-13
1681,8.012359764379695e-14,80.12359764379696,1.4267028585011193e-13
1682,8.017126188180485e-14,80.17126188180484,1.533604921657647e-13
1683,8.021892611981274e-14,80.21892611981274,1.5070656853542752e-13
1684,8.026659035782063e-14,80.26659035782063,1.378815681421508e-13
1685,8.031425459582853e-14,80.31425459582853,1.278272735057151e-13
1686,8.036191883383642e-14,80.36191883383643,1.2994177945018642e-13
1687,8.040958307184431e-14,80.40958307184431,1.3439668486176642e-13
1688,8.045724730985221e-14,80.4572473098522,1.333334077912099e-13
1689,8.05049115478601e-14,80.5049115478601,1.3408222557416416e-13
1690,8.0552575785868e-14,80.552575785868,1.4517875020648302e-13
1691,8.060024002387589e-14,80.6002400238759,1.541731559041512e-13
1692,8.064790426188378e-14,80.64790426188378,1.4973070526502763e-13
1693,8.069556849989168e-14,80.69556849989168,1.3649685223250663e-13
1694,8.074323273789957e-14,80.74323273789958,1.2764904422108564e-13
1695,8.079089697590747e-14,80.79089697590747,1.3171598143776886e-13
1696,8.083856121391536e-14,80.83856121391536,1.349687641380784e-13
1697,8.088622545192325e-14,80.88622545192325,1.3369536868649418e-13
1698,8.093388968993115e-14,80.93388968993115,1.3484840414440535e-13
1699,8.098155392793904e-14,80.98155392793905,1.46700129799969e-13
1700,8.102921816594694e-14,81.02921816594694,1.5390922043778676e-13
1701,8.107688240395483e-14,81.07688240395483,1.4794160905010068e-13
1702,8.112454664196272e-14,81.12454664196272,1.3501167143905451e-13
1703,8.117221087997062e-14,81.17221087997062,1.274589293701403e-13
1704,8.121987511797851e-14,81.21987511797852,1.3279914006566335e-13
1705,8.126753935598641e-14,81.2675393559864,1.3532800097540432e-13
1706,8.13152035939943e-14,81.3152035939943,1.3429036528622706e-13
1707,8.13628678320022e-14,81.3628678320022,1.3586023582187745e-13
1708,8.141053207001009e-14,81.41053207001009,1.4748955095428284e-13
1709,8.145819630801798e-14,81.45819630801799,1.5260495232934101e-13
1710,8.150586054602588e-14,81.50586054602587,1.4545389361280553e-13
1711,8.155352478403377e-14,81.55352478403377,1.334447689068513e-13
1712,8.160118902204166e-14,81.60118902204167,1.2761779209346374e-13
1713,8.164885326004956e-14,81.64885326004956,1.3367615120298687e-13
1714,8.169651749805745e-14,81.69651749805745,1.3556908688098362e-13
1715,8.174418173606535e-14,81.74418173606534,1.3456672841999362e-13
1716,8.179184597407324e-14,81.79184597407324,1.3684115418490655e-13
1717,8.183951021208113e-14,81.83951021208114,1.477500847363311e-13
1718,8.188717445008903e-14,81.88717445008903,1.506225699721142e-13
1719,8.193483868809692e-14,81.93483868809692,1.425803377273771e-13
1720,8.198250292610482e-14,81.98250292610481,1.318295245102824e-13
1721,8.203016716411271e-14,82.03016716411271,1.2895980399003915e-13
1722,8.20778314021206e-14,82.07783140212061,1.346054208850242e-13
1723,8.21254956401285e-14,82.12549564012849,1.3604860239681965e-13
1724,8.217315987813639e-14,82.17315987813639,1.346928753427623e-13
1725,8.222082411614429e-14,82.22082411614429,1.382177385782571e-13
1726,8.226848835415218e-14,82.26848835415218,1.473254162978957e-13
1727,8.231615259216007e-14,82.31615259216008,1.4808914186072164e-13
1728,8.236381683016797e-14,82.36381683016796,1.3954710596699588e-13
1729,8.241148106817586e-14,82.41148106817586,1.3026961508209173e-13
1730,8.245914530618376e-14,82.45914530618376,1.301945069765928e-13
1731,8.250680954419165e-14,82.50680954419165,1.350635640655351e-13
1732,8.255447378219954e-14,82.55447378219955,1.3650590532064688e-13
1733,8.260213802020744e-14,82.60213802020743,1.3475851023177915e-13
1734,8.264980225821533e-14,82.64980225821533,1.3968042217663013e-13
1735,8.269746649622323e-14,82.69746649622323,1.4635725086292045e-13
1736,8.274513073423112e-14,82.74513073423113,1.4527252014187586e-13
1737,8.279279497223901e-14,82.79279497223901,1.3624702494691165e-13
1738,8.284045921024691e-14,82.8404592102469,1.2875403597022855e-13
1739,8.28881234482548e-14,82.8881234482548,1.310006655019444e-13
1740,8.29357876862627e-14,82.9357876862627,1.3530814652312068e-13
1741,8.298345192427059e-14,82.9834519242706,1.3612582469655493e-13
1742,8.303111616227848e-14,83.03111616227848,1.3444844196297545e-13
1743,8.307878040028638e-14,83.07878040028638,1.405512804666248e-13
1744,8.312644463829427e-14,83.12644463829427,1.447863503352062e-13
1745,8.317410887630217e-14,83.17410887630217,1.4188388690935388e-13
1746,8.322177311431006e-14,83.22177311431005,1.3311735340328784e-13
1747,8.326943735231795e-14,83.26943735231795,1.2764667252883333e-13
1748,8.331710159032585e-14,83.31710159032585,1.3149437051371282e-13
1749,8.336476582833374e-14,83.36476582833374,1.3524783777727617e-13
1750,8.341243006634164e-14,83.41243006634164,1.3518288051461713e-13
1751,8.346009430434953e-14,83.46009430434952,1.3407656061781292e-13
1752,8.350775854235742e-14,83.50775854235742,1.407965947606768e-13
1753,8.355542278036532e-14,83.55542278036532,1.4255117268893724e-13
1754,8.360308701837321e-14,83.60308701837322,1.38133238571439e-13
1755,8.36507512563811e-14,83.65075125638111,1.302521323220604e-13
1756,8.3698415494389e-14,83.698415494389,1.2733878621690176e-13
1757,8.37460797323969e-14,83.7460797323969,1.3161448656189706e-13
1758,8.379374397040479e-14,83.79374397040479,1.3494148290091323e-13
1759,8.384140820841268e-14,83.84140820841269,1.3425454595695357e-13
1760,8.388907244642058e-14,83.88907244642057,1.3451559473503377e-13
1761,8.393673668442847e-14,83.93673668442847,1.4044075960766705e-13
1762,8.398440092243636e-14,83.98440092243636,1.397898859384697e-13
1763,8.403206516044426e-14,84.03206516044426,1.3406182902079428e-13
1764,8.407972939845215e-14,84.07972939845216,1.2743902070774804e-13
1765,8.412739363646005e-14,84.12739363646004,1.2797393895459808e-13
1766,8.417505787446794e-14,84.17505787446794,1.314343734759929e-13
1767,8.422272211247583e-14,84.22272211247584,1.343887024232715e-13
1768,8.427038635048373e-14,84.27038635048373,1.337903447968039e-13
1769,8.431805058849162e-14,84.31805058849162,1.355239027554453e-13
1770,8.436571482649952e-14,84.36571482649951,1.3932893738483748e-13
1771,8.441337906450741e-14,84.41337906450741,1.365464951394793e-13
1772,8.44610433025153e-14,84.46104330251531,1.3039016481114496e-13
1773,8.45087075405232e-14,84.5087075405232,1.2572122433818916e-13
1774,8.455637177853109e-14,84.55637177853109,1.285093857500072e-13
1775,8.460403601653899e-14,84.60403601653898,1.311087604585412e-13
1776,8.465170025454688e-14,84.65170025454688,1.3364184975675486e-13
1777,8.469936449255477e-14,84.69936449255478,1.3409203760382515e-13
1778,8.474702873056267e-14,84.74702873056266,1.3697689629690174e-13
1779,8.479469296857056e-14,84.79469296857056,1.3761790372632948e-13
1780,8.484235720657846e-14,84.84235720657846,1.331898323185185e-13
1781,8.489002144458635e-14,84.89002144458635,1.2777246708589596e-13
1782,8.493768568259424e-14,84.93768568259425,1.2465340717103535e-13
1783,8.498534992060214e-14,84.98534992060213,1.2890997134768628e-13
1784,8.503301415861003e-14,85.03301415861003,1.310066150613659e-13
1785,8.508067839661793e-14,85.08067839661793,1.330581695171973e-13
1786,8.512834263462582e-14,85.12834263462582,1.3500611490292053e-13
1787,8.517600687263371e-14,85.1760068726337,1.3849988864111928e-13
1788,8.522367111064161e-14,85.2236711106416,1.3586289211720004e-13
1789,8.52713353486495e-14,85.2713353486495,1.303464714635938e-13
1790,8.53189995866574e-14,85.3189995866574,1.2592933694519776e-13
1791,8.536666382466529e-14,85.3666638246653,1.2581778609417615e-13
1792,8.541432806267318e-14,85.41432806267318,1.2941689007343188e-13
1793,8.546199230068108e-14,85.46199230068108,1.31695761067252e-13
1794,8.550965653868897e-14,85.50965653868897,1.3336325045600755e-13
1795,8.555732077669687e-14,85.55732077669687,1.3776841809292478e-13
1796,8.560498501470476e-14,85.60498501470477,1.3965173147664073e-13
1797,8.565264925271265e-14,85.65264925271265,1.3455087196322102e-13
1798,8.570031349072055e-14,85.70031349072055,1.2850652616677727e-13
1799,8.574797772872844e-14,85.74797772872844,1.252697625535662e-13
1800,8.579564196673634e-14,85.79564196673634,1.2806356181668116e-13
1801,8.584330620474423e-14,85.84330620474422,1.3044041758183966e-13
1802,8.589097044275212e-14,85.89097044275212,1.3301001738821178e-13
1803,8.593863468076002e-14,85.93863468076002,1.356307915371252e-13
1804,8.598629891876791e-14,85.98629891876791,1.4125335558341778e-13
1805,8.60339631567758e-14,86.03396315677581,1.4049460379805812e-13
1806,8.60816273947837e-14,86.0816273947837,1.3350673106100885e-13
1807,8.612929163279159e-14,86.12929163279159,1.2769882265332988e-13
1808,8.617695587079949e-14,86.17695587079949,1.2587232146345217e-13
1809,8.622462010880738e-14,86.22462010880739,1.303456989695459e-13
1810,8.627228434681528e-14,86.27228434681527,1.3187426140242459e-13
1811,8.631994858482317e-14,86.31994858482317,1.3459341334596392e-13
1812,8.636761282283106e-14,86.36761282283106,1.3934979472413067e-13
1813,8.641527706083896e-14,86.41527706083896,1.4479177134606863e-13
1814,8.646294129884685e-14,86.46294129884686,1.4106836358773744e-13
1815,8.651060553685475e-14,86.51060553685474,1.3279262130010128e-13
1816,8.655826977486264e-14,86.55826977486264,1.2779995161096847e-13
1817,8.660593401287053e-14,86.60593401287053,1.2864538536001835e-13
1818,8.665359825087843e-14,86.65359825087843,1.3225577859439508e-13
1819,8.670126248888632e-14,86.70126248888633,1.3375991937333853e-13
1820,8.674892672689422e-14,86.74892672689421,1.367634304416665e-13
1821,8.679659096490211e-14,86.79659096490211,1.4441555319221616e-13
1822,8.684425520291e-14,86.84425520291,1.47755546404775e-13
1823,8.68919194409179e-14,86.8919194409179,1.412759611987141e-13
1824,8.693958367892579e-14,86.93958367892579,1.3260768351452956e-13
1825,8.698724791693369e-14,86.98724791693368,1.2903678234428562e-13
1826,8.703491215494158e-14,87.03491215494158,1.3227431845154458e-13
1827,8.708257639294947e-14,87.08257639294948,1.3370135890349716e-13
1828,8.713024063095737e-14,87.13024063095737,1.3576027238157429e-13
1829,8.717790486896526e-14,87.17790486896526,1.4051189682270926e-13
1830,8.722556910697316e-14,87.22556910697315,1.4962851921027087e-13
1831,8.727323334498105e-14,87.27323334498105,1.4997475917405412e-13
1832,8.732089758298894e-14,87.32089758298895,1.4107573616251035e-13
1833,8.736856182099684e-14,87.36856182099683,1.3303115933057524e-13
1834,8.741622605900473e-14,87.41622605900473,1.312322781910416e-13
1835,8.746389029701263e-14,87.46389029701263,1.3566495745808566e-13
1836,8.751155453502052e-14,87.51155453502052,1.353715045875753e-13
1837,8.755921877302841e-14,87.55921877302842,1.3798761666714704e-13
1838,8.760688301103631e-14,87.6068830110363,1.4557468728734757e-13
1839,8.76545472490442e-14,87.6545472490442,1.5437473619307057e-13
1840,8.77022114870521e-14,87.7022114870521,1.5195356366411172e-13
1841,8.774987572505999e-14,87.74987572506,1.40954481702045e-13
1842,8.779753996306788e-14,87.79753996306788,1.337622775130637e-13
1843,8.784520420107578e-14,87.84520420107577,1.345709025983577e-13
1844,8.789286843908367e-14,87.89286843908367,1.3847354252832789e-13
1845,8.794053267709157e-14,87.94053267709157,1.3750099962708123e-13
1846,8.798819691509946e-14,87.98819691509946,1.4097017552849173e-13
1847,8.803586115310735e-14,88.03586115310735,1.5166150670389844e-13
1848,8.808352539111525e-14,88.08352539111524,1.5856435088557053e-13
1849,8.813118962912314e-14,88.13118962912314,1.531133211754923e-13
1850,8.817885386713104e-14,88.17885386713104,1.4065152850999824e-13
1851,8.822651810513893e-14,88.22651810513892,1.3487335434689968e-13
1852,8.827418234314682e-14,88.27418234314682,1.3864324727337618e-13
1853,8.832184658115472e-14,88.32184658115472,1.404140611291696e-13
1854,8.836951081916261e-14,88.36951081916261,1.3970527751143436e-13
1855,8.84171750571705e-14,88.41717505717051,1.4450836089818092e-13
1856,8.84648392951784e-14,88.4648392951784,1.5727278149507001e-13
1857,8.851250353318629e-14,88.51250353318629,1.6182584786084142e-13
1858,8.856016777119419e-14,88.56016777119419,1.5354510469068466e-13
1859,8.860783200920208e-14,88.60783200920208,1.4066277710753777e-13
1860,8.865549624720998e-14,88.65549624720998,1.3693167151378194e-13
1861,8.870316048521787e-14,88.70316048521786,1.4196506654701874e-13
1862,8.875082472322576e-14,88.75082472322576,1.4181666637465978e-13
1863,8.879848896123366e-14,88.79848896123366,1.4170268962127724e-13
1864,8.884615319924155e-14,88.84615319924156,1.4853556210524255e-13
1865,8.889381743724944e-14,88.89381743724944,1.6216422735887415e-13
1866,8.894148167525734e-14,88.94148167525734,1.6400718131671932e-13
1867,8.898914591326523e-14,88.98914591326523,1.530286720908755e-13
1868,8.903681015127313e-14,89.03681015127313,1.4076417711571948e-13
1869,8.908447438928102e-14,89.08447438928103,1.388384849795865e-13
1870,8.913213862728891e-14,89.13213862728891,1.4436276609894327e-13
1871,8.917980286529681e-14,89.17980286529681,1.4290531377605248e-13
1872,8.92274671033047e-14,89.2274671033047,1.4364305914432024e-13
1873,8.92751313413126e-14,89.2751313413126,1.5290599461505877e-13
1874,8.932279557932049e-14,89.32279557932048,1.65830728055677e-13
1875,8.937045981732838e-14,89.37045981732838,1.6510337747573794e-13
1876,8.941812405533628e-14,89.41812405533628,1.5195516286231614e-13
1877,8.946578829334417e-14,89.46578829334418,1.40449351909884e-13
1878,8.951345253135207e-14,89.51345253135207,1.413413927998236e-13
1879,8.956111676935996e-14,89.56111676935996,1.4617307201886948e-13
1880,8.960878100736785e-14,89.60878100736785,1.4380587920557325e-13
1881,8.965644524537575e-14,89.65644524537575,1.4542819802131762e-13
1882,8.970410948338364e-14,89.70410948338365,1.5712108805861214e-13
1883,8.975177372139154e-14,89.75177372139154,1.6800989310720993e-13
1884,8.979943795939943e-14,89.79943795939943,1.650345984004209e-13
1885,8.984710219740732e-14,89.84710219740732,1.5058477197387593e-13
1886,8.989476643541522e-14,89.89476643541522,1.4038961237018005e-13
1887,8.994243067342311e-14,89.94243067342312,1.4383355346602594e-13
1888,8.999009491143101e-14,89.990094911431,1.4745241702987522e-13
1889,9.00377591494389e-14,90.0377591494389,1.450785563732182e-13
1890,9.00854233874468e-14,90.0854233874468,1.4760934174181534e-13
1891,9.013308762545469e-14,90.13308762545469,1.6059091448132612e-13
1892,9.018075186346258e-14,90.18075186346259,1.6885809157179965e-13
1893,9.022841610147048e-14,90.22841610147047,1.637135658158831e-13
1894,9.027608033947837e-14,90.27608033947837,1.4902495741337535e-13
1895,9.032374457748626e-14,90.32374457748627,1.4077858345208638e-13
1896,9.037140881549416e-14,90.37140881549416,1.4550226258222554e-13
1897,9.041907305350205e-14,90.41907305350205,1.4802925324321897e-13
1898,9.046673729150995e-14,90.46673729150994,1.465783061333631e-13
1899,9.051440152951784e-14,90.51440152951784,1.4996212821874466e-13
1900,9.056206576752573e-14,90.56206576752574,1.6289209293484513e-13
1901,9.060973000553363e-14,90.60973000553363,1.685926788799752e-13
1902,9.065739424354152e-14,90.65739424354152,1.6145156771837227e-13
1903,9.070505848154942e-14,90.70505848154941,1.4725917154515683e-13
1904,9.075272271955731e-14,90.75272271955731,1.4104575797244112e-13
1905,9.08003869575652e-14,90.80038695756521,1.463159292076216e-13
1906,9.08480511955731e-14,90.84805119557309,1.4801296310557738e-13
1907,9.089571543358099e-14,90.89571543358099,1.4752757934548277e-13
1908,9.094337967158889e-14,90.94337967158889,1.5196260319972482e-13
1909,9.099104390959678e-14,90.99104390959678,1.639080039229912e-13
1910,9.103870814760467e-14,91.03870814760468,1.669802127514733e-13
1911,9.108637238561257e-14,91.08637238561256,1.582454057114796e-13
1912,9.113403662362046e-14,91.13403662362046,1.453429390729788e-13
1913,9.118170086162836e-14,91.18170086162836,1.411619437877501e-13
1914,9.122936509963625e-14,91.22936509963625,1.465788617869765e-13
1915,9.127702933764414e-14,91.27702933764414,1.4728721172384274e-13
1916,9.132469357565204e-14,91.32469357565203,1.47758758353711e-13
1917,9.137235781365993e-14,91.37235781365993,1.5366615586324267e-13
1918,9.142002205166783e-14,91.42002205166783,1.6375232604354945e-13
1919,9.146768628967572e-14,91.46768628967573,1.64292326488083e-13
1920,9.151535052768361e-14,91.51535052768361,1.5467008641738278e-13
1921,9.156301476569151e-14,91.5630147656915,1.434873135022427e-13
1922,9.16106790036994e-14,91.6106790036994,1.422618533392095e-13
1923,9.16583432417073e-14,91.6583432417073,1.4644912344451144e-13
1924,9.170600747971519e-14,91.7060074797152,1.4653945103800664e-13
1925,9.175367171772308e-14,91.75367171772308,1.4758863348032086e-13
1926,9.180133595573098e-14,91.80133595573098,1.553169620910691e-13
1927,9.184900019373887e-14,91.84900019373887,1.6263983974688923e-13
1928,9.189666443174677e-14,91.89666443174677,1.6092830464487645e-13
1929,9.194432866975466e-14,91.94432866975465,1.5110620545620568e-13
1930,9.199199290776255e-14,91.99199290776255,1.4204186871841218e-13
1931,9.203965714577045e-14,92.03965714577045,1.43153799361459e-13
1932,9.208732138377834e-14,92.08732138377835,1.4619235726501256e-13
1933,9.213498562178624e-14,92.13498562178624,1.466652049374878e-13
1934,9.218264985979413e-14,92.18264985979413,1.4807232317452096e-13
1935,9.223031409780202e-14,92.23031409780202,1.56441144218665e-13
1936,9.227797833580992e-14,92.27797833580992,1.6077075651668715e-13
1937,9.232564257381781e-14,92.32564257381782,1.5706031852684432e-13
1938,9.23733068118257e-14,92.3733068118257,1.4738744621468902e-13
1939,9.24209710498336e-14,92.4209710498336,1.4044254854125165e-13
1940,9.24686352878415e-14,92.4686352878415,1.4366481095040573e-13
1941,9.251629952584939e-14,92.51629952584939,1.4579502427385094e-13
1942,9.256396376385728e-14,92.56396376385729,1.466705717382416e-13
1943,9.261162800186518e-14,92.61162800186517,1.4894530921127913e-13
1944,9.265929223987307e-14,92.65929223987307,1.5694979766788658e-13
1945,9.270695647788096e-14,92.70695647788096,1.5866747206470105e-13
1946,9.275462071588886e-14,92.75462071588886,1.5313728204350424e-13
1947,9.280228495389675e-14,92.80228495389676,1.4388445675802414e-13
1948,9.284994919190465e-14,92.84994919190464,1.3924861155638346e-13
1949,9.289761342991254e-14,92.89761342991254,1.4368695577977875e-13
1950,9.294527766792043e-14,92.94527766792044,1.452322826887495e-13
1951,9.299294190592833e-14,92.99294190592833,1.4650764325677135e-13
1952,9.304060614393622e-14,93.04060614393622,1.4988405210979855e-13
1953,9.308827038194412e-14,93.08827038194411,1.566572121591142e-13
1954,9.313593461995201e-14,93.13593461995201,1.5599233872936463e-13
1955,9.31835988579599e-14,93.18359885795991,1.490542444245596e-13
1956,9.32312630959678e-14,93.2312630959678,1.4094002115556947e-13
1957,9.327892733397569e-14,93.27892733397569,1.3903757160350916e-13
1958,9.332659157198359e-14,93.32659157198358,1.4339449224375078e-13
1959,9.337425580999148e-14,93.37425580999148,1.446108180034808e-13
1960,9.342192004799937e-14,93.42192004799938,1.4598675187552784e-13
1961,9.346958428600727e-14,93.46958428600726,1.5129411124522457e-13
1962,9.351724852401516e-14,93.51724852401516,1.5532318270103374e-13
1963,9.356491276202306e-14,93.56491276202306,1.5249798223249816e-13
1964,9.361257700003095e-14,93.61257700003095,1.4487533622851295e-13
1965,9.366024123803884e-14,93.66024123803885,1.388811212300195e-13
1966,9.370790547604674e-14,93.70790547604673,1.396476386134396e-13
1967,9.375556971405463e-14,93.75556971405463,1.424943333900447e-13
1968,9.380323395206253e-14,93.80323395206253,1.441801593480424e-13
1969,9.385089819007042e-14,93.85089819007042,1.4607985773709004e-13
1970,9.389856242807831e-14,93.89856242807831,1.527650618851628e-13
1971,9.394622666608621e-14,93.9462266660862,1.537018125621903e-13
1972,9.39938909040941e-14,93.9938909040941,1.4848816891777777e-13
1973,9.4041555142102e-14,94.041555142102,1.4109380168120939e-13
1974,9.408921938010989e-14,94.0892193801099,1.37298823026967e-13
1975,9.413688361811778e-14,94.13688361811778,1.4003456326374536e-13
1976,9.418454785612568e-14,94.18454785612568,1.4158293949132622e-13
1977,9.423221209413357e-14,94.23221209413357,1.4398353928406216e-13
1978,9.427987633214147e-14,94.27987633214147,1.472922532639448e-13
1979,9.432754057014936e-14,94.32754057014935,1.5414820570165688e-13
1980,9.437520480815725e-14,94.37520480815725,1.5237930275219247e-13
1981,9.442286904616515e-14,94.42286904616515,1.4488967480224407e-13
1982,9.447053328417304e-14,94.47053328417304,1.3852992104129713e-13
1983,9.451819752218094e-14,94.51819752218094,1.36427327768196e-13
1984,9.456586176018883e-14,94.56586176018882,1.4032995414563904e-13
1985,9.461352599819672e-14,94.61352599819672,1.4144124781990952e-13
1986,9.466119023620462e-14,94.66119023620462,1.4430332471483676e-13
1987,9.470885447421251e-14,94.70885447421252,1.4967822987987933e-13
1988,9.47565187122204e-14,94.75651871222041,1.5503680424969885e-13
1989,9.48041829502283e-14,94.8041829502283,1.5075660446568773e-13
1990,9.485184718823619e-14,94.85184718823619,1.4215497811005673e-13
1991,9.489951142624409e-14,94.89951142624409,1.3716486984855641e-13
1992,9.494717566425198e-14,94.94717566425199,1.3757297709880711e-13
1993,9.499483990225988e-14,94.99483990225987,1.4026295045137943e-13
1994,9.504250414026777e-14,95.04250414026777,1.422117225412592e-13
1995,9.509016837827566e-14,95.09016837827566,1.455664066932552e-13
1996,9.513783261628356e-14,95.13783261628356,1.5304969206049457e-13
1997,9.518549685429145e-14,95.18549685429146,1.5520551966026475e-13
1998,9.523316109229935e-14,95.23316109229934,1.4840510547883823e-13
1999,9.528082533030724e-14,95.28082533030724,1.4017350377214938e-13
2000,9.532848956831513e-14,95.32848956831513,1.3699427063671582e-13
2001,9.537615380632303e-14,95.37615380632303,1.3963710829983933e-13
2002,9.542381804433092e-14,95.42381804433091,1.4004676053818582e-13
2003,9.547148228233882e-14,95.47148228233881,1.4311722109066477e-13
2004,9.551914652034671e-14,95.51914652034671,1.481689933507252e-13
2005,9.55668107583546e-14,95.5668107583546,1.561501443555699e-13
2006,9.56144749963625e-14,95.6144749963625,1.5476266373038589e-13
2007,9.566213923437039e-14,95.66213923437039,1.4582805178253028e-13
2008,9.570980347237829e-14,95.70980347237828,1.3972323460991615e-13
2009,9.575746771038618e-14,95.75746771038618,1.3835429384188164e-13
2010,9.580513194839407e-14,95.80513194839408,1.4160011054323296e-13
2011,9.585279618640197e-14,95.85279618640197,1.4034957820496102e-13
2012,9.590046042440986e-14,95.90046042440986,1.4443498751615796e-13
2013,9.594812466241776e-14,95.94812466241775,1.5217823745930503e-13
2014,9.599578890042565e-14,95.99578890042565,1.5890869349555192e-13
2015,9.604345313843354e-14,96.04345313843355,1.538237582015406e-13
2016,9.609111737644144e-14,96.09111737644143,1.436769133571561e-13
2017,9.613878161444933e-14,96.13878161444933,1.3979964375802206e-13
2018,9.618644585245723e-14,96.18644585245723,1.4107856864068596e-13
2019,9.623411009046512e-14,96.23411009046512,1.4304689702725193e-13
2020,9.628177432847301e-14,96.28177432847302,1.4166745305067147e-13
2021,9.632943856648091e-14,96.3294385664809,1.4685041377360264e-13
2022,9.63771028044888e-14,96.3771028044888,1.57250636665697e-13
2023,9.64247670424967e-14,96.4247670424967,1.6137651382298196e-13
2024,9.647243128050459e-14,96.4724312805046,1.5292967088000042e-13
2025,9.652009551851248e-14,96.52009551851248,1.4222242903771248e-13
2026,9.656775975652038e-14,96.56775975652037,1.4077374519989166e-13
2027,9.661542399452827e-14,96.61542399452827,1.4466386259476965e-13
2028,9.666308823253617e-14,96.66308823253617,1.4393243270415662e-13
2029,9.671075247054406e-14,96.71075247054407,1.4370206684755776e-13
2030,9.675841670855195e-14,96.75841670855195,1.5075659091316057e-13
2031,9.680608094655985e-14,96.80608094655985,1.6232600387553614e-13
2032,9.685374518456774e-14,96.85374518456774,1.6350815016177855e-13
2033,9.690140942257564e-14,96.90140942257564,1.522356595168653e-13
2034,9.694907366058353e-14,96.94907366058352,1.4255148439706183e-13
2035,9.699673789859142e-14,96.99673789859142,1.429633999074434e-13
2036,9.704440213659932e-14,97.04440213659932,1.4810896920795097e-13
2037,9.709206637460721e-14,97.09206637460721,1.448140245956589e-13
2038,9.71397306126151e-14,97.13973061261511,1.4649892898181e-13
2039,9.7187394850623e-14,97.187394850623,1.5600952333379853e-13
2040,9.723505908863089e-14,97.23505908863089,1.671482776407357e-13
2041,9.728272332663879e-14,97.28272332663879,1.649131406520482e-13
2042,9.733038756464668e-14,97.33038756464668,1.5187701899073425e-13
2043,9.737805180265457e-14,97.37805180265457,1.4422116929521667e-13
2044,9.742571604066247e-14,97.42571604066246,1.4643234541589223e-13
2045,9.747338027867036e-14,97.47338027867036,1.510177210064037e-13
2046,9.752104451667826e-14,97.52104451667826,1.4623625390047107e-13
2047,9.756870875468615e-14,97.56870875468616,1.503526984988554e-13
2048,9.761637299269404e-14,97.61637299269404,1.6260152675261902e-13
2049,9.766403723070194e-14,97.66403723070194,1.7128807324340994e-13
2050,9.771170146870983e-14,97.71170146870983,1.656646689404337e-13
2051,9.775936570671773e-14,97.75936570671773,1.5183745916396568e-13
2052,9.780702994472562e-14,97.80702994472563,1.470495003975253e-13
2053,9.785469418273351e-14,97.85469418273351,1.5153362505765378e-13
2054,9.790235842074141e-14,97.90235842074141,1.5293136494589493e-13
2055,9.79500226587493e-14,97.9500226587493,1.4897253623833567e-13
2056,9.79976868967572e-14,97.9976868967572,1.5564128761844098e-13
2057,9.804535113476509e-14,98.04535113476508,1.694511908177307e-13
2058,9.809301537277298e-14,98.09301537277298,1.7459231488933108e-13
2059,9.814067961078088e-14,98.14067961078088,1.6544315288406775e-13
2060,9.818834384878877e-14,98.18834384878878,1.5185258378427186e-13
2061,9.823600808679667e-14,98.23600808679667,1.5045846242078137e-13
2062,9.828367232480456e-14,98.28367232480456,1.562974196681749e-13
2063,9.833133656281245e-14,98.33133656281245,1.5414657939839815e-13
2064,9.837900080082035e-14,98.37900080082035,1.5200559181586387e-13
2065,9.842666503882824e-14,98.42666503882825,1.6134471959427382e-13
2066,9.847432927683614e-14,98.47432927683613,1.7560806324715128e-13
2067,9.852199351484403e-14,98.52199351484403,1.7702033144450374e-13
2068,9.856965775285192e-14,98.56965775285192,1.6446746579652088e-13
2069,9.861732199085982e-14,98.61732199085982,1.5205249711235103e-13
2070,9.866498622886771e-14,98.66498622886772,1.5384931826775694e-13
2071,9.871265046687561e-14,98.7126504668756,1.6030437339966536e-13
2072,9.87603147048835e-14,98.7603147048835,1.551300727415869e-13
2073,9.88079789428914e-14,98.8079789428914,1.5407996872742608e-13
2074,9.885564318089929e-14,98.85564318089929,1.663246905654614e-13
2075,9.890330741890718e-14,98.90330741890719,1.800501615205688e-13
2076,9.895097165691508e-14,98.95097165691507,1.7827655584418123e-13
2077,9.899863589492297e-14,98.99863589492297,1.6318530185986668e-13
2078,9.904630013293086e-14,99.04630013293087,1.5210220778195949e-13
2079,9.909396437093876e-14,99.09396437093876,1.5835664485437662e-13
2080,9.914162860894665e-14,99.14162860894665,1.6442709281812296e-13
2081,9.918929284695455e-14,99.18929284695454,1.5816091925718867e-13
2082,9.923695708496244e-14,99.23695708496244,1.5503553031214617e-13
2083,9.928462132297033e-14,99.28462132297034,1.6729053851829295e-13
2084,9.933228556097823e-14,99.33228556097824,1.7994651179287918e-13
2085,9.937994979898612e-14,99.37994979898612,1.7825062985973167e-13
2086,9.942761403699402e-14,99.42761403699402,1.643211391608168e-13
2087,9.947527827500191e-14,99.47527827500191,1.5448932281017513e-13
2088,9.95229425130098e-14,99.52294251300981,1.5912352815602993e-13
2089,9.95706067510177e-14,99.57060675101769,1.6408760201286343e-13
2090,9.961827098902559e-14,99.61827098902559,1.6066358313193696e-13
2091,9.966593522703349e-14,99.66593522703349,1.606986164146354e-13
2092,9.971359946504138e-14,99.71359946504138,1.677001094414765e-13
2093,9.976126370304927e-14,99.76126370304928,1.7636642200922342e-13
2094,9.980892794105717e-14,99.80892794105716,1.7546879747809552e-13
2095,9.985659217906506e-14,99.85659217906506,1.6509408044210888e-13
2096,9.990425641707296e-14,99.90425641707296,1.59278365778788e-13
2097,9.995192065508085e-14,99.95192065508085,1.5960374840327807e-13
2098,9.999958489308874e-14,99.99958489308874,1.6145318046910384e-13
2099,1.0004724913109664e-13,100.04724913109663,1.614049470249554e-13
2100,1.0009491336910453e-13,100.09491336910453,1.6575240800124208e-13
2101,1.0014257760711243e-13,100.14257760711243,1.6853546011032228e-13
2102,1.0019024184512032e-13,100.19024184512033,1.7270505772021272e-13
2103,1.0023790608312821e-13,100.23790608312821,1.711640134098233e-13
2104,1.0028557032113611e-13,100.2855703211361,1.6534831229902958e-13
2105,1.00333234559144e-13,100.333234559144,1.6369707239033415e-13
2106,1.003808987971519e-13,100.3808987971519,1.596894681375402e-13
2107,1.0042856303515979e-13,100.42856303515978,1.5967019644392427e-13
2108,1.0047622727316768e-13,100.47622727316768,1.638438733644887e-13
2109,1.0052389151117558e-13,100.52389151117558,1.681643648117348e-13
2110,1.0057155574918347e-13,100.57155574918347,1.6830177388457018e-13
2111,1.0061921998719137e-13,100.61921998719137,1.6823548847424985e-13
2112,1.0066688422519926e-13,100.66688422519925,1.6735099634193618e-13
2113,1.0071454846320715e-13,100.71454846320715,1.6642820476787945e-13
2114,1.0076221270121505e-13,100.76221270121505,1.6488539862895973e-13
2115,1.0080987693922294e-13,100.80987693922295,1.5961412963907962e-13
2116,1.0085754117723084e-13,100.85754117723084,1.604852318745631e-13
2117,1.0090520541523873e-13,100.90520541523873,1.647592652587182e-13
2118,1.0095286965324662e-13,100.95286965324662,1.6801515148774648e-13
2119,1.0100053389125452e-13,101.00053389125452,1.6730070291366e-13
2120,1.0104819812926241e-13,101.04819812926242,1.658663576495703e-13
2121,1.010958623672703e-13,101.0958623672703,1.6712401861712634e-13
2122,1.011435266052782e-13,101.1435266052782,1.6535938471371608e-13
2123,1.011911908432861e-13,101.1911908432861,1.6415840041472674e-13
2124,1.0123885508129399e-13,101.23885508129399,1.606793989311281e-13
2125,1.0128651931930188e-13,101.28651931930189,1.610253136342596e-13
2126,1.0133418355730978e-13,101.33418355730977,1.6415441597174285e-13
2127,1.0138184779531767e-13,101.38184779531767,1.6613683898655113e-13
2128,1.0142951203332556e-13,101.42951203332557,1.669676224537453e-13
2129,1.0147717627133346e-13,101.47717627133346,1.6570582796540667e-13
2130,1.0152484050934135e-13,101.52484050934135,1.6428374773839322e-13
2131,1.0157250474734925e-13,101.57250474734924,1.6356843180256875e-13
2132,1.0162016898535714e-13,101.62016898535714,1.6153621680298907e-13
2133,1.0166783322336503e-13,101.66783322336504,1.596411262731745e-13
2134,1.0171549746137293e-13,101.71549746137293,1.6140456755419502e-13
2135,1.0176316169938082e-13,101.76316169938082,1.6179959661574012e-13
2136,1.0181082593738872e-13,101.81082593738871,1.627509975746233e-13
2137,1.0185849017539661e-13,101.85849017539661,1.6148317221170022e-13
2138,1.019061544134045e-13,101.90615441340451,1.6126757860970148e-13
2139,1.019538186514124e-13,101.9538186514124,1.5936850363690303e-13
2140,1.0200148288942029e-13,102.00148288942029,1.5893136687348403e-13
2141,1.0204914712742819e-13,102.04914712742818,1.575491039712551e-13
2142,1.0209681136543608e-13,102.09681136543608,1.5624063457939097e-13
2143,1.0214447560344397e-13,102.14447560344398,1.5774000486877549e-13
2144,1.0219213984145187e-13,102.19213984145186,1.576341596316866e-13
2145,1.0223980407945976e-13,102.23980407945976,1.5784148619212013e-13
2146,1.0228746831746766e-13,102.28746831746766,1.5568301584955452e-13
2147,1.0233513255547555e-13,102.33513255547555,1.5378711216811058e-13
2148,1.0238279679348344e-13,102.38279679348345,1.53103048359908e-13
2149,1.0243046103149134e-13,102.43046103149133,1.5332850820167637e-13
2150,1.0247812526949923e-13,102.47812526949923,1.5132429272320114e-13
2151,1.0252578950750713e-13,102.52578950750713,1.5187356309630945e-13
2152,1.0257345374551502e-13,102.57345374551502,1.5347487549496192e-13
2153,1.0262111798352291e-13,102.62111798352291,1.5441775191426393e-13
2154,1.0266878222153081e-13,102.6687822215308,1.5329132006716012e-13
2155,1.027164464595387e-13,102.7164464595387,1.4996574674349533e-13
2156,1.027641106975466e-13,102.7641106975466,1.4662874863943798e-13
2157,1.0281177493555449e-13,102.8117749355545,1.4763724639522968e-13
2158,1.0285943917356238e-13,102.85943917356238,1.489016700738366e-13
2159,1.0290710341157028e-13,102.90710341157028,1.4613421692351303e-13
2160,1.0295476764957817e-13,102.95476764957817,1.473241830179245e-13
2161,1.0300243188758607e-13,103.00243188758607,1.50570623135525e-13
2162,1.0305009612559396e-13,103.05009612559395,1.532965106850609e-13
2163,1.0309776036360185e-13,103.09776036360185,1.5061155176753632e-13
2164,1.0314542460160975e-13,103.14542460160975,1.443998729182966e-13
2165,1.0319308883961764e-13,103.19308883961764,1.408073012571301e-13
2166,1.0324075307762554e-13,103.24075307762554,1.4358192369431921e-13
2167,1.0328841731563343e-13,103.28841731563342,1.45559007013428e-13
2168,1.0333608155364132e-13,103.33608155364132,1.4232868085061606e-13
2169,1.0338374579164922e-13,103.38374579164922,1.4410598636691724e-13
2170,1.0343141002965711e-13,103.43141002965712,1.4775246998111058e-13
2171,1.03479074267665e-13,103.479074267665,1.5097978748289387e-13
2172,1.035267385056729e-13,103.5267385056729,1.4682425739619143e-13
2173,1.0357440274368079e-13,103.57440274368079,1.3916396247176666e-13
2174,1.0362206698168869e-13,103.62206698168869,1.3623505806543285e-13
2175,1.0366973121969658e-13,103.66973121969659,1.3985680831756636e-13
2176,1.0371739545770448e-13,103.71739545770447,1.4186609244119797e-13
2177,1.0376505969571237e-13,103.76505969571237,1.3814088219675502e-13
2178,1.0381272393372026e-13,103.81272393372026,1.4066216724381575e-13
2179,1.0386038817172816e-13,103.86038817172816,1.4557558175413987e-13
2180,1.0390805240973605e-13,103.90805240973606,1.4717862887626831e-13
2181,1.0395571664774395e-13,103.95571664774394,1.4134896866250385e-13
2182,1.0400338088575184e-13,104.00338088575184,1.333525033019728e-13
2183,1.0405104512375973e-13,104.05104512375974,1.331925428239497e-13
2184,1.0409870936176763e-13,104.09870936176763,1.3694816493933087e-13
2185,1.0414637359977552e-13,104.14637359977552,1.3668668248038168e-13
2186,1.0419403783778342e-13,104.19403783778341,1.3424085790452595e-13
2187,1.0424170207579131e-13,104.24170207579131,1.3805829309626594e-13
2188,1.042893663137992e-13,104.2893663137992,1.4381463413811607e-13
2189,1.043370305518071e-13,104.3370305518071,1.4283630430777378e-13
2190,1.0438469478981499e-13,104.38469478981499,1.3472057670826931e-13
2191,1.0443235902782289e-13,104.43235902782288,1.2853758855901898e-13
2192,1.0448002326583078e-13,104.48002326583078,1.3139522022503902e-13
2193,1.0452768750383867e-13,104.52768750383868,1.335844548042489e-13
2194,1.0457535174184657e-13,104.57535174184656,1.3167215256494613e-13
2195,1.0462301597985446e-13,104.62301597985446,1.3196693358311778e-13
2196,1.0467068021786236e-13,104.67068021786235,1.3721307618765055e-13
2197,1.0471834445587025e-13,104.71834445587025,1.4081197687899893e-13
2198,1.0476600869387814e-13,104.76600869387815,1.378703059920841e-13
2199,1.0481367293188604e-13,104.81367293188603,1.3012594474171024e-13
2200,1.0486133716989393e-13,104.86133716989393,1.2669401118492463e-13
2201,1.0490900140790183e-13,104.90900140790183,1.3036391356604365e-13
2202,1.0495666564590972e-13,104.95666564590972,1.3096176974900647e-13
2203,1.0500432988391761e-13,105.00432988391762,1.2884127358753217e-13
2204,1.0505199412192551e-13,105.0519941219255,1.3275101504173215e-13
2205,1.050996583599334e-13,105.0996583599334,1.377714674115349e-13
2206,1.051473225979413e-13,105.1473225979413,1.390424911708668e-13
2207,1.0519498683594919e-13,105.1949868359492,1.345022319432579e-13
2208,1.0524265107395708e-13,105.24265107395708,1.2774624294584896e-13
2209,1.0529031531196498e-13,105.29031531196497,1.2714974201560175e-13
2210,1.0533797954997287e-13,105.33797954997287,1.3107017641372787e-13
2211,1.0538564378798077e-13,105.38564378798077,1.3080015586267035e-13
2212,1.0543330802598866e-13,105.43330802598867,1.30343015569169e-13
2213,1.0548097226399655e-13,105.48097226399655,1.3546883883761018e-13
2214,1.0552863650200445e-13,105.52863650200445,1.4016329871920086e-13
2215,1.0557630074001234e-13,105.57630074001234,1.3879017022027512e-13
2216,1.0562396497802023e-13,105.62396497802024,1.327421787940264e-13
2217,1.0567162921602813e-13,105.67162921602812,1.2933516833468078e-13
2218,1.0571929345403602e-13,105.71929345403602,1.310755025569002e-13
2219,1.0576695769204392e-13,105.76695769204392,1.33564315748895e-13
2220,1.0581462193005181e-13,105.81462193005181,1.3193871722157885e-13
2221,1.058622861680597e-13,105.86228616805971,1.3362817525685439e-13
2222,1.059099504060676e-13,105.9099504060676,1.3895608025771972e-13
2223,1.0595761464407549e-13,105.95761464407549,1.4344294252833373e-13
2224,1.0600527888208339e-13,106.00527888208339,1.3959060957916686e-13
2225,1.0605294312009128e-13,106.05294312009129,1.3376161343923304e-13
2226,1.0610060735809917e-13,106.10060735809917,1.33061096863063e-13
2227,1.0614827159610707e-13,106.14827159610707,1.3617473576706118e-13
2228,1.0619593583411496e-13,106.19593583411496,1.3619528139822978e-13
2229,1.0624360007212286e-13,106.24360007212286,1.337020229773278e-13
2230,1.0629126431013075e-13,106.29126431013076,1.3749773346803662e-13
2231,1.0633892854813864e-13,106.33892854813864,1.436279887341227e-13
2232,1.0638659278614654e-13,106.38659278614654,1.4657662561999574e-13
2233,1.0643425702415443e-13,106.43425702415443,1.405910164762464e-13
2234,1.0648192126216233e-13,106.48192126216233,1.3572853236297477e-13
2235,1.0652958550017022e-13,106.52958550017021,1.372040502045646e-13
2236,1.0657724973817811e-13,106.57724973817811,1.408276571529185e-13
2237,1.0662491397618601e-13,106.62491397618601,1.3877584519907116e-13
2238,1.066725782141939e-13,106.6725782141939,1.372806490880507e-13
2239,1.067202424522018e-13,106.7202424522018,1.4353295841370434e-13
2240,1.0676790669020969e-13,106.76790669020968,1.4972638200886484e-13
2241,1.0681557092821758e-13,106.81557092821758,1.4963375048575311e-13
2242,1.0686323516622548e-13,106.86323516622548,1.4225116039528335e-13
2243,1.0691089940423337e-13,106.91089940423338,1.3886880198283463e-13
2244,1.0695856364224127e-13,106.95856364224127,1.4229387796087928e-13
2245,1.0700622788024916e-13,107.00622788024916,1.4516208059808106e-13
2246,1.0705389211825705e-13,107.05389211825705,1.4156499594537159e-13
2247,1.0710155635626495e-13,107.10155635626495,1.426551476772786e-13
2248,1.0714922059427284e-13,107.14922059427285,1.508198812149794e-13
2249,1.0719688483228074e-13,107.19688483228073,1.5573012443394901e-13
2250,1.0724454907028863e-13,107.24454907028863,1.5198111595182e-13
2251,1.0729221330829652e-13,107.29221330829652,1.4361186122680697e-13
2252,1.0733987754630442e-13,107.33987754630442,1.4256621599408048e-13
2253,1.0738754178431231e-13,107.38754178431232,1.4734452536118575e-13
2254,1.0743520602232021e-13,107.4352060223202,1.4749955271932402e-13
2255,1.074828702603281e-13,107.4828702603281,1.4278892467283616e-13
2256,1.07530534498336e-13,107.530534498336,1.4735588237894254e-13
2257,1.0757819873634389e-13,107.5781987363439,1.5674382636016865e-13
2258,1.0762586297435178e-13,107.62586297435178,1.59687367495831e-13
2259,1.0767352721235968e-13,107.67352721235967,1.5251054542517184e-13
2260,1.0772119145036757e-13,107.72119145036757,1.4336260314735255e-13
2261,1.0776885568837546e-13,107.76885568837547,1.4474341592917578e-13
2262,1.0781651992638336e-13,107.81651992638336,1.504551827092096e-13
2263,1.0786418416439125e-13,107.86418416439125,1.4808302967097425e-13
2264,1.0791184840239915e-13,107.91184840239914,1.4279914327831184e-13
2265,1.0795951264040704e-13,107.95951264040704,1.4985429076016382e-13
2266,1.0800717687841493e-13,108.00717687841494,1.5997191635599983e-13
2267,1.0805484111642283e-13,108.05484111642284,1.6144877589777812e-13
2268,1.0810250535443072e-13,108.10250535443072,1.5163960582001423e-13
2269,1.0815016959243862e-13,108.15016959243862,1.4166421399668117e-13
2270,1.0819783383044651e-13,108.19783383044651,1.458042942024257e-13
2271,1.082454980684544e-13,108.24549806845441,1.5231976650039586e-13
2272,1.082931623064623e-13,108.29316230646229,1.4871652900035753e-13
2273,1.0834082654447019e-13,108.34082654447019,1.4307770192147767e-13
2274,1.0838849078247809e-13,108.38849078247809,1.51409294173524e-13
2275,1.0843615502048598e-13,108.43615502048598,1.6094676318686302e-13
2276,1.0848381925849387e-13,108.48381925849388,1.6112213288826255e-13
2277,1.0853148349650177e-13,108.53148349650176,1.5175840727306433e-13
2278,1.0857914773450966e-13,108.57914773450966,1.4149974052711511e-13
2279,1.0862681197251756e-13,108.62681197251756,1.4647252865890997e-13
2280,1.0867447621052545e-13,108.67447621052546,1.5303707465771227e-13
2281,1.0872214044853334e-13,108.72214044853334,1.4873994776728322e-13
2282,1.0876980468654124e-13,108.76980468654124,1.4356788327618553e-13
2283,1.0881746892454913e-13,108.81746892454913,1.5274118233231382e-13
2284,1.0886513316255703e-13,108.86513316255703,1.6267832892401246e-13
2285,1.0891279740056492e-13,108.91279740056493,1.6168000911611496e-13
2286,1.0896046163857281e-13,108.96046163857281,1.5175942371260104e-13
2287,1.0900812587658071e-13,109.0081258765807,1.418340000568924e-13
2288,1.090557901145886e-13,109.0557901145886,1.4818444323168312e-13
2289,1.091034543525965e-13,109.1034543525965,1.5365496147581176e-13
2290,1.0915111859060439e-13,109.15111859060438,1.494715809458036e-13
2291,1.0919878282861228e-13,109.19878282861228,1.4562723043513165e-13
2292,1.0924644706662018e-13,109.24644706662018,1.5543683419376453e-13
2293,1.0929411130462807e-13,109.29411130462807,1.650326874940919e-13
2294,1.0934177554263597e-13,109.34177554263597,1.6219514067331714e-13
2295,1.0938943978064386e-13,109.38943978064385,1.5158904134119494e-13
2296,1.0943710401865175e-13,109.43710401865175,1.43625671251979e-13
2297,1.0948476825665965e-13,109.48476825665965,1.520057408936626e-13
2298,1.0953243249466754e-13,109.53243249466755,1.5632692351979366e-13
2299,1.0958009673267544e-13,109.58009673267543,1.5128381132458596e-13
2300,1.0962776097068333e-13,109.62776097068333,1.4874616837724786e-13
2301,1.0967542520869122e-13,109.67542520869122,1.582500000181855e-13
2302,1.0972308944669912e-13,109.72308944669912,1.659939546927447e-13
2303,1.0977075368470701e-13,109.77075368470702,1.6246353492111593e-13
2304,1.098184179227149e-13,109.8184179227149,1.5311244026122717e-13
2305,1.098660821607228e-13,109.8660821607228,1.476097212125757e-13
2306,1.099137463987307e-13,109.9137463987307,1.5606468211932373e-13
2307,1.0996141063673859e-13,109.96141063673859,1.5763612474812422e-13
2308,1.1000907487474648e-13,110.00907487474649,1.5120688718044811e-13
2309,1.1005673911275438e-13,110.05673911275437,1.5124587780107612e-13
2310,1.1010440335076227e-13,110.10440335076227,1.6013202591182163e-13
2311,1.1015206758877016e-13,110.15206758877017,1.6554144936353071e-13
2312,1.1019973182677806e-13,110.19973182677806,1.6060834303124882e-13
2313,1.1024739606478595e-13,110.24739606478595,1.5235999040099507e-13
2314,1.1029506030279385e-13,110.29506030279384,1.488881853093163e-13
2315,1.1034272454080174e-13,110.34272454080174,1.5638235335586198e-13
2316,1.1039038877880963e-13,110.39038877880964,1.5546796434864202e-13
2317,1.1043805301681753e-13,110.43805301681753,1.4938565792363412e-13
2318,1.1048571725482542e-13,110.48571725482542,1.5192666189770693e-13
2319,1.1053338149283332e-13,110.53338149283331,1.5967041328435877e-13
2320,1.1058104573084121e-13,110.58104573084121,1.6187313262808894e-13
2321,1.106287099688491e-13,110.62870996884911,1.5510861909109885e-13
2322,1.10676374206857e-13,110.67637420685699,1.4866806516324743e-13
2323,1.1072403844486489e-13,110.72403844486489,1.483059009800558e-13
2324,1.1077170268287279e-13,110.77170268287279,1.5386303342523888e-13
2325,1.1081936692088068e-13,110.81936692088068,1.5041204501527183e-13
2326,1.1086703115888857e-13,110.86703115888858,1.463987893586538e-13
2327,1.1091469539689647e-13,110.91469539689646,1.5148226097973227e-13
2328,1.1096235963490436e-13,110.96235963490436,1.5824185494936471e-13
2329,1.1101002387291226e-13,111.01002387291226,1.5841039417707758e-13
2330,1.1105768811092015e-13,111.05768811092015,1.4984941185038764e-13
2331,1.1110535234892804e-13,111.10535234892805,1.4507160392678714e-13
2332,1.1115301658693594e-13,111.15301658693593,1.4716315189025608e-13
2333,1.1120068082494383e-13,111.20068082494383,1.5006900344789742e-13
2334,1.1124834506295173e-13,111.24834506295173,1.4524929111033036e-13
2335,1.1129600930095962e-13,111.29600930095962,1.4381781898199775e-13
2336,1.1134367353896751e-13,111.34367353896751,1.5174433974987633e-13
2337,1.1139133777697541e-13,111.3913377769754,1.5680985427247301e-13
2338,1.114390020149833e-13,111.4390020149833,1.5355754591061394e-13
2339,1.114866662529912e-13,111.4866662529912,1.4457708576338935e-13
2340,1.1153433049099909e-13,111.5343304909991,1.413901683450583e-13
2341,1.1158199472900698e-13,111.58199472900698,1.4564224663522057e-13
2342,1.1162965896701488e-13,111.62965896701488,1.4616980585982486e-13
2343,1.1167732320502277e-13,111.67732320502277,1.4138099328417364e-13
2344,1.1172498744303067e-13,111.72498744303067,1.412707841333405e-13
2345,1.1177265168103856e-13,111.77265168103855,1.4897622252572212e-13
2346,1.1182031591904645e-13,111.82031591904645,1.5208942774885131e-13
2347,1.1186798015705435e-13,111.86798015705435,1.4654254101419822e-13
2348,1.1191564439506224e-13,111.91564439506224,1.3808897601774728e-13
2349,1.1196330863307014e-13,111.96330863307014,1.3729161308251997e-13
2350,1.1201097287107803e-13,112.01097287107802,1.4238088518522124e-13
2351,1.1205863710908592e-13,112.05863710908592,1.4001022292497306e-13
2352,1.1210630134709382e-13,112.10630134709382,1.364911195135196e-13
2353,1.1215396558510171e-13,112.15396558510172,1.3832037186641e-13
2354,1.122016298231096e-13,112.2016298231096,1.4413782125320684e-13
2355,1.122492940611175e-13,112.2492940611175,1.443135839778939e-13
2356,1.1229695829912539e-13,112.2969582991254,1.3743654380792697e-13
2357,1.1234462253713329e-13,112.34462253713329,1.3049104982329474e-13
2358,1.1239228677514118e-13,112.39228677514119,1.3268533949513384e-13
2359,1.1243995101314908e-13,112.43995101314907,1.3759117814277771e-13
2360,1.1248761525115697e-13,112.48761525115697,1.3319851948842554e-13
2361,1.1253527948916486e-13,112.53527948916486,1.3197074184324864e-13
2362,1.1258294372717276e-13,112.58294372717276,1.3617885573531663e-13
2363,1.1263060796518065e-13,112.63060796518064,1.390979616645166e-13
2364,1.1267827220318855e-13,112.67827220318854,1.3632877379071706e-13
2365,1.1272593644119644e-13,112.72593644119644,1.295440127781558e-13
2366,1.1277360067920433e-13,112.77360067920434,1.2501733318275726e-13
2367,1.1282126491721223e-13,112.82126491721223,1.291053987892768e-13
2368,1.1286892915522012e-13,112.86892915522012,1.322248923850064e-13
2369,1.1291659339322802e-13,112.91659339322801,1.280696875589557e-13
2370,1.1296425763123591e-13,112.96425763123591,1.2976795473688268e-13
2371,1.130119218692438e-13,113.0119218692438,1.3476815963111427e-13
2372,1.130595861072517e-13,113.0595861072517,1.35407256154213e-13
2373,1.1310725034525959e-13,113.10725034525959,1.3042777307400305e-13
2374,1.1315491458326749e-13,113.15491458326748,1.2400933687047033e-13
2375,1.1320257882127538e-13,113.20257882127538,1.2179042225678866e-13
2376,1.1325024305928327e-13,113.25024305928328,1.270306830645357e-13
2377,1.1329790729729117e-13,113.29790729729116,1.2861809057032603e-13
2378,1.1334557153529906e-13,113.34557153529906,1.2509078787994315e-13
2379,1.1339323577330696e-13,113.39323577330696,1.2758472392720294e-13
2380,1.1344090001131485e-13,113.44090001131485,1.3286934215633178e-13
2381,1.1348856424932274e-13,113.48856424932275,1.3240514099618211e-13
2382,1.1353622848733064e-13,113.53622848733063,1.2663644004956565e-13
2383,1.1358389272533853e-13,113.58389272533853,1.2091551176117432e-13
2384,1.1363155696334643e-13,113.63155696334643,1.200140383123341e-13
2385,1.1367922120135432e-13,113.67922120135432,1.2562632954304237e-13
2386,1.1372688543936221e-13,113.7268854393622,1.2606002396456373e-13
2387,1.137745496773701e-13,113.7745496773701,1.2326278235955113e-13
2388,1.13822213915378e-13,113.822213915378,1.265508151829936e-13
2389,1.138698781533859e-13,113.8698781533859,1.3185938072760722e-13
2390,1.139175423913938e-13,113.9175423913938,1.3019236567730214e-13
2391,1.1396520662940168e-13,113.96520662940168,1.2464724077117934e-13
2392,1.1401287086740958e-13,114.01287086740957,1.2049928654715714e-13
2393,1.1406053510541747e-13,114.06053510541747,1.2061166410233526e-13
2394,1.1410819934342536e-13,114.10819934342537,1.2482507703252127e-13
2395,1.1415586358143326e-13,114.15586358143327,1.2465885528695209e-13
2396,1.1420352781944115e-13,114.20352781944115,1.25222504891373e-13
2397,1.1425119205744905e-13,114.25119205744905,1.2838140923607244e-13
2398,1.1429885629545694e-13,114.29885629545694,1.3151746401998676e-13
2399,1.1434652053346483e-13,114.34652053346484,1.2880107679198727e-13
2400,1.1439418477147273e-13,114.39418477147272,1.2450073795262223e-13
2401,1.1444184900948062e-13,114.44184900948062,1.226916111025586e-13
2402,1.1448951324748852e-13,114.48951324748852,1.2476258632980464e-13
2403,1.145371774854964e-13,114.53717748549641,1.269928850662974e-13
2404,1.145848417235043e-13,114.58484172350431,1.2618992493735465e-13
2405,1.146325059615122e-13,114.6325059615122,1.28312508188011e-13
2406,1.146801701995201e-13,114.68017019952009,1.3060901101966116e-13
2407,1.1472783443752799e-13,114.72783443752799,1.318314083115571e-13
2408,1.1477549867553588e-13,114.77549867553589,1.2869819955834555e-13
2409,1.1482316291354377e-13,114.82316291354377,1.2731765782706544e-13
2410,1.1487082715155167e-13,114.87082715155167,1.27433545486777e-13
2411,1.1491849138955956e-13,114.91849138955956,1.2904006205585739e-13
2412,1.1496615562756746e-13,114.96615562756746,1.2920549775485152e-13
2413,1.1501381986557535e-13,115.01381986557536,1.2890581072184937e-13
2414,1.1506148410358324e-13,115.06148410358324,1.3090032259088086e-13
2415,1.1510914834159114e-13,115.10914834159114,1.336835779878684e-13
2416,1.1515681257959903e-13,115.15681257959903,1.3412682694103478e-13
2417,1.1520447681760693e-13,115.20447681760693,1.3039578910991473e-13
2418,1.1525214105561482e-13,115.25214105561481,1.3086695626902262e-13
2419,1.1529980529362271e-13,115.29980529362271,1.3187588770568331e-13
2420,1.153474695316306e-13,115.34746953163061,1.3199039300762494e-13
2421,1.153951337696385e-13,115.3951337696385,1.3109824369746809e-13
2422,1.154427980076464e-13,115.4427980076464,1.3409633375493363e-13
2423,1.154904622456543e-13,115.49046224565429,1.3577916460442985e-13
2424,1.1553812648366218e-13,115.53812648366218,1.3787754304158545e-13
2425,1.1558579072167008e-13,115.58579072167008,1.380410000716148e-13
2426,1.1563345495967797e-13,115.63345495967798,1.3447106113079893e-13
2427,1.1568111919768587e-13,115.68111919768586,1.3473685329338375e-13
2428,1.1572878343569376e-13,115.72878343569376,1.3664679739296137e-13
2429,1.1577644767370165e-13,115.77644767370165,1.3673133805736093e-13
2430,1.1582411191170955e-13,115.82411191170955,1.3482776364554666e-13
2431,1.1587177614971744e-13,115.87177614971745,1.3938385222487387e-13
2432,1.1591944038772534e-13,115.91944038772533,1.4139770355015707e-13
2433,1.1596710462573323e-13,115.96710462573323,1.4321283416975084e-13
2434,1.1601476886374112e-13,116.01476886374112,1.4204686960093277e-13
2435,1.1606243310174902e-13,116.06243310174902,1.375885625050366e-13
2436,1.161100973397569e-13,116.11009733975692,1.381705622312268e-13
2437,1.161577615777648e-13,116.1577615777648,1.4047031766939444e-13
2438,1.162054258157727e-13,116.2054258157727,1.4145635888768854e-13
2439,1.162530900537806e-13,116.2530900537806,1.3799063888070284e-13
2440,1.163007542917885e-13,116.3007542917885,1.4284711922444432e-13
2441,1.1634841852979638e-13,116.34841852979638,1.4583354055602848e-13
2442,1.1639608276780428e-13,116.39608276780427,1.4648782946206917e-13
2443,1.1644374700581217e-13,116.44374700581217,1.4326804716538466e-13
2444,1.1649141124382006e-13,116.49141124382007,1.395500333128616e-13
2445,1.1653907548182796e-13,116.53907548182796,1.4035270883873407e-13
2446,1.1658673971983585e-13,116.58673971983585,1.4269884102482977e-13
2447,1.1663440395784375e-13,116.63440395784374,1.433523167792411e-13
2448,1.1668206819585164e-13,116.68206819585164,1.399696466586678e-13
2449,1.1672973243385953e-13,116.72973243385954,1.453204147728454e-13
2450,1.1677739667186743e-13,116.77739667186742,1.4795007937957322e-13
2451,1.1682506090987532e-13,116.82506090987532,1.4647457509051054e-13
2452,1.1687272514788322e-13,116.87272514788322,1.423284504576544e-13
2453,1.169203893858911e-13,116.92038938589111,1.4173192242235289e-13
2454,1.16968053623899e-13,116.96805362389901,1.438436229937029e-13
2455,1.170157178619069e-13,117.0157178619069,1.4490131642307114e-13
2456,1.170633820999148e-13,117.06338209991479,1.431112308736618e-13
2457,1.1711104633792269e-13,117.11104633792269,1.425757705257255e-13
2458,1.1715871057593058e-13,117.15871057593058,1.477175451186294e-13
2459,1.1720637481393847e-13,117.20637481393848,1.498669759255819e-13
2460,1.1725403905194637e-13,117.25403905194636,1.4626779063116324e-13
2461,1.1730170328995426e-13,117.30170328995426,1.4330775606995194e-13
2462,1.1734936752796216e-13,117.34936752796216,1.4527569143323038e-13
2463,1.1739703176597005e-13,117.39703176597006,1.475174827127515e-13
2464,1.1744469600397794e-13,117.44469600397794,1.473737852673157e-13
2465,1.1749236024198584e-13,117.49236024198584,1.4370071159484216e-13
2466,1.1754002447999373e-13,117.54002447999373,1.4619773761829352e-13
2467,1.1758768871800163e-13,117.58768871800163,1.5018508084298915e-13
2468,1.1763535295600952e-13,117.63535295600953,1.5143471871446879e-13
2469,1.1768301719401741e-13,117.68301719401741,1.4657742521909795e-13
2470,1.177306814320253e-13,117.7306814320253,1.4568938232466938e-13
2471,1.177783456700332e-13,117.7783456700332,1.4895335941240984e-13
2472,1.178260099080411e-13,117.8260099080411,1.4939128222240389e-13
2473,1.17873674146049e-13,117.87367414604898,1.4860141383469389e-13
2474,1.1792133838405688e-13,117.92133838405688,1.4462851760394663e-13
2475,1.1796900262206478e-13,117.96900262206478,1.4842132785384404e-13
2476,1.1801666686007267e-13,118.01666686007268,1.519157521133463e-13
2477,1.1806433109808057e-13,118.06433109808057,1.5206843488428656e-13
2478,1.1811199533608846e-13,118.11199533608846,1.4665823893852958e-13
2479,1.1815965957409635e-13,118.15965957409635,1.4620344323222623e-13
2480,1.1820732381210425e-13,118.20732381210425,1.5006959975909229e-13
2481,1.1825498805011214e-13,118.25498805011215,1.4993769301228227e-13
2482,1.1830265228812004e-13,118.30265228812003,1.4786341096841016e-13
2483,1.1835031652612793e-13,118.35031652612793,1.4475870317980782e-13
2484,1.1839798076413582e-13,118.39798076413582,1.4943025929050474e-13
2485,1.1844564500214372e-13,118.44564500214372,1.5320841925854645e-13
2486,1.184933092401516e-13,118.49330924015162,1.5173924399966565e-13
2487,1.185409734781595e-13,118.5409734781595,1.460759546092691e-13
2488,1.185886377161674e-13,118.5886377161674,1.4512790112459345e-13
2489,1.186363019541753e-13,118.6363019541753,1.4851881118167765e-13
2490,1.186839661921832e-13,118.68396619218319,1.4953272994833178e-13
2491,1.1873163043019108e-13,118.73163043019107,1.4644596570568408e-13
2492,1.1877929466819898e-13,118.77929466819897,1.4458495978166702e-13
2493,1.1882695890620687e-13,118.82695890620687,1.497535141682313e-13
2494,1.1887462314421476e-13,118.87462314421477,1.533940888805846e-13
2495,1.1892228738222266e-13,118.92228738222266,1.507467111208638e-13
2496,1.1896995162023055e-13,118.96995162023055,1.437861196209797e-13
2497,1.1901761585823845e-13,119.01761585823844,1.4259531326988456e-13
2498,1.1906528009624634e-13,119.06528009624634,1.461916389810733e-13
2499,1.1911294433425423e-13,119.11294433425424,1.4768724166790842e-13
2500,1.1916060857226213e-13,119.16060857226213,1.4391612901398787e-13
2501,1.1920827281027002e-13,119.20827281027002,1.4397741354178761e-13
2502,1.1925593704827792e-13,119.25593704827791,1.4964021504120656e-13
2503,1.193036012862858e-13,119.30360128628581,1.515646196872597e-13
2504,1.193512655242937e-13,119.35126552429371,1.4661438296065255e-13
2505,1.193989297623016e-13,119.39892976230159,1.3986275787698788e-13
2506,1.194465940003095e-13,119.44659400030949,1.4029771268353475e-13
2507,1.1949425823831739e-13,119.49425823831739,1.4400081875618614e-13
2508,1.1954192247632528e-13,119.54192247632528,1.4482303702621768e-13
2509,1.1958958671433317e-13,119.58958671433318,1.4009277136788068e-13
2510,1.1963725095234107e-13,119.63725095234106,1.4384450390796805e-13
2511,1.1968491519034896e-13,119.68491519034896,1.4989269862212412e-13
2512,1.1973257942835686e-13,119.73257942835686,1.4920921757258926e-13
2513,1.1978024366636475e-13,119.78024366636475,1.4228406593121828e-13
2514,1.1982790790437264e-13,119.82790790437264,1.3706966334528503e-13
2515,1.1987557214238054e-13,119.87557214238053,1.4002586254131116e-13
2516,1.1992323638038843e-13,119.92323638038843,1.4288341289216827e-13
2517,1.1997090061839633e-13,119.97090061839633,1.4177764864897746e-13
2518,1.2001856485640422e-13,120.01856485640423,1.3699231907280535e-13
2519,1.2006622909441211e-13,120.06622909441211,1.4420520441822682e-13
2520,1.2011389333242e-13,120.11389333242,1.501952181333019e-13
2521,1.201615575704279e-13,120.1615575704279,1.4713690064515478e-13
2522,1.202092218084358e-13,120.2092218084358,1.380413388847937e-13
2523,1.202568860464437e-13,120.2568860464437,1.3473997037462965e-13
2524,1.2030455028445158e-13,120.30455028445158,1.389754603715529e-13
2525,1.2035221452245948e-13,120.35221452245948,1.4150228840222046e-13
2526,1.2039987876046737e-13,120.39987876046737,1.3806664145299408e-13
2527,1.2044754299847527e-13,120.44754299847527,1.350903709642498e-13
2528,1.2049520723648316e-13,120.49520723648315,1.4199074858597949e-13
2529,1.2054287147449105e-13,120.54287147449105,1.47040704807401e-13
2530,1.2059053571249895e-13,120.59053571249895,1.4222114154763266e-13
2531,1.2063819995050684e-13,120.63819995050684,1.3288227126723867e-13
2532,1.2068586418851474e-13,120.68586418851474,1.3152456554421654e-13
2533,1.2073352842652263e-13,120.73352842652262,1.362072753847629e-13
2534,1.2078119266453052e-13,120.78119266453052,1.3756698688180413e-13
2535,1.2082885690253842e-13,120.82885690253842,1.324500947287588e-13
2536,1.208765211405463e-13,120.87652114054632,1.315659820672055e-13
2537,1.209241853785542e-13,120.9241853785542,1.3844094870051754e-13
2538,1.209718496165621e-13,120.9718496165621,1.4172076869250344e-13
2539,1.2101951385457e-13,121.01951385457,1.3521619262636675e-13
2540,1.2106717809257789e-13,121.06717809257789,1.2733282310495309e-13
2541,1.2111484233058578e-13,121.11484233058579,1.2780647037653053e-13
2542,1.2116250656859368e-13,121.16250656859367,1.3296193302186204e-13
2543,1.2121017080660157e-13,121.21017080660157,1.3306325171488081e-13
2544,1.2125783504460946e-13,121.25783504460946,1.276484072523093e-13
2545,1.2130549928261736e-13,121.30549928261736,1.2912465693036557e-13
2546,1.2135316352062525e-13,121.35316352062524,1.3541834212142667e-13
2547,1.2140082775863315e-13,121.40082775863314,1.3614088155422532e-13
2548,1.2144849199664104e-13,121.44849199664104,1.294332615262364e-13
2549,1.2149615623464893e-13,121.49615623464894,1.2332222374365764e-13
2550,1.2154382047265683e-13,121.54382047265683,1.2590426476995903e-13
2551,1.2159148471066472e-13,121.59148471066472,1.3062660219990974e-13
2552,1.2163914894867262e-13,121.63914894867261,1.2965943965194404e-13
2553,1.216868131866805e-13,121.68681318668051,1.2382029266917033e-13
2554,1.217344774246884e-13,121.73447742468841,1.269408162569638e-13
2555,1.217821416626963e-13,121.78214166269629,1.3194558835284698e-13
2556,1.218298059007042e-13,121.82980590070419,1.3149498037743484e-13
2557,1.2187747013871209e-13,121.87747013871208,1.2486074728399604e-13
2558,1.2192513437671998e-13,121.92513437671998,1.193804847728422e-13
2559,1.2197279861472787e-13,121.97279861472788,1.2262825303810398e-13
2560,1.2202046285273577e-13,122.02046285273576,1.2786107350844234e-13
2561,1.2206812709074366e-13,122.06812709074366,1.2642628101095649e-13
2562,1.2211579132875156e-13,122.11579132875156,1.2070234406153652e-13
2563,1.2216345556675945e-13,122.16345556675945,1.235958086093572e-13
2564,1.2221111980476734e-13,122.21111980476735,1.2740282190771418e-13
2565,1.2225878404277524e-13,122.25878404277523,1.2644726032299408e-13
2566,1.2230644828078313e-13,122.30644828078313,1.1974199843473032e-13
2567,1.2235411251879103e-13,122.35411251879103,1.1585978216318432e-13
2568,1.2240177675679892e-13,122.40177675679892,1.193277925472594e-13
2569,1.2244944099480681e-13,122.4494409948068,1.2403321642331933e-13
2570,1.224971052328147e-13,122.4971052328147,1.20928074953848e-13
2571,1.225447694708226e-13,122.5447694708226,1.1750752551987348e-13
2572,1.225924337088305e-13,122.5924337088305,1.209020405491812e-13
2573,1.226400979468384e-13,122.6400979468384,1.2382358593326925e-13
2574,1.2268776218484628e-13,122.68776218484628,1.219601405543641e-13
2575,1.2273542642285418e-13,122.73542642285418,1.1639873906312687e-13
2576,1.2278309066086207e-13,122.78309066086207,1.1439417121894557e-13
2577,1.2283075489886996e-13,122.83075489886997,1.181087156245167e-13
2578,1.2287841913687786e-13,122.87841913687785,1.2101711505726337e-13
2579,1.2292608337488575e-13,122.92608337488575,1.1780581664257855e-13
2580,1.2297374761289365e-13,122.97374761289365,1.1710994858322304e-13
2581,1.2302141185090154e-13,123.02141185090154,1.215745847093011e-13
2582,1.2306907608890943e-13,123.06907608890944,1.220030207502859e-13
2583,1.2311674032691733e-13,123.11674032691732,1.1943226897910553e-13
2584,1.2316440456492522e-13,123.16440456492522,1.1545545606801016e-13
2585,1.2321206880293312e-13,123.21206880293312,1.1469361430645891e-13
2586,1.23259733040941e-13,123.25973304094101,1.1861417067732943e-13
2587,1.233073972789489e-13,123.30739727894891,1.207743215332624e-13
2588,1.233550615169568e-13,123.3550615169568,1.1945318052850734e-13
2589,1.234027257549647e-13,123.40272575496469,1.201223501093654e-13
2590,1.2345038999297259e-13,123.45038999297259,1.2434009984824135e-13
2591,1.2349805423098048e-13,123.49805423098049,1.2108502677084243e-13
2592,1.2354571846898837e-13,123.54571846898837,1.188107500837282e-13
2593,1.2359338270699627e-13,123.59338270699627,1.16005553145275e-13
2594,1.2364104694500416e-13,123.64104694500416,1.1719798579962887e-13
2595,1.2368871118301206e-13,123.68871118301206,1.208069289135999e-13
2596,1.2373637542101995e-13,123.73637542101996,1.2256576233538735e-13
2597,1.2378403965902784e-13,123.78403965902784,1.2292605626983144e-13
2598,1.2383170389703574e-13,123.83170389703574,1.2568182714174647e-13
2599,1.2387936813504363e-13,123.87936813504363,1.286562002766889e-13
2600,1.2392703237305153e-13,123.92703237305153,1.2246377956853793e-13
2601,1.2397469661105942e-13,123.97469661105941,1.2119377224874273e-13
2602,1.2402236084906731e-13,124.02236084906731,1.1917836238283658e-13
2603,1.240700250870752e-13,124.07002508707521,1.2176854847795876e-13
2604,1.241176893250831e-13,124.1176893250831,1.240225776895018e-13
2605,1.24165353563091e-13,124.165353563091,1.2626804170388223e-13
2606,1.242130178010989e-13,124.21301780109889,1.2894378490294067e-13
2607,1.2426068203910678e-13,124.26068203910678,1.3289590510955768e-13
2608,1.2430834627711468e-13,124.30834627711468,1.3378885401881674e-13
2609,1.2435601051512257e-13,124.35601051512258,1.264020897499829e-13
2610,1.2440367475313047e-13,124.40367475313046,1.2558156554584587e-13
2611,1.2445133899113836e-13,124.45133899113836,1.2528201403811529e-13
2612,1.2449900322914625e-13,124.49900322914625,1.2806783086273532e-13
2613,1.2454666746715415e-13,124.54666746715415,1.2846534003674998e-13
2614,1.2459433170516204e-13,124.59433170516205,1.3050061790746692e-13
2615,1.2464199594316994e-13,124.64199594316993,1.3505638122614239e-13
2616,1.2468966018117783e-13,124.68966018117783,1.3978849002817262e-13
2617,1.2473732441918572e-13,124.73732441918573,1.391466152370069e-13
2618,1.2478498865719362e-13,124.78498865719362,1.3061062377039273e-13
2619,1.248326528952015e-13,124.8326528952015,1.2879022121773526e-13
2620,1.248803171332094e-13,124.8803171332094,1.3023687217648267e-13
2621,1.249279813712173e-13,124.9279813712173,1.3330565221559426e-13
2622,1.249756456092252e-13,124.9756456092252,1.3225175349382973e-13
2623,1.250233098472331e-13,125.0233098472331,1.339378369498434e-13
2624,1.2507097408524098e-13,125.07097408524098,1.3890588169713364e-13
2625,1.2511863832324888e-13,125.11863832324887,1.440413408123828e-13
2626,1.2516630256125677e-13,125.16630256125677,1.4197071795084282e-13
2627,1.2521396679926466e-13,125.21396679926467,1.3255080355805554e-13
2628,1.2526163103727256e-13,125.26163103727256,1.3148594084182175e-13
2629,1.2530929527528045e-13,125.30929527528045,1.334492141357585e-13
2630,1.2535695951328835e-13,125.35695951328834,1.3686294664857351e-13
2631,1.2540462375129624e-13,125.40462375129624,1.3425053440891538e-13
2632,1.2545228798930413e-13,125.45228798930414,1.3730600586635971e-13
2633,1.2549995222731203e-13,125.49995222731202,1.4215295878351047e-13
2634,1.2554761646531992e-13,125.54761646531992,1.4754632249053962e-13
2635,1.2559528070332782e-13,125.59528070332782,1.441001994378216e-13
2636,1.256429449413357e-13,125.64294494133571,1.3543131188991503e-13
2637,1.256906091793436e-13,125.69060917934361,1.350254001490636e-13
2638,1.257382734173515e-13,125.7382734173515,1.3774997310346537e-13
2639,1.257859376553594e-13,125.78593765535939,1.4097018908101888e-13
2640,1.2583360189336729e-13,125.83360189336729,1.3771053524944121e-13
2641,1.2588126613137518e-13,125.88126613137518,1.4121871532400687e-13
2642,1.2592893036938307e-13,125.92893036938307,1.4594000920936656e-13
2643,1.2597659460739097e-13,125.97659460739096,1.5209521467794695e-13
2644,1.2602425884539886e-13,126.02425884539886,1.4696292685405232e-13
2645,1.2607192308340676e-13,126.07192308340676,1.4020383432792466e-13
2646,1.2611958732141465e-13,126.11958732141466,1.4024007378553999e-13
2647,1.2616725155942254e-13,126.16725155942254,1.431066907770645e-13
2648,1.2621491579743044e-13,126.21491579743044,1.4540838422661545e-13
2649,1.2626258003543833e-13,126.26258003543833,1.4119418524985439e-13
2650,1.2631024427344623e-13,126.31024427344623,1.4438802800956219e-13
2651,1.2635790851145412e-13,126.35790851145413,1.490409222903652e-13
2652,1.2640557274946201e-13,126.40557274946201,1.542310929577434e-13
2653,1.264532369874699e-13,126.45323698746991,1.4794479389398235e-13
2654,1.265009012254778e-13,126.5009012254778,1.4423428814150374e-13
2655,1.265485654634857e-13,126.5485654634857,1.4449480837102485e-13
2656,1.265962297014936e-13,126.59622970149358,1.4595430712551621e-13
2657,1.2664389393950148e-13,126.64389393950148,1.464941178346696e-13
2658,1.2669155817750938e-13,126.69155817750938,1.4282199283909697e-13
2659,1.2673922241551727e-13,126.73922241551728,1.4573348224803523e-13
2660,1.2678688665352517e-13,126.78688665352517,1.4985925098510294e-13
2661,1.2683455089153306e-13,126.83455089153306,1.5292777352619857e-13
2662,1.2688221512954095e-13,126.88221512954095,1.4662381551955317e-13
2663,1.2692987936754885e-13,126.92987936754885,1.456532512872713e-13
2664,1.2697754360555674e-13,126.97754360555675,1.460104281404695e-13
2665,1.2702520784356464e-13,127.02520784356463,1.4592958731598354e-13
2666,1.2707287208157253e-13,127.07287208157253,1.4421002911789438e-13
2667,1.2712053631958042e-13,127.12053631958042,1.430626992739159e-13
2668,1.2716820055758832e-13,127.16820055758832,1.4593267729217513e-13
2669,1.272158647955962e-13,127.21586479559622,1.4955917092881327e-13
2670,1.272635290336041e-13,127.2635290336041,1.5033448390235765e-13
2671,1.27311193271612e-13,127.311193271612,1.448478381509133e-13
2672,1.273588575096199e-13,127.3588575096199,1.4546168631592027e-13
2673,1.274065217476278e-13,127.40652174762779,1.4647392456920705e-13
2674,1.2745418598563568e-13,127.45418598563568,1.44954970878082e-13
2675,1.2750185022364358e-13,127.50185022364357,1.419697015113061e-13
2676,1.2754951446165147e-13,127.54951446165147,1.432547114786631e-13
2677,1.2759717869965936e-13,127.59717869965937,1.461849440326582e-13
2678,1.2764484293766726e-13,127.64484293766726,1.4932171710051179e-13
2679,1.2769250717567515e-13,127.69250717567515,1.4798394714493623e-13
2680,1.2774017141368305e-13,127.74017141368304,1.4325965815107505e-13
2681,1.2778783565169094e-13,127.78783565169094,1.4497131522583223e-13
2682,1.2783549988969883e-13,127.83549988969884,1.463800055560155e-13
2683,1.2788316412770673e-13,127.88316412770672,1.4355683796655333e-13
2684,1.2793082836571462e-13,127.93082836571462,1.4077020799030393e-13
2685,1.2797849260372252e-13,127.97849260372251,1.4394889902465124e-13
2686,1.280261568417304e-13,128.0261568417304,1.469777397662339e-13
2687,1.280738210797383e-13,128.0738210797383,1.483524268057826e-13
2688,1.281214853177462e-13,128.1214853177462,1.4529939480322634e-13
2689,1.281691495557541e-13,128.1691495557541,1.4113582806792035e-13
2690,1.2821681379376199e-13,128.216813793762,1.4328310402305505e-13
2691,1.2826447803176988e-13,128.26447803176987,1.4500091394514109e-13
2692,1.2831214226977777e-13,128.31214226977778,1.417512618786046e-13
2693,1.2835980650778567e-13,128.35980650778566,1.3981670638971155e-13
2694,1.2840747074579356e-13,128.40747074579357,1.4401229774668733e-13
2695,1.2845513498380146e-13,128.45513498380146,1.464401245664798e-13
2696,1.2850279922180935e-13,128.50279922180934,1.4572270798894615e-13
2697,1.2855046345981724e-13,128.55046345981725,1.4152978647982012e-13
2698,1.2859812769782514e-13,128.59812769782513,1.3796750471684743e-13
2699,1.2864579193583303e-13,128.64579193583302,1.4071392434502478e-13
2700,1.2869345617384093e-13,128.69345617384093,1.4236798317936866e-13
2701,1.2874112041184882e-13,128.7411204118488,1.391264355240715e-13
2702,1.2878878464985671e-13,128.78878464985672,1.385313169515942e-13
2703,1.288364488878646e-13,128.8364488878646,1.4290451417695027e-13
2704,1.288841131258725e-13,128.8841131258725,1.4405215572905333e-13
2705,1.289317773638804e-13,128.9317773638804,1.414146035515207e-13
2706,1.289794416018883e-13,128.97944160188828,1.3632652407120915e-13
2707,1.2902710583989618e-13,129.0271058398962,1.3393194160053051e-13
2708,1.2907477007790408e-13,129.07477007790408,1.3765460396986812e-13
2709,1.2912243431591197e-13,129.12243431591196,1.3930217114370425e-13
2710,1.2917009855391987e-13,129.17009855391987,1.357268925071889e-13
2711,1.2921776279192776e-13,129.21776279192775,1.3628905133362262e-13
2712,1.2926542702993565e-13,129.26542702993567,1.402355336889427e-13
2713,1.2931309126794355e-13,129.31309126794355,1.4060046258767417e-13
2714,1.2936075550595144e-13,129.36075550595143,1.3654371687141231e-13
2715,1.2940841974395934e-13,129.40841974395934,1.3103064369201362e-13
2716,1.2945608398196723e-13,129.45608398196723,1.3045451221008197e-13
2717,1.2950374821997512e-13,129.50374821997514,1.3413505332501852e-13
2718,1.2955141245798302e-13,129.55141245798302,1.3450419705969552e-13
2719,1.295990766959909e-13,129.5990766959909,1.3163526258602731e-13
2720,1.296467409339988e-13,129.6467409339988,1.337387367733936e-13
2721,1.296944051720067e-13,129.6944051720067,1.3750021358050618e-13
2722,1.297420694100146e-13,129.74206941001458,1.3645519176402887e-13
2723,1.2978973364802249e-13,129.7897336480225,1.3157281254089215e-13
2724,1.2983739788603038e-13,129.83739788603037,1.2727264988438014e-13
2725,1.2988506212403828e-13,129.88506212403828,1.2796119957907137e-13
2726,1.2993272636204617e-13,129.93272636204617,1.3075384687737807e-13
2727,1.2998039060005406e-13,129.98039060005405,1.298021342103703e-13
2728,1.3002805483806196e-13,130.02805483806196,1.2828868284527062e-13
2729,1.3007571907606985e-13,130.07571907606984,1.3096309789666777e-13
2730,1.3012338331407775e-13,130.12338331407776,1.3369222450019397e-13
2731,1.3017104755208564e-13,130.17104755208564,1.3126201243562202e-13
2732,1.3021871179009353e-13,130.21871179009352,1.2660781711221203e-13
2733,1.3026637602810143e-13,130.26637602810143,1.2418618379732987e-13
2734,1.3031404026610932e-13,130.31404026610932,1.2579101985304292e-13
2735,1.3036170450411722e-13,130.36170450411723,1.2775598721287418e-13
2736,1.304093687421251e-13,130.4093687421251,1.2610138627744405e-13
2737,1.30457032980133e-13,130.457032980133,1.2481069780120868e-13
2738,1.305046972181409e-13,130.5046972181409,1.268355537785426e-13
2739,1.305523614561488e-13,130.5523614561488,1.2851716490059478e-13
2740,1.3060002569415669e-13,130.6000256941567,1.2535491308168778e-13
2741,1.3064768993216458e-13,130.64768993216458,1.2215920007323244e-13
2742,1.3069535417017247e-13,130.69535417017246,1.206670532808221e-13
2743,1.3074301840818037e-13,130.74301840818038,1.21890141751603e-13
2744,1.3079068264618826e-13,130.79068264618826,1.2353120371240423e-13
2745,1.3083834688419615e-13,130.83834688419614,1.2146777724278413e-13
2746,1.3088601112220405e-13,130.88601112220405,1.203847541401612e-13
2747,1.3093367536021194e-13,130.93367536021194,1.22048096455607e-13
2748,1.3098133959821984e-13,130.98133959821985,1.2290529379822834e-13
2749,1.3102900383622773e-13,131.02900383622773,1.1940359183164329e-13
2750,1.3107666807423562e-13,131.0766680742356,1.1709177464430676e-13
2751,1.3112433231224352e-13,131.12433231224352,1.160802411224321e-13
2752,1.3117199655025141e-13,131.1719965502514,1.175255368284639e-13
2753,1.312196607882593e-13,131.21966078825932,1.1898351769991378e-13
2754,1.312673250262672e-13,131.2673250262672,1.161030093680543e-13
2755,1.313149892642751e-13,131.31498926427508,1.161772907693967e-13
2756,1.31362653502283e-13,131.362653502283,1.1834565445678624e-13
2757,1.3141031774029088e-13,131.41031774029088,1.1843213313256912e-13
2758,1.3145798197829878e-13,131.4579819782988,1.148044333210141e-13
2759,1.3150564621630667e-13,131.50564621630667,1.1238542242013663e-13
2760,1.3155331045431456e-13,131.55331045431456,1.1211849862153428e-13
2761,1.3160097469232246e-13,131.60097469232247,1.147249341967166e-13
2762,1.3164863893033035e-13,131.64863893033035,1.1541059720312358e-13
2763,1.3169630316833825e-13,131.69630316833826,1.1285497682851295e-13
2764,1.3174396740634614e-13,131.74396740634614,1.141983643065947e-13
2765,1.3179163164435403e-13,131.79163164435403,1.1641001476572072e-13
2766,1.3183929588236193e-13,131.83929588236194,1.155026459675676e-13
2767,1.3188696012036982e-13,131.88696012036982,1.1231974687353832e-13
2768,1.3193462435837772e-13,131.9346243583777,1.0944152891876821e-13
2769,1.319822885963856e-13,131.98228859638562,1.109025929901461e-13
2770,1.320299528343935e-13,132.0299528343935,1.149120945967419e-13
2771,1.320776170724014e-13,132.0776170724014,1.145845029103254e-13
2772,1.321252813104093e-13,132.1252813104093,1.1272109818900172e-13
2773,1.3217294554841719e-13,132.17294554841718,1.1493465955445675e-13
2774,1.3222060978642508e-13,132.2206097864251,1.163565229410357e-13
2775,1.3226827402443297e-13,132.26827402443297,1.150362628505458e-13
2776,1.3231593826244087e-13,132.31593826244088,1.1208822227586762e-13
2777,1.3236360250044876e-13,132.36360250044876,1.0928945601154996e-13
2778,1.3241126673845666e-13,132.41126673845665,1.1250244171586571e-13
2779,1.3245893097646455e-13,132.45893097646456,1.166796151884364e-13
2780,1.3250659521447244e-13,132.50659521447244,1.1601682884786885e-13
2781,1.3255425945248034e-13,132.55425945248035,1.1596954408062132e-13
2782,1.3260192369048823e-13,132.60192369048823,1.1862142127935793e-13
2783,1.3264958792849613e-13,132.64958792849612,1.1820054754852621e-13
2784,1.3269725216650402e-13,132.69725216650403,1.162334388894043e-13
2785,1.3274491640451191e-13,132.7449164045119,1.1275069690831058e-13
2786,1.327925806425198e-13,132.7925806425198,1.1176715613127677e-13
2787,1.328402448805277e-13,132.8402448805277,1.1640570506208509e-13
2788,1.328879091185356e-13,132.8879091185356,1.194829283256149e-13
2789,1.329355733565435e-13,132.9355733565435,1.1890447936153958e-13
2790,1.3298323759455138e-13,132.98323759455138,1.2072496322936e-13
2791,1.3303090183255928e-13,133.03090183255927,1.2255387676907148e-13
2792,1.3307856607056717e-13,133.07856607056718,1.1993260117665328e-13
2793,1.3312623030857507e-13,133.12623030857506,1.1753486096714727e-13
2794,1.3317389454658296e-13,133.17389454658297,1.1405440936314293e-13
2795,1.3322155878459085e-13,133.22155878459085,1.1556613955729378e-13
2796,1.3326922302259875e-13,133.26922302259874,1.206123281761659e-13
2797,1.3331688726060664e-13,133.31688726060665,1.2255555728243883e-13
2798,1.3336455149861454e-13,133.36455149861453,1.2252685302992228e-13
2799,1.3341221573662243e-13,133.41221573662244,1.2553634076272607e-13
2800,1.3345987997463032e-13,133.45987997463033,1.256676240932869e-13
2801,1.3350754421263822e-13,133.5075442126382,1.2165360949514814e-13
2802,1.335552084506461e-13,133.55520845064612,1.1909932404446238e-13
2803,1.33602872688654e-13,133.602872688654,1.172715218119777e-13
2804,1.336505369266619e-13,133.6505369266619,1.199091824097276e-13
2805,1.336982011646698e-13,133.6982011646698,1.2437411669140308e-13
2806,1.337458654026777e-13,133.74586540267768,1.254240716277652e-13
2807,1.3379352964068558e-13,133.7935296406856,1.27481480775328e-13
2808,1.3384119387869348e-13,133.84119387869347,1.30820010314954e-13
2809,1.3388885811670137e-13,133.88885811670136,1.2948854228450601e-13
2810,1.3393652235470926e-13,133.93652235470927,1.248926905905029e-13
2811,1.3398418659271716e-13,133.98418659271715,1.227590213726329e-13
2812,1.3403185083072505e-13,134.03185083072506,1.2314766719388748e-13
2813,1.3407951506873295e-13,134.07951506873295,1.254128094776985e-13
2814,1.3412717930674084e-13,134.12717930674083,1.2895226878494037e-13
2815,1.3417484354474873e-13,134.17484354474874,1.2962248191038944e-13
2816,1.3422250778275663e-13,134.22250778275662,1.3365293572396852e-13
2817,1.3427017202076452e-13,134.27017202076453,1.3701885492097693e-13
2818,1.3431783625877242e-13,134.31783625877242,1.3431690113439865e-13
2819,1.343655004967803e-13,134.3655004967803,1.3011038644053508e-13
2820,1.344131647347882e-13,134.4131647347882,1.289915304561115e-13
2821,1.344608289727961e-13,134.4608289727961,1.3029132623059575e-13
2822,1.34508493210804e-13,134.508493210804,1.3123981339614038e-13
2823,1.3455615744881189e-13,134.5561574488119,1.3377272651150102e-13
2824,1.3460382168681978e-13,134.60382168681977,1.3490554159889534e-13
2825,1.3465148592482767e-13,134.65148592482768,1.3961760621326175e-13
2826,1.3469915016283557e-13,134.69915016283556,1.4246012681150277e-13
2827,1.3474681440084346e-13,134.74681440084345,1.3813104306203972e-13
2828,1.3479447863885136e-13,134.79447863885136,1.3453303683748363e-13
2829,1.3484214287685925e-13,134.84214287685924,1.343932696249231e-13
2830,1.3488980711486714e-13,134.88980711486715,1.355571877621406e-13
2831,1.3493747135287504e-13,134.93747135287504,1.350530744095163e-13
2832,1.3498513559088293e-13,134.98513559088292,1.36980392848908e-13
2833,1.3503279982889083e-13,135.03279982889083,1.387360956369224e-13
2834,1.3508046406689872e-13,135.0804640668987,1.4354825921686354e-13
2835,1.3512812830490661e-13,135.12812830490662,1.4503356198306006e-13
2836,1.351757925429145e-13,135.1757925429145,1.3886565779653443e-13
2837,1.352234567809224e-13,135.2234567809224,1.366015048472058e-13
2838,1.352711210189303e-13,135.2711210189303,1.3743196305374822e-13
2839,1.353187852569382e-13,135.31878525693818,1.3755604999238918e-13
2840,1.3536644949494608e-13,135.3664494949461,1.3586195699282627e-13
2841,1.3541411373295398e-13,135.41411373295398,1.380423282192761e-13
2842,1.3546177797096187e-13,135.46177797096186,1.4085138762796878e-13
2843,1.3550944220896977e-13,135.50944220896977,1.4535718277901982e-13
2844,1.3555710644697766e-13,135.55710644697766,1.4565354944286873e-13
2845,1.3560477068498555e-13,135.60477068498557,1.383941924818291e-13
2846,1.3565243492299345e-13,135.65243492299345,1.376977958739145e-13
2847,1.3570009916100134e-13,135.70009916100133,1.392115182895573e-13
2848,1.3574776339900924e-13,135.74776339900924,1.3782487792105697e-13
2849,1.3579542763701713e-13,135.79542763701713,1.3540820483111393e-13
2850,1.3584309187502502e-13,135.843091875025,1.3833620121812829e-13
2851,1.3589075611303292e-13,135.89075611303292,1.4227174668403342e-13
2852,1.359384203510408e-13,135.9384203510408,1.457560743108044e-13
2853,1.359860845890487e-13,135.98608458904872,1.4552669778868793e-13
2854,1.360337488270566e-13,136.0337488270566,1.3814368756987633e-13
2855,1.360814130650645e-13,136.08141306506448,1.386322561738526e-13
2856,1.361290773030724e-13,136.1290773030724,1.3971737991818473e-13
2857,1.3617674154108028e-13,136.17674154108028,1.373278796451896e-13
2858,1.3622440577908818e-13,136.2244057790882,1.3502347569020745e-13
2859,1.3627207001709607e-13,136.27207001709607,1.383755306519352e-13
2860,1.3631973425510396e-13,136.31973425510395,1.4254941086040696e-13
2861,1.3636739849311186e-13,136.36739849311186,1.445946227335293e-13
2862,1.3641506273111975e-13,136.41506273111975,1.435197989098358e-13
2863,1.3646272696912765e-13,136.46272696912766,1.3706954137254063e-13
2864,1.3651039120713554e-13,136.51039120713554,1.3768424334675844e-13
2865,1.3655805544514343e-13,136.55805544514342,1.3785622491636895e-13
2866,1.3660571968315133e-13,136.60571968315134,1.3533447908338492e-13
2867,1.3665338392115922e-13,136.65338392115922,1.3388383012912647e-13
2868,1.3670104815916712e-13,136.70104815916713,1.3777509948881272e-13
2869,1.36748712397175e-13,136.748712397175,1.4109599719060867e-13
2870,1.367963766351829e-13,136.7963766351829,1.420753299079605e-13
2871,1.368440408731908e-13,136.8440408731908,1.3977511368386958e-13
2872,1.368917051111987e-13,136.8917051111987,1.351858485180643e-13
2873,1.3693936934920659e-13,136.93936934920657,1.3551334533679071e-13
2874,1.3698703358721448e-13,136.98703358721448,1.3447855567831624e-13
2875,1.3703469782522237e-13,137.03469782522237,1.3257193194789185e-13
2876,1.3708236206323027e-13,137.08236206323028,1.3186634672656544e-13
2877,1.3713002630123816e-13,137.13002630123816,1.357904403070237e-13
2878,1.3717769053924606e-13,137.17769053924604,1.3805800849319566e-13
2879,1.3722535477725395e-13,137.22535477725395,1.3839084500762155e-13
2880,1.3727301901526184e-13,137.27301901526184,1.3574315553977617e-13
2881,1.3732068325326974e-13,137.32068325326975,1.3295412676622015e-13
2882,1.3736834749127763e-13,137.36834749127763,1.3287305554877255e-13
2883,1.3741601172928553e-13,137.41601172928551,1.3096147159340904e-13
2884,1.3746367596729342e-13,137.46367596729343,1.2935055045300292e-13
2885,1.3751134020530131e-13,137.5113402053013,1.297194231371368e-13
2886,1.375590044433092e-13,137.55900444330922,1.3339310667333237e-13
2887,1.376066686813171e-13,137.6066686813171,1.345505060449878e-13
2888,1.37654332919325e-13,137.654332919325,1.3427854748254697e-13
2889,1.377019971573329e-13,137.7019971573329,1.3136934845069809e-13
2890,1.3774966139534078e-13,137.74966139534078,1.304937467761988e-13
2891,1.3779732563334868e-13,137.7973256333487,1.2997686694299349e-13
2892,1.3784498987135657e-13,137.84498987135657,1.2759449529928246e-13
2893,1.3789265410936447e-13,137.89265410936446,1.2606334433371696e-13
2894,1.3794031834737236e-13,137.94031834737237,1.2832934042673882e-13
2895,1.3798798258538025e-13,137.98798258538025,1.3145925591585145e-13
2896,1.3803564682338815e-13,138.03564682338813,1.3107220929280128e-13
2897,1.3808331106139604e-13,138.08331106139605,1.2968663957394627e-13
2898,1.3813097529940394e-13,138.13097529940393,1.270764906063232e-13
2899,1.3817863953741183e-13,138.17863953741184,1.2832333665720869e-13
2900,1.3822630377541972e-13,138.22630377541972,1.2785120726867272e-13
2901,1.3827396801342762e-13,138.2739680134276,1.248169861738091e-13
2902,1.383216322514355e-13,138.32163225143552,1.2381306917219614e-13
2903,1.383692964894434e-13,138.3692964894434,1.2702852821271787e-13
2904,1.384169607274513e-13,138.4169607274513,1.2997003646930683e-13
2905,1.384646249654592e-13,138.4646249654592,1.2815719622680244e-13
2906,1.3851228920346709e-13,138.51228920346708,1.25458007155764e-13
2907,1.3855995344147498e-13,138.559953441475,1.2399490342904912e-13
2908,1.3860761767948288e-13,138.60761767948287,1.262974777928652e-13
2909,1.3865528191749077e-13,138.65528191749078,1.2580844840296562e-13
2910,1.3870294615549866e-13,138.70294615549867,1.228598386221469e-13
2911,1.3875061039350656e-13,138.75061039350655,1.2270585480859963e-13
2912,1.3879827463151445e-13,138.79827463151446,1.2554042007340005e-13
2913,1.3884593886952235e-13,138.84593886952234,1.2791453822807303e-13
2914,1.3889360310753024e-13,138.89360310753023,1.2538819808838308e-13
2915,1.3894126734553813e-13,138.94126734553814,1.2159175576120784e-13
2916,1.3898893158354603e-13,138.98893158354602,1.2114434618220454e-13
2917,1.3903659582155392e-13,139.03659582155393,1.2299666493631456e-13
2918,1.3908426005956182e-13,139.0842600595618,1.225230176647371e-13
2919,1.391319242975697e-13,139.1319242975697,1.2065604862877138e-13
2920,1.391795885355776e-13,139.1795885355776,1.2122309991750846e-13
2921,1.392272527735855e-13,139.2272527735855,1.2315985091580078e-13
2922,1.392749170115934e-13,139.2749170115934,1.2385509555890711e-13
2923,1.3932258124960128e-13,139.32258124960128,1.208875393451242e-13
2924,1.3937024548760918e-13,139.37024548760917,1.1672601904141877e-13
2925,1.3941790972561707e-13,139.41790972561708,1.1693907832083933e-13
2926,1.3946557396362497e-13,139.46557396362496,1.1810302356311114e-13
2927,1.3951323820163286e-13,139.51323820163287,1.1728094081835116e-13
2928,1.3956090243964075e-13,139.56090243964076,1.1681428665078625e-13
2929,1.3960856667764865e-13,139.60856667764864,1.1741471781390872e-13
2930,1.3965623091565654e-13,139.65623091565655,1.1920671426964707e-13
2931,1.3970389515366444e-13,139.70389515366443,1.1873392080728046e-13
2932,1.3975155939167233e-13,139.75155939167234,1.158031461521991e-13
2933,1.3979922362968022e-13,139.79922362968023,1.1198101500979954e-13
2934,1.3984688786768812e-13,139.8468878676881,1.1226544867348753e-13
2935,1.3989455210569601e-13,139.89455210569602,1.1317026959653531e-13
2936,1.399422163437039e-13,139.9422163437039,1.1251060033721366e-13
2937,1.399898805817118e-13,139.9898805817118,1.1269433872413206e-13
2938,1.400375448197197e-13,140.0375448197197,1.1317294622064863e-13
2939,1.400852090577276e-13,140.08520905772758,1.1558442191642732e-13
2940,1.4013287329573548e-13,140.1328732957355,1.1499494119524695e-13
2941,1.4018053753374338e-13,140.18053753374338,1.1229165926100737e-13
2942,1.4022820177175127e-13,140.22820177175126,1.0899448525799812e-13
2943,1.4027586600975916e-13,140.27586600975917,1.0926671487098208e-13
2944,1.4032353024776706e-13,140.32353024776705,1.105201203450111e-13
2945,1.4037119448577495e-13,140.37119448577496,1.1057793542585889e-13
2946,1.4041885872378285e-13,140.41885872378285,1.1029001198642821e-13
2947,1.4046652296179074e-13,140.46652296179073,1.1116159533662573e-13
2948,1.4051418719979863e-13,140.51418719979864,1.1409700495599445e-13
2949,1.4056185143780653e-13,140.56185143780652,1.1352676204711212e-13
2950,1.4060951567581442e-13,140.60951567581444,1.1045455999489362e-13
2951,1.4065717991382232e-13,140.65717991382232,1.0713609497172219e-13
2952,1.407048441518302e-13,140.7048441518302,1.0837318320305531e-13
2953,1.407525083898381e-13,140.7525083898381,1.1046067218464101e-13
2954,1.40800172627846e-13,140.800172627846,1.1087768344523324e-13
2955,1.408478368658539e-13,140.84783686585388,1.0950641164252789e-13
2956,1.4089550110386179e-13,140.8955011038618,1.1101850097864838e-13
2957,1.4094316534186968e-13,140.94316534186967,1.1437881620567775e-13
2958,1.4099082957987757e-13,140.99082957987758,1.1337216836984285e-13
2959,1.4103849381788547e-13,141.03849381788547,1.0955413009064441e-13
2960,1.4108615805589336e-13,141.08615805589335,1.0597051664992807e-13
2961,1.4113382229390126e-13,141.13382229390126,1.0852037042423379e-13
2962,1.4118148653190915e-13,141.18148653190914,1.1200515883692808e-13
2963,1.4122915076991704e-13,141.22915076991706,1.1179877417713188e-13
2964,1.4127681500792494e-13,141.27681500792494,1.1018146302017168e-13
2965,1.4132447924593283e-13,141.32447924593282,1.1218003387108641e-13
2966,1.4137214348394073e-13,141.37214348394073,1.1558211798681078e-13
2967,1.4141980772194862e-13,141.41980772194862,1.1435641387828877e-13
2968,1.4146747195995651e-13,141.46747195995653,1.0960813013509776e-13
2969,1.415151361979644e-13,141.5151361979644,1.0629252469515627e-13
2970,1.415628004359723e-13,141.5628004359723,1.1000207499447037e-13
2971,1.416104646739802e-13,141.6104646739802,1.1468746145913006e-13
2972,1.416581289119881e-13,141.6581289119881,1.135757883140992e-13
2973,1.4170579314999598e-13,141.705793149996,1.1195863301120129e-13
2974,1.4175345738800388e-13,141.75345738800388,1.1525203263539757e-13
2975,1.4180112162601177e-13,141.80112162601176,1.174133083510845e-13
2976,1.4184878586401967e-13,141.84878586401967,1.159302146468144e-13
2977,1.4189645010202756e-13,141.89645010202756,1.1111075303099974e-13
2978,1.4194411434003545e-13,141.94411434003544,1.0909201601967677e-13
2979,1.4199177857804335e-13,141.99177857804335,1.139228414295118e-13
2980,1.4203944281605124e-13,142.03944281605123,1.1804878634943256e-13
2981,1.4208710705405914e-13,142.08710705405915,1.158193143170963e-13
2982,1.4213477129206703e-13,142.13477129206703,1.15084821555346e-13
2983,1.4218243553007492e-13,142.1824355300749,1.1926490882125523e-13
2984,1.4223009976808282e-13,142.23009976808282,1.200873981418299e-13
2985,1.422777640060907e-13,142.2777640060907,1.1760526634572305e-13
2986,1.423254282440986e-13,142.32542824409862,1.1377303179432863e-13
2987,1.423730924821065e-13,142.3730924821065,1.1375739217799052e-13
2988,1.424207567201144e-13,142.42075672011438,1.1963540780864784e-13
2989,1.424684209581223e-13,142.4684209581223,1.2254161173199524e-13
2990,1.4251608519613018e-13,142.51608519613018,1.1947695166113909e-13
2991,1.4256374943413808e-13,142.5637494341381,1.203557246269929e-13
2992,1.4261141367214597e-13,142.61141367214597,1.2410233431181528e-13
2993,1.4265907791015386e-13,142.65907791015385,1.2408538010034303e-13
2994,1.4270674214816176e-13,142.70674214816177,1.2102349829755388e-13
2995,1.4275440638616965e-13,142.75440638616965,1.1710432428445328e-13
2996,1.4280207062417755e-13,142.80207062417756,1.1905667424150224e-13
2997,1.4284973486218544e-13,142.84973486218544,1.2574097037025556e-13
2998,1.4289739910019333e-13,142.89739910019333,1.2731543521261185e-13
2999,1.4294506333820123e-13,142.94506333820124,1.2454842929568444e-13
3000,1.4299272757620912e-13,142.99272757620912,1.264855733172643e-13
3001,1.4304039181421702e-13,143.040391814217,1.2876899796020885e-13
3002,1.430880560522249e-13,143.0880560522249,1.2850373434618312e-13
3003,1.431357202902328e-13,143.1357202902328,1.2565426130151103e-13
3004,1.431833845282407e-13,143.1833845282407,1.2085654471551827e-13
3005,1.432310487662486e-13,143.2310487662486,1.244760045905624e-13
3006,1.4327871300425649e-13,143.27871300425647,1.3087861144237684e-13
3007,1.4332637724226438e-13,143.32637724226439,1.3175871255589194e-13
3008,1.4337404148027227e-13,143.37404148027227,1.2989790991978223e-13
3009,1.4342170571828017e-13,143.42170571828018,1.316458471097362e-13
3010,1.4346936995628806e-13,143.46936995628806,1.327233272287523e-13
3011,1.4351703419429596e-13,143.51703419429595,1.3272256828723156e-13
3012,1.4356469843230385e-13,143.56469843230386,1.2976840197027883e-13
3013,1.4361236267031174e-13,143.61236267031174,1.2458340836827425e-13
3014,1.4366002690831964e-13,143.66002690831965,1.2907619309325546e-13
3015,1.4370769114632753e-13,143.70769114632753,1.3495999565300842e-13
3016,1.4375535538433543e-13,143.75535538433542,1.35645536686671e-13
3017,1.4380301962234332e-13,143.80301962234333,1.350003550788792e-13
3018,1.4385068386035121e-13,143.8506838603512,1.3595767849212959e-13
3019,1.438983480983591e-13,143.89834809835912,1.3614700729649987e-13
3020,1.43946012336367e-13,143.946012336367,1.3645990804347918e-13
3021,1.439936765743749e-13,143.9936765743749,1.3312376374863266e-13
3022,1.440413408123828e-13,144.0413408123828,1.2847988189838844e-13
3023,1.4408900505039068e-13,144.08900505039068,1.3303485917048885e-13
3024,1.4413666928839858e-13,144.13666928839856,1.3873610918944956e-13
3025,1.4418433352640647e-13,144.18433352640648,1.3934887315228406e-13
3026,1.4423199776441437e-13,144.23199776441436,1.3945620916736012e-13
3027,1.4427966200242226e-13,144.27966200242227,1.395062857552018e-13
3028,1.4432732624043015e-13,144.32732624043015,1.3944292769074718e-13
3029,1.4437499047843805e-13,144.37499047843804,1.404669973002412e-13
3030,1.4442265471644594e-13,144.42265471644595,1.3650810083004616e-13
3031,1.4447031895445384e-13,144.47031895445383,1.3225575148934077e-13
3032,1.4451798319246173e-13,144.51798319246174,1.36537089685633e-13
3033,1.4456564743046962e-13,144.56564743046962,1.4249162288461348e-13
3034,1.4461331166847752e-13,144.6133116684775,1.42830680009004e-13
3035,1.446609759064854e-13,144.66097590648542,1.4279220438440793e-13
3036,1.447086401444933e-13,144.7086401444933,1.4161298544403123e-13
3037,1.447563043825012e-13,144.7563043825012,1.4172520036888347e-13
3038,1.448039686205091e-13,144.8039686205091,1.429130522690586e-13
3039,1.44851632858517e-13,144.85163285851698,1.387975834526295e-13
3040,1.4489929709652488e-13,144.8992970965249,1.3464659346252433e-13
3041,1.4494696133453278e-13,144.94696133453277,1.386523410190979e-13
3042,1.4499462557254067e-13,144.99462557254066,1.446080126303595e-13
3043,1.4504228981054856e-13,145.04228981054857,1.441931155640036e-13
3044,1.4508995404855646e-13,145.08995404855645,1.4353221302471075e-13
3045,1.4513761828656435e-13,145.13761828656436,1.4119753272406194e-13
3046,1.4518528252457225e-13,145.18528252457224,1.4167405313139647e-13
3047,1.4523294676258014e-13,145.23294676258013,1.4261653652741096e-13
3048,1.4528061100058803e-13,145.28061100058804,1.3859578632327563e-13
3049,1.4532827523859593e-13,145.32827523859592,1.3428444283185986e-13
3050,1.4537593947660382e-13,145.37593947660383,1.3841883097619884e-13
3051,1.4542360371461172e-13,145.42360371461172,1.438056488126116e-13
3052,1.454712679526196e-13,145.4712679526196,1.428275629277581e-13
3053,1.455189321906275e-13,145.5189321906275,1.4200435532324418e-13
3054,1.455665964286354e-13,145.5665964286354,1.3903471202027923e-13
3055,1.456142606666433e-13,145.6142606666433,1.3958719434232353e-13
3056,1.4566192490465119e-13,145.6619249046512,1.4048244718119912e-13
3057,1.4570958914265908e-13,145.70958914265907,1.3611468451923264e-13
3058,1.4575725338066697e-13,145.75725338066698,1.3219807193376454e-13
3059,1.4580491761867487e-13,145.80491761867486,1.3627765365828437e-13
3060,1.4585258185668276e-13,145.85258185668278,1.4109376102362792e-13
3061,1.4590024609469066e-13,145.90024609469066,1.401219499588477e-13
3062,1.4594791033269855e-13,145.94791033269854,1.3909198500004077e-13
3063,1.4599557457070644e-13,145.99557457070645,1.3603770616498617e-13
3064,1.4604323880871434e-13,146.04323880871434,1.3701141458356825e-13
3065,1.4609090304672223e-13,146.09090304672222,1.3785240310371094e-13
3066,1.4613856728473013e-13,146.13856728473013,1.3304743591568968e-13
3067,1.4618623152273802e-13,146.186231522738,1.2947314661365672e-13
3068,1.4623389576074591e-13,146.23389576074592,1.3355279610081233e-13
3069,1.462815599987538e-13,146.2815599987538,1.3765259819584902e-13
3070,1.463292242367617e-13,146.3292242367617,1.3704242276570133e-13
3071,1.463768884747696e-13,146.3768884747696,1.3533958838612276e-13
3072,1.464245527127775e-13,146.42455271277748,1.3219280000070083e-13
3073,1.4647221695078538e-13,146.4722169507854,1.3411946791878904e-13
3074,1.4651988118879328e-13,146.51988118879328,1.3492371553781163e-13
3075,1.4656754542680117e-13,146.56754542680116,1.298024052609134e-13
3076,1.4661520966480907e-13,146.61520966480907,1.267402659601083e-13
3077,1.4666287390281696e-13,146.66287390281695,1.3053013531161284e-13
3078,1.4671053814082485e-13,146.71053814082487,1.338360032607927e-13
3079,1.4675820237883275e-13,146.75820237883275,1.3340852944923598e-13
3080,1.4680586661684064e-13,146.80586661684063,1.308755079136581e-13
3081,1.4685353085484854e-13,146.85353085484854,1.276761763804521e-13
3082,1.4690119509285643e-13,146.90119509285643,1.3035854676528985e-13
3083,1.4694885933086432e-13,146.9488593308643,1.3122073143790464e-13
3084,1.4699652356887222e-13,146.99652356887222,1.2609729341424292e-13
3085,1.470441878068801e-13,147.0441878068801,1.241680640685222e-13
3086,1.47091852044888e-13,147.09185204488801,1.2765518351588734e-13
3087,1.471395162828959e-13,147.1395162828959,1.3040894861378327e-13
3088,1.471871805209038e-13,147.18718052090378,1.2976758881864947e-13
3089,1.4723484475891169e-13,147.2348447589117,1.269498557925769e-13
3090,1.4728250899691958e-13,147.28250899691957,1.236759853600125e-13
3091,1.4733017323492748e-13,147.33017323492749,1.2615985187959533e-13
3092,1.4737783747293537e-13,147.37783747293537,1.2670374189942268e-13
3093,1.4742550171094326e-13,147.42550171094325,1.226728544049746e-13
3094,1.4747316594895116e-13,147.47316594895116,1.2202550439283782e-13
3095,1.4752083018695905e-13,147.52083018695905,1.247308192061508e-13
3096,1.4756849442496695e-13,147.56849442496696,1.26755349922833e-13
3097,1.4761615866297484e-13,147.61615866297484,1.2620929149866067e-13
3098,1.4766382290098273e-13,147.66382290098272,1.2318618347606503e-13
3099,1.4771148713899063e-13,147.71148713899063,1.2030780289096904e-13
3100,1.4775915137699852e-13,147.75915137699852,1.2142413810534158e-13
3101,1.4780681561500641e-13,147.80681561500643,1.2192848185092753e-13
3102,1.478544798530143e-13,147.8544798530143,1.190292574790655e-13
3103,1.479021440910222e-13,147.9021440910222,1.195981519114958e-13
3104,1.479498083290301e-13,147.9498083290301,1.209117848162064e-13
3105,1.47997472567038e-13,147.997472567038,1.2210569469602028e-13
3106,1.4804513680504588e-13,148.04513680504587,1.2130146062952485e-13
3107,1.4809280104305378e-13,148.09280104305378,1.1864721173853593e-13
3108,1.4814046528106167e-13,148.14046528106167,1.160469561157368e-13
3109,1.4818812951906957e-13,148.18812951906958,1.1601852291376336e-13
3110,1.4823579375707746e-13,148.23579375707746,1.1713571193734673e-13
3111,1.4828345799508535e-13,148.28345799508534,1.1509292596658532e-13
3112,1.4833112223309325e-13,148.33112223309325,1.1630823528677864e-13
3113,1.4837878647110114e-13,148.37878647110114,1.16924807509744e-13
3114,1.4842645070910904e-13,148.42645070910905,1.1786757550882876e-13
3115,1.4847411494711693e-13,148.47411494711693,1.1655106946836108e-13
3116,1.4852177918512482e-13,148.5217791851248,1.1402369933660728e-13
3117,1.4856944342313272e-13,148.56944342313273,1.1136414463123676e-13
3118,1.4861710766114061e-13,148.6171076611406,1.1146219038894734e-13
3119,1.486647718991485e-13,148.66477189914852,1.1293582442926248e-13
3120,1.487124361371564e-13,148.7124361371564,1.119842337349991e-13
3121,1.487601003751643e-13,148.76010037516428,1.132691759397203e-13
3122,1.488077646131722e-13,148.8077646131722,1.137208410122506e-13
3123,1.4885542885118008e-13,148.85542885118008,1.1467565720797712e-13
3124,1.4890309308918798e-13,148.903093089188,1.1339391339966476e-13
3125,1.4895075732719587e-13,148.95075732719587,1.1074771470980654e-13
3126,1.4899842156520376e-13,148.99842156520376,1.0777330091728266e-13
3127,1.4904608580321166e-13,149.04608580321167,1.0876922192787353e-13
3128,1.4909375004121955e-13,149.09375004121955,1.102477213254377e-13
3129,1.4914141427922745e-13,149.14141427922743,1.1066094465468981e-13
3130,1.4918907851723534e-13,149.18907851723534,1.1115990127073122e-13
3131,1.4923674275524323e-13,149.23674275524323,1.1167730965249562e-13
3132,1.4928440699325113e-13,149.28440699325114,1.1274521491107595e-13
3133,1.4933207123125902e-13,149.33207123125902,1.113219894955178e-13
3134,1.4937973546926692e-13,149.3797354692669,1.0803851709746334e-13
3135,1.494273997072748e-13,149.42739970727482,1.0499158373212733e-13
3136,1.494750639452827e-13,149.4750639452827,1.0691972209941197e-13
3137,1.495227281832906e-13,149.5227281832906,1.0865605832612035e-13
3138,1.495703924212985e-13,149.5703924212985,1.0948333846504468e-13
3139,1.4961805665930639e-13,149.61805665930638,1.0904235956017694e-13
3140,1.4966572089731428e-13,149.6657208973143,1.0999307611643874e-13
3141,1.4971338513532217e-13,149.71338513532217,1.1152125907855706e-13
3142,1.4976104937333007e-13,149.76104937333008,1.102275754938202e-13
3143,1.4980871361133796e-13,149.80871361133796,1.0551105209801945e-13
3144,1.4985637784934586e-13,149.85637784934585,1.0286389117873315e-13
3145,1.4990404208735375e-13,149.90404208735376,1.0568526983461071e-13
3146,1.4995170632536164e-13,149.95170632536164,1.0823089522044374e-13
3147,1.4999937056336954e-13,149.99937056336955,1.0846757655469733e-13
3148,1.5004703480137743e-13,150.04703480137744,1.0749733080680363e-13
3149,1.5009469903938533e-13,150.09469903938532,1.0918216743031894e-13
3150,1.5014236327739322e-13,150.14236327739323,1.1150849259797604e-13
3151,1.5019002751540111e-13,150.1900275154011,1.10220480745854e-13
3152,1.50237691753409e-13,150.237691753409,1.0452180570705294e-13
3153,1.502853559914169e-13,150.2853559914169,1.0283362838559365e-13
3154,1.503330202294248e-13,150.3330202294248,1.0678381735709092e-13
3155,1.503806844674327e-13,150.3806844674327,1.0962285495585283e-13
3156,1.5042834870544058e-13,150.42834870544058,1.082825167963812e-13
3157,1.5047601294344848e-13,150.47601294344847,1.0759477347705576e-13
3158,1.5052367718145637e-13,150.52367718145638,1.1055831814280048e-13
3159,1.5057134141946427e-13,150.57134141946426,1.1329058215636331e-13
3160,1.5061900565747216e-13,150.61900565747217,1.1095325233665548e-13
3161,1.5066666989548005e-13,150.66666989548006,1.0579812850450288e-13
3162,1.5071433413348795e-13,150.71433413348794,1.0539628929806186e-13
3163,1.5076199837149584e-13,150.76199837149585,1.1033783885476198e-13
3164,1.5080966260950374e-13,150.80966260950373,1.1185407526419222e-13
3165,1.5085732684751163e-13,150.85732684751164,1.0900632339046895e-13
3166,1.5090499108551952e-13,150.90499108551953,1.0940113561157955e-13
3167,1.5095265532352742e-13,150.9526553235274,1.1363018138184008e-13
3168,1.510003195615353e-13,151.00031956153532,1.1582996660344097e-13
3169,1.510479837995432e-13,151.0479837995432,1.1227098488083079e-13
3170,1.510956480375511e-13,151.0956480375511,1.0881755701597565e-13
3171,1.51143312275559e-13,151.143312275559,1.0980590894014985e-13
3172,1.511909765135669e-13,151.19097651356688,1.1475811078319464e-13
3173,1.5123864075157478e-13,151.2386407515748,1.143358275895387e-13
3174,1.5128630498958268e-13,151.28630498958267,1.1154613474215203e-13
3175,1.5133396922759057e-13,151.33396922759056,1.1391526556683157e-13
3176,1.5138163346559846e-13,151.38163346559847,1.1745250225961984e-13
3177,1.5142929770360636e-13,151.42929770360635,1.183422121148886e-13
3178,1.5147696194161425e-13,151.47696194161426,1.1438023922102913e-13
3179,1.5152462617962215e-13,151.52462617962215,1.133215293521242e-13
3180,1.5157229041763004e-13,151.57229041763003,1.159702894696149e-13
3181,1.5161995465563793e-13,151.61995465563794,1.1951141573769697e-13
3182,1.5166761889364583e-13,151.66761889364582,1.1751834043654402e-13
3183,1.5171528313165372e-13,151.71528313165373,1.1675607854665093e-13
3184,1.5176294736966162e-13,151.76294736966162,1.2051325920265504e-13
3185,1.518106116076695e-13,151.8106116076695,1.2262467517093478e-13
3186,1.518582758456774e-13,151.8582758456774,1.2187385161396141e-13
3187,1.519059400836853e-13,151.9059400836853,1.178885412683392e-13
3188,1.519536043216932e-13,151.9536043216932,1.1906472444263294e-13
3189,1.5200126855970109e-13,152.0012685597011,1.2283655538049276e-13
3190,1.5204893279770898e-13,152.04893279770897,1.2432954242958677e-13
3191,1.5209659703571687e-13,152.09659703571688,1.216527556859373e-13
3192,1.5214426127372477e-13,152.14426127372477,1.2339517699733876e-13
3193,1.5219192551173266e-13,152.19192551173265,1.273230110752921e-13
3194,1.5223958974974056e-13,152.23958974974056,1.2829327715197653e-13
3195,1.5228725398774845e-13,152.28725398774844,1.2580328489011916e-13
3196,1.5233491822575634e-13,152.33491822575635,1.2211610303687614e-13
3197,1.5238258246376424e-13,152.38258246376424,1.2520052269232584e-13
3198,1.5243024670177213e-13,152.43024670177212,1.2943599913672194e-13
3199,1.5247791093978003e-13,152.47791093978003,1.2883653020302754e-13
3200,1.5252557517778792e-13,152.5255751777879,1.2576419940180106e-13
3201,1.5257323941579581e-13,152.57323941579583,1.2947844565177474e-13
3202,1.526209036538037e-13,152.6209036538037,1.334772543144444e-13
3203,1.526685678918116e-13,152.6685678918116,1.3351589256936636e-13
3204,1.527162321298195e-13,152.7162321298195,1.2947774092036263e-13
3205,1.527638963678274e-13,152.76389636782739,1.264334367452949e-13
3206,1.5281156060583528e-13,152.8115606058353,1.312366285522587e-13
3207,1.5285922484384318e-13,152.85922484384318,1.3558521438829935e-13
3208,1.5290688908185107e-13,152.90688908185106,1.3307441899725742e-13
3209,1.5295455331985897e-13,152.95455331985897,1.3002763470972012e-13
3210,1.5300221755786686e-13,153.00221755786686,1.3494751377549769e-13
3211,1.5304988179587475e-13,153.04988179587474,1.3896792516645412e-13
3212,1.5309754603388265e-13,153.09754603388265,1.3828308886420365e-13
3213,1.5314521027189054e-13,153.14521027189053,1.33060663182194e-13
3214,1.5319287450989844e-13,153.19287450989845,1.310148821029311e-13
3215,1.5324053874790633e-13,153.24053874790633,1.3705749317589888e-13
3216,1.5328820298591422e-13,153.2882029859142,1.4072010429740794e-13
3217,1.5333586722392212e-13,153.33586722392212,1.3688339741205202e-13
3218,1.5338353146193e-13,153.38353146193,1.3409062814100092e-13
3219,1.534311956999379e-13,153.43119569993792,1.3992394753709753e-13
3220,1.534788599379458e-13,153.4788599379458,1.4337658935537761e-13
3221,1.535265241759537e-13,153.52652417595368,1.4187278738961306e-13
3222,1.535741884139616e-13,153.5741884139616,1.3562581775965893e-13
3223,1.5362185265196948e-13,153.62185265196948,1.3459204454072116e-13
3224,1.5366951688997738e-13,153.6695168899774,1.4127457884094419e-13
3225,1.5371718112798527e-13,153.71718112798527,1.4359311808175013e-13
3226,1.5376484536599316e-13,153.76484536599315,1.386338960296385e-13
3227,1.5381250960400106e-13,153.81250960400106,1.3655866530886546e-13
3228,1.5386017384200895e-13,153.86017384200895,1.4291387897321511e-13
3229,1.5390783808001685e-13,153.90783808001686,1.4564750501575713e-13
3230,1.5395550231802474e-13,153.95550231802474,1.4294584938477628e-13
3231,1.5400316655603263e-13,154.00316655603262,1.3571523733383467e-13
3232,1.5405083079404053e-13,154.05083079404054,1.3582581240290104e-13
3233,1.5409849503204842e-13,154.09849503204842,1.4272701672878724e-13
3234,1.5414615927005632e-13,154.1461592700563,1.4336395840006816e-13
3235,1.541938235080642e-13,154.1938235080642,1.3757331591198602e-13
3236,1.542414877460721e-13,154.2414877460721,1.3670756692472918e-13
3237,1.5428915198408e-13,154.28915198408,1.43311320384594e-13
3238,1.543368162220879e-13,154.3368162220879,1.4545331085413782e-13
3239,1.5438448046009579e-13,154.38448046009577,1.4134243634441462e-13
3240,1.5443214469810368e-13,154.43214469810368,1.3345584132153782e-13
3241,1.5447980893611157e-13,154.47980893611157,1.3506079934999526e-13
3242,1.5452747317411947e-13,154.52747317411948,1.4202083519626596e-13
3243,1.5457513741212736e-13,154.57513741212736,1.412226591094093e-13
3244,1.5462280165013526e-13,154.62280165013524,1.3482968810440282e-13
3245,1.5467046588814315e-13,154.67046588814316,1.3535467234884746e-13
3246,1.5471813012615104e-13,154.71813012615104,1.4206687313101513e-13
3247,1.5476579436415894e-13,154.76579436415895,1.4377408497686511e-13
3248,1.5481345860216683e-13,154.81345860216683,1.383842313743694e-13
3249,1.5486112284017473e-13,154.86112284017472,1.3056938343025681e-13
3250,1.5490878707818262e-13,154.90878707818263,1.3341687780596412e-13
3251,1.5495645131619051e-13,154.9564513161905,1.403422462877696e-13
3252,1.550041155541984e-13,155.00411555419842,1.383011543829027e-13
3253,1.550517797922063e-13,155.0517797922063,1.3136263994975583e-13
3254,1.550994440302142e-13,155.0994440302142,1.3321367121378602e-13
3255,1.551471082682221e-13,155.1471082682221,1.3979659443941195e-13
3256,1.5519477250622998e-13,155.19477250622998,1.410037451382573e-13
3257,1.5524243674423788e-13,155.24243674423786,1.3477473260678496e-13
3258,1.5529010098224577e-13,155.29010098224578,1.2717371643614084e-13
3259,1.5533776522025367e-13,155.33776522025366,1.3131829608090118e-13
3260,1.5538542945826156e-13,155.38542945826157,1.3794372003168853e-13
3261,1.5543309369626945e-13,155.43309369626945,1.3494752732802484e-13
3262,1.5548075793427735e-13,155.48075793427734,1.2789702836298739e-13
3263,1.5552842217228524e-13,155.52842217228525,1.3062692746056148e-13
3264,1.5557608641029314e-13,155.57608641029313,1.3693678081651978e-13
3265,1.5562375064830103e-13,155.62375064830104,1.3750665103090531e-13
3266,1.5567141488630892e-13,155.67141488630892,1.309862862706318e-13
3267,1.5571907912431682e-13,155.7190791243168,1.2328514402935864e-13
3268,1.557667433623247e-13,155.76674336232472,1.287000020444573e-13
3269,1.558144076003326e-13,155.8144076003326,1.348024881824006e-13
3270,1.558620718383405e-13,155.8620718383405,1.3149099593445096e-13
3271,1.559097360763484e-13,155.9097360763484,1.2490491496999767e-13
3272,1.5595740031435629e-13,155.95740031435628,1.276702810311392e-13
3273,1.5600506455236418e-13,156.0050645523642,1.3359009265554583e-13
3274,1.5605272879037208e-13,156.05272879037207,1.3364015569086035e-13
3275,1.5610039302837997e-13,156.10039302837998,1.2739094989392546e-13
3276,1.5614805726638786e-13,156.14805726638787,1.1966237733768842e-13
3277,1.5619572150439576e-13,156.19572150439575,1.2591768177184354e-13
3278,1.5624338574240365e-13,156.24338574240366,1.3134721717385223e-13
3279,1.5629104998041154e-13,156.29104998041154,1.280018842655939e-13
3280,1.5633871421841944e-13,156.33871421841943,1.2236235245530191e-13
3281,1.5638637845642733e-13,156.38637845642734,1.2493706156441187e-13
3282,1.5643404269443523e-13,156.43404269443522,1.3019411395330527e-13
3283,1.5648170693244312e-13,156.48170693244313,1.2960113668011863e-13
3284,1.5652937117045101e-13,156.52937117045101,1.236066370785549e-13
3285,1.565770354084589e-13,156.5770354084589,1.1663146305945088e-13
3286,1.566246996464668e-13,156.6246996464668,1.2307194922466652e-13
3287,1.566723638844747e-13,156.6723638844747,1.2731226392125733e-13
3288,1.567200281224826e-13,156.7200281224826,1.2396450511063806e-13
3289,1.5676769236049048e-13,156.76769236049049,1.1938154186996036e-13
3290,1.5681535659849838e-13,156.81535659849837,1.2201177568282873e-13
3291,1.5686302083650627e-13,156.86302083650628,1.2626426054880568e-13
3292,1.5691068507451417e-13,156.91068507451416,1.2516634321883824e-13
3293,1.5695834931252206e-13,156.95834931252207,1.192668332801114e-13
3294,1.5700601355052995e-13,157.00601355052996,1.1394745281882723e-13
3295,1.5705367778853785e-13,157.05367778853784,1.1980488216073448e-13
3296,1.5710134202654574e-13,157.10134202654575,1.2241686071952362e-13
3297,1.5714900626455364e-13,157.14900626455363,1.1929372149398904e-13
3298,1.5719667050256153e-13,157.19667050256152,1.16114447700974e-13
3299,1.5724433474056942e-13,157.24433474056943,1.187120063708691e-13
3300,1.5729199897857732e-13,157.2919989785773,1.2163792922122857e-13
3301,1.5733966321658521e-13,157.33966321658522,1.2024159879581164e-13
3302,1.573873274545931e-13,157.3873274545931,1.149790711859472e-13
3303,1.57434991692601e-13,157.434991692601,1.1141413312765192e-13
3304,1.574826559306089e-13,157.4826559306089,1.162542284660617e-13
3305,1.575303201686168e-13,157.53032016861678,1.1758332480425737e-13
3306,1.5757798440662468e-13,157.5779844066247,1.150476740784112e-13
3307,1.5762564864463258e-13,157.62564864463258,1.133110396961054e-13
3308,1.5767331288264047e-13,157.67331288264046,1.1518543551695265e-13
3309,1.5772097712064836e-13,157.72097712064837,1.1698697295180888e-13
3310,1.5776864135865626e-13,157.76864135865625,1.15460131689879e-13
3311,1.5781630559666415e-13,157.81630559666417,1.1150690695229878e-13
3312,1.5786396983467205e-13,157.86396983467205,1.0895420714729029e-13
3313,1.5791163407267994e-13,157.91163407267993,1.127056483080438e-13
3314,1.5795929831068783e-13,157.95929831068784,1.1326408018950962e-13
3315,1.5800696254869573e-13,158.00696254869572,1.1117115664453434e-13
3316,1.5805462678670362e-13,158.05462678670364,1.1073194634446046e-13
3317,1.5810229102471152e-13,158.10229102471152,1.1177137096722231e-13
3318,1.581499552627194e-13,158.1499552627194,1.125895031503163e-13
3319,1.581976195007273e-13,158.1976195007273,1.1101194155550484e-13
3320,1.582452837387352e-13,158.2452837387352,1.0836147381959246e-13
3321,1.582929479767431e-13,158.29294797674308,1.0680186254699922e-13
3322,1.5834061221475099e-13,158.340612214751,1.0912729324786402e-13
3323,1.5838827645275888e-13,158.38827645275887,1.0949752796097709e-13
3324,1.5843594069076677e-13,158.43594069076678,1.0824419702584742e-13
3325,1.5848360492877467e-13,158.48360492877467,1.0828340448690993e-13
3326,1.5853126916678256e-13,158.53126916678255,1.0848434103078938e-13
3327,1.5857893340479046e-13,158.57893340479046,1.0880502770461986e-13
3328,1.5862659764279835e-13,158.62659764279834,1.0791825874774397e-13
3329,1.5867426188080624e-13,158.67426188080626,1.0614892889367414e-13
3330,1.5872192611881414e-13,158.72192611881414,1.05410499122785e-13
3331,1.5876959035682203e-13,158.76959035682202,1.0597103842222358e-13
3332,1.5881725459482993e-13,158.81725459482993,1.0690164302818578e-13
3333,1.5886491883283782e-13,158.86491883283782,1.073253221321388e-13
3334,1.5891258307084571e-13,158.91258307084573,1.0706648919224862e-13
3335,1.589602473088536e-13,158.9602473088536,1.0618583242512011e-13
3336,1.590079115468615e-13,159.0079115468615,1.0658090214424668e-13
3337,1.590555757848694e-13,159.0555757848694,1.0703123229285211e-13
3338,1.591032400228773e-13,159.1032400228773,1.058962216960585e-13
3339,1.5915090426088518e-13,159.15090426088517,1.0511630763954463e-13
3340,1.5919856849889308e-13,159.19856849889308,1.0411754737451456e-13
3341,1.5924623273690097e-13,159.24623273690096,1.0604995478785337e-13
3342,1.5929389697490887e-13,159.29389697490888,1.0808725876138014e-13
3343,1.5934156121291676e-13,159.34156121291676,1.0694717274316659e-13
3344,1.5938922545092465e-13,159.38922545092464,1.0532387814546698e-13
3345,1.5943688968893255e-13,159.43688968893255,1.0612008233962245e-13
3346,1.5948455392694044e-13,159.48455392694044,1.0761956104922421e-13
3347,1.5953221816494834e-13,159.53221816494835,1.069370828866989e-13
3348,1.5957988240295623e-13,159.57988240295623,1.0523295424077692e-13
3349,1.5962754664096412e-13,159.6275466409641,1.0377575941590209e-13
3350,1.5967521087897202e-13,159.67521087897202,1.0698987675623536e-13
3351,1.597228751169799e-13,159.7228751169799,1.0973832926348612e-13
3352,1.597705393549878e-13,159.77053935498782,1.0765043370608574e-13
3353,1.598182035929957e-13,159.8182035929957,1.0541508665322732e-13
3354,1.598658678310036e-13,159.86586783100358,1.0658889813526876e-13
3355,1.599135320690115e-13,159.9135320690115,1.0925650304176998e-13
3356,1.5996119630701938e-13,159.96119630701938,1.0927680472744977e-13
3357,1.6000886054502728e-13,160.0088605450273,1.0586166275181053e-13
3358,1.6005652478303517e-13,160.05652478303517,1.0469054822267315e-13
3359,1.6010418902104306e-13,160.10418902104306,1.1007284629127936e-13
3360,1.6015185325905096e-13,160.15185325905097,1.1283725689925639e-13
3361,1.6019951749705885e-13,160.19951749705885,1.0961961590186253e-13
3362,1.6024718173506675e-13,160.24718173506673,1.0700254159286271e-13
3363,1.6029484597307464e-13,160.29484597307464,1.0861386930908351e-13
3364,1.6034251021108253e-13,160.34251021108253,1.1252847612053252e-13
3365,1.6039017444909043e-13,160.39017444909044,1.1211582199742096e-13
3366,1.6043783868709832e-13,160.43783868709832,1.0744568890207543e-13
3367,1.6048550292510622e-13,160.4855029251062,1.0759837844927927e-13
3368,1.605331671631141e-13,160.53316716311411,1.1452056208720307e-13
3369,1.60580831401122e-13,160.580831401122,1.1688080245406823e-13
3370,1.606284956391299e-13,160.6284956391299,1.1265617480766058e-13
3371,1.606761598771378e-13,160.6761598771378,1.0961582797052241e-13
3372,1.6072382411514569e-13,160.72382411514567,1.1215089593770086e-13
3373,1.6077148835315358e-13,160.7714883531536,1.1713960151264052e-13
3374,1.6081915259116147e-13,160.81915259116147,1.1557540948586853e-13
3375,1.6086681682916937e-13,160.86681682916938,1.101997182742509e-13
3376,1.6091448106717726e-13,160.91448106717726,1.1227580958049835e-13
3377,1.6096214530518516e-13,160.96214530518515,1.1982537358179446e-13
3378,1.6100980954319305e-13,161.00980954319306,1.2139451228097842e-13
3379,1.6105747378120094e-13,161.05747378120094,1.1610641105237046e-13
3380,1.6110513801920884e-13,161.10513801920885,1.1309502596576482e-13
3381,1.6115280225721673e-13,161.15280225721673,1.1693376573019415e-13
3382,1.6120046649522463e-13,161.20046649522462,1.2191864271621222e-13
3383,1.6124813073323252e-13,161.24813073323253,1.1918149301660963e-13
3384,1.6129579497124041e-13,161.2957949712404,1.141359820240953e-13
3385,1.613434592092483e-13,161.3434592092483,1.1836891059338606e-13
3386,1.613911234472562e-13,161.3911234472562,1.2604137568719698e-13
3387,1.614387876852641e-13,161.4387876852641,1.2625202261678375e-13
3388,1.61486451923272e-13,161.486451923272,1.2007457745114025e-13
3389,1.6153411616127988e-13,161.53411616127988,1.1757253699264114e-13
3390,1.6158178039928778e-13,161.58178039928777,1.2300662604377427e-13
3391,1.6162944463729567e-13,161.62944463729568,1.2691441593406377e-13
3392,1.6167710887530357e-13,161.67710887530356,1.2329658236227836e-13
3393,1.6172477311331146e-13,161.72477311331147,1.1939132679456704e-13
3394,1.6177243735131935e-13,161.77243735131935,1.2516757649880944e-13
3395,1.6182010158932725e-13,161.82010158932724,1.3240091260770942e-13
3396,1.6186776582733514e-13,161.86776582733515,1.3119157995199193e-13
3397,1.6191543006534304e-13,161.91543006534303,1.2440740169809839e-13
3398,1.6196309430335093e-13,161.96309430335094,1.225015775667762e-13
3399,1.6201075854135882e-13,162.01075854135883,1.292762419466062e-13
3400,1.6205842277936672e-13,162.0584227793667,1.3173357261801744e-13
3401,1.621060870173746e-13,162.10608701737462,1.27837858029424e-13
3402,1.621537512553825e-13,162.1537512553825,1.2476735681936357e-13
3403,1.622014154933904e-13,162.2014154933904,1.3091743943267897e-13
3404,1.622490797313983e-13,162.2490797313983,1.373446034637002e-13
3405,1.622967439694062e-13,162.29674396940618,1.3520003801399672e-13
3406,1.6234440820741408e-13,162.3444082074141,1.2801511153209821e-13
3407,1.6239207244542198e-13,162.39207244542197,1.264345480525217e-13
3408,1.6243973668342987e-13,162.43973668342986,1.336570150346425e-13
3409,1.6248740092143776e-13,162.48740092143777,1.3486207864430583e-13
3410,1.6253506515944566e-13,162.53506515944565,1.3154394565804972e-13
3411,1.6258272939745355e-13,162.58272939745356,1.2897247560293007e-13
3412,1.6263039363546145e-13,162.63039363546145,1.3488446741916765e-13
3413,1.6267805787346934e-13,162.67805787346933,1.4004604225424655e-13
3414,1.6272572211147723e-13,162.72572211147724,1.3715080232536841e-13
3415,1.6277338634948513e-13,162.77338634948512,1.2983312883997622e-13
3416,1.6282105058749302e-13,162.82105058749303,1.288556121612633e-13
3417,1.6286871482550092e-13,162.86871482550092,1.354679714758722e-13
3418,1.629163790635088e-13,162.9163790635088,1.3599649292990457e-13
3419,1.629640433015167e-13,162.9640433015167,1.3318873456381886e-13
3420,1.630117075395246e-13,163.0117075395246,1.314311073169483e-13
3421,1.630593717775325e-13,163.0593717775325,1.3686296020110067e-13
3422,1.6310703601554039e-13,163.1070360155404,1.405165453395238e-13
3423,1.6315470025354828e-13,163.15470025354827,1.3740302840827e-13
3424,1.6320236449155617e-13,163.20236449155618,1.3037563650203365e-13
3425,1.6325002872956407e-13,163.25002872956406,1.3016681916361295e-13
3426,1.6329769296757196e-13,163.29769296757195,1.356032121443626e-13
3427,1.6334535720557986e-13,163.34535720557986,1.3545440539618897e-13
3428,1.6339302144358775e-13,163.39302144358774,1.3312269309898733e-13
3429,1.6344068568159564e-13,163.44068568159565,1.3176231752811546e-13
3430,1.6348834991960354e-13,163.48834991960354,1.366382728533802e-13
3431,1.6353601415761143e-13,163.53601415761142,1.3918743544880097e-13
3432,1.6358367839561933e-13,163.58367839561933,1.3624196985428244e-13
3433,1.6363134263362722e-13,163.6313426336272,1.2980121263852368e-13
3434,1.6367900687163511e-13,163.67900687163512,1.29931235584059e-13
3435,1.63726671109643e-13,163.726671109643,1.340492658281206e-13
3436,1.637743353476509e-13,163.7743353476509,1.3359338591964476e-13
3437,1.638219995856588e-13,163.8219995856588,1.3181597198312633e-13
3438,1.638696638236667e-13,163.86966382366668,1.3084108449468168e-13
3439,1.6391732806167458e-13,163.9173280616746,1.344558280902755e-13
3440,1.6396499229968248e-13,163.96499229968248,1.3616866423489526e-13
3441,1.6401265653769037e-13,164.01265653769036,1.3349082039412763e-13
3442,1.6406032077569827e-13,164.06032077569827,1.2823749495020215e-13
3443,1.6410798501370616e-13,164.10798501370616,1.283175632806402e-13
3444,1.6415564925171405e-13,164.15564925171407,1.307243430257593e-13
3445,1.6420331348972195e-13,164.20331348972195,1.304996963356203e-13
3446,1.6425097772772984e-13,164.25097772772983,1.2915814522496821e-13
3447,1.6429864196573774e-13,164.29864196573774,1.2881312498862901e-13
3448,1.6434630620374563e-13,164.34630620374563,1.3165462914733334e-13
3449,1.6439397044175352e-13,164.3939704417535,1.3220929342624976e-13
3450,1.6444163467976142e-13,164.44163467976142,1.2970229274281153e-13
3451,1.644892989177693e-13,164.4892989177693,1.2557543980357133e-13
3452,1.645369631557772e-13,164.53696315577722,1.2589195907530132e-13
3453,1.645846273937851e-13,164.5846273937851,1.270327159436091e-13
3454,1.64632291631793e-13,164.63229163179298,1.2651198719269147e-13
3455,1.6467995586980089e-13,164.6799558698009,1.2607364425435558e-13
3456,1.6472762010780878e-13,164.72762010780878,1.263165733036281e-13
3457,1.6477528434581667e-13,164.7752843458167,1.285779615374169e-13
3458,1.6482294858382457e-13,164.82294858382457,1.2818855677464158e-13
3459,1.6487061282183246e-13,164.87061282183245,1.2543385655237188e-13
3460,1.6491827705984036e-13,164.91827705984036,1.2254463394555104e-13
3461,1.6496594129784825e-13,164.96594129784825,1.2297762363566028e-13
3462,1.6501360553585614e-13,165.01360553585616,1.2343918205301452e-13
3463,1.6506126977386404e-13,165.06126977386404,1.2271707630108486e-13
3464,1.6510893401187193e-13,165.10893401187192,1.231053968616877e-13
3465,1.6515659824987983e-13,165.15659824987983,1.243932664122746e-13
3466,1.6520426248788772e-13,165.20426248788772,1.253155158852451e-13
3467,1.6525192672589561e-13,165.2519267258956,1.246557653107605e-13
3468,1.652995909639035e-13,165.2995909639035,1.2156371558252194e-13
3469,1.653472552019114e-13,165.3472552019114,1.1949448863127904e-13
3470,1.653949194399193e-13,165.3949194399193,1.2011499108711965e-13
3471,1.654425836779272e-13,165.4425836779272,1.1961343916212785e-13
3472,1.6549024791593508e-13,165.49024791593507,1.192698554936672e-13
3473,1.6553791215394298e-13,165.53791215394298,1.2075316603837177e-13
3474,1.6558557639195087e-13,165.58557639195087,1.223516188537943e-13
3475,1.6563324062995877e-13,165.63324062995878,1.225115793318174e-13
3476,1.6568090486796666e-13,165.68090486796666,1.2098232572005374e-13
3477,1.6572856910597455e-13,165.72856910597454,1.1816060825099728e-13
3478,1.6577623334398245e-13,165.77623334398245,1.1663733130370946e-13
3479,1.6582389758199034e-13,165.82389758199034,1.1720245813359037e-13
3480,1.6587156181999824e-13,165.87156181999825,1.1630294980118777e-13
3481,1.6591922605800613e-13,165.91922605800613,1.1606011561960533e-13
3482,1.6596689029601402e-13,165.96689029601401,1.1870551471036134e-13
3483,1.6601455453402192e-13,166.01455453402193,1.1983991544343292e-13
3484,1.6606221877202981e-13,166.0622187720298,1.196057142216489e-13
3485,1.661098830100377e-13,166.10988301003772,1.1715723335047057e-13
3486,1.661575472480456e-13,166.1575472480456,1.1456174821723036e-13
3487,1.662052114860535e-13,166.20521148605349,1.1398088690332125e-13
3488,1.662528757240614e-13,166.2528757240614,1.1399183734526336e-13
3489,1.6630053996206928e-13,166.30053996206928,1.1308267283726206e-13
3490,1.6634820420007718e-13,166.34820420007716,1.1354923891340046e-13
3491,1.6639586843808507e-13,166.39586843808507,1.1656635671899312e-13
3492,1.6644353267609296e-13,166.44353267609296,1.1691494126997437e-13
3493,1.6649119691410086e-13,166.49119691410087,1.161924695998115e-13
3494,1.6653886115210875e-13,166.53886115210875,1.1303956902464218e-13
3495,1.6658652539011665e-13,166.58652539011663,1.1124908367568173e-13
3496,1.6663418962812454e-13,166.63418962812455,1.1135476628244476e-13
3497,1.6668185386613243e-13,166.68185386613243,1.1099220229970203e-13
3498,1.6672951810414033e-13,166.72951810414034,1.0964469485336484e-13
3499,1.6677718234214822e-13,166.77718234214822,1.1128405597200797e-13
3500,1.6682484658015612e-13,166.8248465801561,1.1436861115272923e-13
3501,1.66872510818164e-13,166.87251081816402,1.1424169173591264e-13
3502,1.669201750561719e-13,166.9201750561719,1.1280771239005616e-13
3503,1.669678392941798e-13,166.9678392941798,1.0933942417917439e-13
3504,1.670155035321877e-13,167.0155035321877,1.0838800289150047e-13
3505,1.6706316777019559e-13,167.06316777019558,1.0907584785477958e-13
3506,1.6711083200820348e-13,167.1108320082035,1.0821666506692987e-13
3507,1.6715849624621137e-13,167.15849624621137,1.0728399370057637e-13
3508,1.6720616048421927e-13,167.20616048421928,1.0934993416398392e-13
3509,1.6725382472222716e-13,167.25382472222717,1.1246202130362273e-13
3510,1.6730148896023506e-13,167.30148896023505,1.1217432148089013e-13
3511,1.6734915319824295e-13,167.34915319824296,1.1026241226487488e-13
3512,1.6739681743625084e-13,167.39681743625084,1.0747064588083333e-13
3513,1.6744448167425874e-13,167.44448167425872,1.0683200336739432e-13
3514,1.6749214591226663e-13,167.49214591226664,1.0746051536678417e-13
3515,1.6753981015027453e-13,167.53981015027452,1.0601146561073013e-13
3516,1.6758747438828242e-13,167.58747438828243,1.0642512939711482e-13
3517,1.6763513862629031e-13,167.6351386262903,1.0868539954741324e-13
3518,1.676828028642982e-13,167.6828028642982,1.1113592007392856e-13
3519,1.677304671023061e-13,167.7304671023061,1.1062284172459053e-13
3520,1.67778131340314e-13,167.778131340314,1.091675578060447e-13
3521,1.678257955783219e-13,167.8257955783219,1.0741226159384498e-13
3522,1.6787345981632978e-13,167.87345981632978,1.069476945154621e-13
3523,1.6792112405433768e-13,167.92112405433767,1.0670394553829662e-13
3524,1.6796878829234557e-13,167.96878829234558,1.0493148505045374e-13
3525,1.6801645253035347e-13,168.01645253035346,1.0691676764849195e-13
3526,1.6806411676836136e-13,168.06411676836137,1.0933487053004995e-13
3527,1.6811178100636925e-13,168.11178100636926,1.1064586746822869e-13
3528,1.6815944524437715e-13,168.15944524437714,1.0956781136680846e-13
3529,1.6820710948238504e-13,168.20710948238505,1.091865313440632e-13
3530,1.6825477372039294e-13,168.25477372039293,1.0814603607165602e-13
3531,1.6830243795840083e-13,168.30243795840084,1.0790162979692347e-13
3532,1.6835010219640872e-13,168.35010219640873,1.0648984949054863e-13
3533,1.6839776643441662e-13,168.3977664344166,1.0519990640330684e-13
3534,1.684454306724245e-13,168.44543067242452,1.0842307683178037e-13
3535,1.684930949104324e-13,168.4930949104324,1.1056489111847118e-13
3536,1.685407591484403e-13,168.5407591484403,1.1084474402798042e-13
3537,1.685884233864482e-13,168.5884233864482,1.098142234155601e-13
3538,1.686360876244561e-13,168.63608762445608,1.0987052738962999e-13
3539,1.6868375186246398e-13,168.683751862464,1.0967341943467213e-13
3540,1.6873141610047188e-13,168.73141610047188,1.0896454772551037e-13
3541,1.6877908033847977e-13,168.77908033847976,1.0673799626277625e-13
3542,1.6882674457648766e-13,168.82674457648767,1.072436003933877e-13
3543,1.6887440881449556e-13,168.87440881449555,1.1128453031045843e-13
3544,1.6892207305250345e-13,168.92207305250346,1.1252702600012682e-13
3545,1.6896973729051135e-13,168.96973729051135,1.1180210809881228e-13
3546,1.6901740152851924e-13,169.01740152851923,1.1145706075741876e-13
3547,1.6906506576652713e-13,169.06506576652714,1.1221251927867951e-13
3548,1.6911273000453503e-13,169.11273000453502,1.123711177277234e-13
3549,1.6916039424254292e-13,169.16039424254294,1.1049564448096724e-13
3550,1.6920805848055082e-13,169.20805848055082,1.079346911869207e-13
3551,1.692557227185587e-13,169.2557227185587,1.1133998725158106e-13
3552,1.693033869565666e-13,169.3033869565666,1.1498254063289914e-13
3553,1.693510511945745e-13,169.3510511945745,1.1524635412651918e-13
3554,1.693987154325824e-13,169.39871543258238,1.1393684119006403e-13
3555,1.6944637967059029e-13,169.4463796705903,1.142600283051548e-13
3556,1.6949404390859818e-13,169.49404390859817,1.1615835788895967e-13
3557,1.6954170814660607e-13,169.54170814660608,1.1591816645017267e-13
3558,1.6958937238461397e-13,169.58937238461397,1.1282225425169462e-13
3559,1.6963703662262186e-13,169.63703662262185,1.1138381612440379e-13
3560,1.6968470086062976e-13,169.68470086062976,1.1648475695298643e-13
3561,1.6973236509863765e-13,169.73236509863764,1.1970874053308933e-13
3562,1.6978002933664554e-13,169.78002933664555,1.1892491657249094e-13
3563,1.6982769357465344e-13,169.82769357465344,1.1732444443052215e-13
3564,1.6987535781266133e-13,169.87535781266132,1.1850686176730768e-13
3565,1.6992302205066923e-13,169.92302205066923,1.2101147720596644e-13
3566,1.6997068628867712e-13,169.97068628867711,1.1996793261494915e-13
3567,1.7001835052668501e-13,170.01835052668503,1.1595210197817146e-13
3568,1.700660147646929e-13,170.0660147646929,1.167989722950999e-13
3569,1.701136790027008e-13,170.1136790027008,1.225984510308878e-13
3570,1.701613432407087e-13,170.1613432407087,1.2512472340794195e-13
3571,1.702090074787166e-13,170.2090074787166,1.2345662415546438e-13
3572,1.7025667171672448e-13,170.2566717167245,1.2169475496759397e-13
3573,1.7030433595473238e-13,170.30433595473238,1.2376234206305098e-13
3574,1.7035200019274027e-13,170.35200019274026,1.261962675200637e-13
3575,1.7039966443074817e-13,170.39966443074817,1.244268360220402e-13
3576,1.7044732866875606e-13,170.44732866875606,1.1964355287746864e-13
3577,1.7049499290676395e-13,170.49499290676394,1.2269026940237016e-13
3578,1.7054265714477185e-13,170.54265714477185,1.2883550021096368e-13
3579,1.7059032138277974e-13,170.59032138277973,1.3041798814939637e-13
3580,1.7063798562078764e-13,170.63798562078765,1.2802423238287425e-13
3581,1.7068564985879553e-13,170.68564985879553,1.2645007924864254e-13
3582,1.7073331409680342e-13,170.7333140968034,1.2921563504516426e-13
3583,1.7078097833481132e-13,170.78097833481132,1.313516081926508e-13
3584,1.708286425728192e-13,170.8286425728192,1.2843209568763614e-13
3585,1.708763068108271e-13,170.87630681082712,1.2320653937185344e-13
3586,1.70923971048835e-13,170.923971048835,1.279738982970166e-13
3587,1.709716352868429e-13,170.97163528684288,1.3409375877477397e-13
3588,1.710192995248508e-13,171.0192995248508,1.3485725394463827e-13
3589,1.7106696376285868e-13,171.06696376285868,1.318288197788703e-13
3590,1.7111462800086658e-13,171.1146280008666,1.3040482864552783e-13
3591,1.7116229223887447e-13,171.16229223887447,1.3372458793504266e-13
3592,1.7120995647688236e-13,171.20995647688235,1.354763333851275e-13
3593,1.7125762071489026e-13,171.25762071489027,1.314368400359353e-13
3594,1.7130528495289815e-13,171.30528495289815,1.2618226775951147e-13
3595,1.7135294919090605e-13,171.35294919090603,1.3224705076690657e-13
3596,1.7140061342891394e-13,171.40061342891394,1.3798687127815346e-13
3597,1.7144827766692183e-13,171.44827766692183,1.3829595021247476e-13
3598,1.7149594190492973e-13,171.49594190492974,1.3487438433896354e-13
3599,1.7154360614293762e-13,171.54360614293762,1.3329482374639656e-13
3600,1.7159127038094552e-13,171.5912703809455,1.3704423880434025e-13
3601,1.716389346189534e-13,171.6389346189534,1.3832313658194983e-13
3602,1.716865988569613e-13,171.6865988569613,1.3325108974126393e-13
3603,1.717342630949692e-13,171.7342630949692,1.284919572000845e-13
3604,1.717819273329771e-13,171.7819273329771,1.3554901558826549e-13
3605,1.7182959157098499e-13,171.82959157098497,1.4056126867913882e-13
3606,1.7187725580899288e-13,171.87725580899289,1.4043319729751397e-13
3607,1.7192492004700077e-13,171.92492004700077,1.369975774533419e-13
3608,1.7197258428500867e-13,171.97258428500868,1.351991164421501e-13
3609,1.7202024852301656e-13,172.02024852301656,1.3910842421548109e-13
3610,1.7206791276102446e-13,172.06791276102444,1.3970426107189765e-13
3611,1.7211557699903235e-13,172.11557699903236,1.337611662058369e-13
3612,1.7216324123704024e-13,172.16324123704024,1.2991773726701156e-13
3613,1.7221090547504814e-13,172.21090547504815,1.378017302046744e-13
3614,1.7225856971305603e-13,172.25856971305603,1.4163491343296974e-13
3615,1.7230623395106393e-13,172.30623395106392,1.4077958633909593e-13
3616,1.7235389818907182e-13,172.35389818907183,1.3723149407205565e-13
3617,1.7240156242707971e-13,172.4015624270797,1.3560237188767893e-13
3618,1.724492266650876e-13,172.4492266650876,1.391972339259348e-13
3619,1.724968909030955e-13,172.4968909030955,1.3915495004120787e-13
3620,1.725445551411034e-13,172.5445551411034,1.32767413599591e-13
3621,1.725922193791113e-13,172.5922193791113,1.3023981307487553e-13
3622,1.7263988361711918e-13,172.63988361711918,1.3838362151064737e-13
3623,1.7268754785512708e-13,172.68754785512706,1.4089264152063186e-13
3624,1.7273521209313497e-13,172.73521209313498,1.393839064349825e-13
3625,1.7278287633114287e-13,172.78287633114286,1.3576524615904056e-13
3626,1.7283054056915076e-13,172.83054056915077,1.3445754926122433e-13
3627,1.7287820480715865e-13,172.87820480715865,1.3783563862761888e-13
3628,1.7292586904516655e-13,172.92586904516654,1.3656008832421684e-13
3629,1.7297353328317444e-13,172.97353328317445,1.303211417903391e-13
3630,1.7302119752118233e-13,173.02119752118233,1.2961449947189452e-13
3631,1.7306886175919023e-13,173.06886175919024,1.3711824915513954e-13
3632,1.7311652599719812e-13,173.11652599719812,1.3850850804839054e-13
3633,1.7316419023520602e-13,173.164190235206,1.3646726706572493e-13
3634,1.732118544732139e-13,173.21185447321392,1.331705199673211e-13
3635,1.732595187112218e-13,173.2595187112218,1.3231374275304159e-13
3636,1.733071829492297e-13,173.3071829492297,1.3523238789631825e-13
3637,1.733548471872376e-13,173.3548471872376,1.3289418393860886e-13
3638,1.7340251142524549e-13,173.40251142524548,1.273039426695835e-13
3639,1.7345017566325338e-13,173.4501756632534,1.2826469487220438e-13
3640,1.7349783990126127e-13,173.49783990126127,1.344441729169213e-13
3641,1.7354550413926917e-13,173.54550413926916,1.348281837738885e-13
3642,1.7359316837727706e-13,173.59316837727707,1.3275398304517932e-13
3643,1.7364083261528496e-13,173.64083261528495,1.3027316584420662e-13
3644,1.7368849685329285e-13,173.68849685329286,1.296162341953705e-13
3645,1.7373616109130074e-13,173.73616109130074,1.316249355603344e-13
3646,1.7378382532930864e-13,173.78382532930863,1.2868161126510652e-13
3647,1.7383148956731653e-13,173.83148956731654,1.2384327775522702e-13
3648,1.7387915380532443e-13,173.87915380532442,1.262391477159855e-13
3649,1.7392681804333232e-13,173.92681804333233,1.3075140742248997e-13
3650,1.7397448228134021e-13,173.97448228134022,1.3039485398554096e-13
3651,1.740221465193481e-13,174.0221465193481,1.2851679898236157e-13
3652,1.74069810757356e-13,174.069810757356,1.2722104186096983e-13
3653,1.741174749953639e-13,174.1174749953639,1.2644778887155317e-13
3654,1.741651392333718e-13,174.1651392333718,1.2697300350895946e-13
3655,1.7421280347137968e-13,174.2128034713797,1.2394333606322028e-13
3656,1.7426046770938758e-13,174.26046770938757,1.203029104286657e-13
3657,1.7430813194739547e-13,174.30813194739548,1.2382510381631073e-13
3658,1.7435579618540337e-13,174.35579618540336,1.2656764742172144e-13
3659,1.7440346042341126e-13,174.40346042341127,1.2556115543994883e-13
3660,1.7445112466141915e-13,174.45112466141916,1.2369044590648803e-13
3661,1.7449878889942705e-13,174.49878889942704,1.234378268002989e-13
3662,1.7454645313743494e-13,174.54645313743495,1.2303111546034529e-13
3663,1.7459411737544284e-13,174.59411737544283,1.218431009298443e-13
3664,1.7464178161345073e-13,174.64178161345072,1.1870607036397474e-13
3665,1.7468944585145862e-13,174.68944585145863,1.16932884815929e-13
3666,1.7473711008946652e-13,174.7371100894665,1.2104337985489183e-13
3667,1.747847743274744e-13,174.78477432747442,1.2239421444664583e-13
3668,1.748324385654823e-13,174.8324385654823,1.2049045029945138e-13
3669,1.748801028034902e-13,174.8801028034902,1.1870788640261365e-13
3670,1.749277670414981e-13,174.9277670414981,1.192898183661681e-13
3671,1.74975431279506e-13,174.97543127950598,1.1937769295224804e-13
3672,1.7502309551751388e-13,175.0230955175139,1.1659876081142329e-13
3673,1.7507075975552178e-13,175.07075975552178,1.1341378140447556e-13
3674,1.7511842399352967e-13,175.11842399352966,1.1376870853816584e-13
3675,1.7516608823153756e-13,175.16608823153757,1.1800417143003478e-13
3676,1.7521375246954546e-13,175.21375246954545,1.182324773025059e-13
3677,1.7526141670755335e-13,175.26141670755337,1.1543446320344541e-13
3678,1.7530908094556125e-13,175.30908094556125,1.13892551531318e-13
3679,1.7535674518356914e-13,175.35674518356913,1.1529377441903826e-13
3680,1.7540440942157703e-13,175.40440942157704,1.1571920179899442e-13
3681,1.7545207365958493e-13,175.45207365958493,1.1160958089803316e-13
3682,1.7549973789759282e-13,175.4997378975928,1.0883619174081524e-13
3683,1.7554740213560072e-13,175.54740213560072,1.112870375279823e-13
3684,1.755950663736086e-13,175.5950663736086,1.1532058131775297e-13
3685,1.756427306116165e-13,175.6427306116165,1.1456952736781795e-13
3686,1.756903948496244e-13,175.6903948496244,1.1120345909301083e-13
3687,1.757380590876323e-13,175.73805908763228,1.1010001910822728e-13
3688,1.7578572332564019e-13,175.7857233256402,1.1200345799476999e-13
3689,1.7583338756364808e-13,175.83338756364807,1.1218168050313587e-13
3690,1.7588105180165597e-13,175.88105180165599,1.073094656753662e-13
3691,1.7592871603966387e-13,175.92871603966387,1.057155665090681e-13
3692,1.7597638027767176e-13,175.97638027767175,1.099156573050597e-13
3693,1.7602404451567966e-13,176.02404451567966,1.1359498546881577e-13
3694,1.7607170875368755e-13,176.07170875368755,1.1201343265475686e-13
3695,1.7611937299169544e-13,176.11937299169546,1.0866656831092988e-13
3696,1.7616703722970334e-13,176.16703722970334,1.0769634289182692e-13
3697,1.7621470146771123e-13,176.21470146771122,1.1028598688586286e-13
3698,1.7626236570571913e-13,176.26236570571913,1.0951042996682966e-13
3699,1.7631002994372702e-13,176.31002994372702,1.0430033708453204e-13
3700,1.7635769418173491e-13,176.35769418173493,1.0382097064649473e-13
3701,1.764053584197428e-13,176.4053584197428,1.0922985199711757e-13
3702,1.764530226577507e-13,176.4530226577507,1.1249554347954327e-13
3703,1.765006868957586e-13,176.5006868957586,1.1057296842465619e-13
3704,1.765483511337665e-13,176.5483511337665,1.074633749500141e-13
3705,1.7659601537177438e-13,176.59601537177437,1.0641021484097957e-13
3706,1.7664367960978228e-13,176.64367960978228,1.0941831343974986e-13
3707,1.7669134384779017e-13,176.69134384779017,1.0748909087029274e-13
3708,1.7673900808579807e-13,176.73900808579808,1.0282170893795989e-13
3709,1.7678667232380596e-13,176.78667232380596,1.030711228714766e-13
3710,1.7683433656181385e-13,176.83433656181384,1.0889434563484193e-13
3711,1.7688200079982175e-13,176.88200079982175,1.1133598247980644e-13
3712,1.7692966503782964e-13,176.92966503782964,1.0996425666744136e-13
3713,1.7697732927583754e-13,176.97732927583755,1.0708023145478487e-13
3714,1.7702499351384543e-13,177.02499351384543,1.059628865771392e-13
3715,1.7707265775185332e-13,177.0726577518533,1.0854510378629362e-13
3716,1.7712032198986122e-13,177.12032198986122,1.0577243291301497e-13
3717,1.771679862278691e-13,177.1679862278691,1.0277956057850451e-13
3718,1.77215650465877e-13,177.21565046587702,1.035930645735747e-13
3719,1.772633147038849e-13,177.2633147038849,1.0899979107237973e-13
3720,1.773109789418928e-13,177.31097894189278,1.1066024669954128e-13
3721,1.773586431799007e-13,177.3586431799007,1.1035471852733486e-13
3722,1.7740630741790858e-13,177.40630741790858,1.0744005782704208e-13
3723,1.7745397165591648e-13,177.45397165591646,1.0675878583943366e-13
3724,1.7750163589392437e-13,177.50163589392437,1.075799537886106e-13
3725,1.7754930013193226e-13,177.54930013193226,1.05502676636237e-13
3726,1.7759696436994016e-13,177.59696436994017,1.0397664852593649e-13
3727,1.7764462860794805e-13,177.64462860794805,1.0575286984006518e-13
3728,1.7769229284595595e-13,177.69229284595593,1.0970014501822389e-13
3729,1.7773995708396384e-13,177.73995708396384,1.1136623172041879e-13
3730,1.7778762132197173e-13,177.78762132197173,1.1165603218486059e-13
3731,1.7783528555997963e-13,177.83528555997964,1.0964637536673219e-13
3732,1.7788294979798752e-13,177.88294979798752,1.0838297490392557e-13
3733,1.7793061403599542e-13,177.9306140359954,1.0755200847761479e-13
3734,1.779782782740033e-13,177.97827827400332,1.0697892631429326e-13
3735,1.780259425120112e-13,178.0259425120112,1.0731761752045058e-13
3736,1.780736067500191e-13,178.0736067500191,1.0903325903819164e-13
3737,1.78121270988027e-13,178.121270988027,1.1110269605360545e-13
3738,1.7816893522603489e-13,178.16893522603488,1.1324401567305506e-13
3739,1.7821659946404278e-13,178.2165994640428,1.1347027511392563e-13
3740,1.7826426370205067e-13,178.26426370205067,1.1310045375289082e-13
3741,1.7831192794005857e-13,178.31192794005858,1.1026870741373887e-13
3742,1.7835959217806646e-13,178.35959217806646,1.0913553318437491e-13
3743,1.7840725641607436e-13,178.40725641607435,1.0982213809141925e-13
3744,1.7845492065408225e-13,178.45492065408226,1.1163419228734858e-13
3745,1.7850258489209014e-13,178.50258489209014,1.1271628026559774e-13
3746,1.7855024913009804e-13,178.55024913009802,1.1349771220515309e-13
3747,1.7859791336810593e-13,178.59791336810594,1.1619992348974734e-13
3748,1.7864557760611383e-13,178.64557760611382,1.1663196450295565e-13
3749,1.7869324184412172e-13,178.69324184412173,1.1703039524881692e-13
3750,1.7874090608212961e-13,178.7409060821296,1.1281005697725416e-13
3751,1.787885703201375e-13,178.7885703201375,1.1210182223686874e-13
3752,1.788362345581454e-13,178.8362345581454,1.138790396617434e-13
3753,1.788838987961533e-13,178.8838987961533,1.166896711635862e-13
3754,1.789315630341612e-13,178.9315630341612,1.1679992097200081e-13
3755,1.7897922727216908e-13,178.97922727216908,1.173276699319853e-13
3756,1.7902689151017698e-13,179.02689151017697,1.1988531640940575e-13
3757,1.7907455574818487e-13,179.07455574818488,1.2102767247591795e-13
3758,1.7912221998619277e-13,179.12221998619276,1.2102638498583812e-13
3759,1.7916988422420066e-13,179.16988422420067,1.1621737914472435e-13
3760,1.7921754846220855e-13,179.21754846220855,1.1611938082085882e-13
3761,1.7926521270021645e-13,179.26521270021644,1.1886360493963688e-13
3762,1.7931287693822434e-13,179.31287693822435,1.2237969969006168e-13
3763,1.7936054117623224e-13,179.36054117623223,1.2155509617525068e-13
3764,1.7940820541424013e-13,179.40820541424014,1.221855868436053e-13
3765,1.7945586965224802e-13,179.45586965224803,1.2420134907521752e-13
3766,1.7950353389025592e-13,179.5035338902559,1.2622440256643969e-13
3767,1.795511981282638e-13,179.55119812826382,1.2502619653551733e-13
3768,1.795988623662717e-13,179.5988623662717,1.2009048811802148e-13
3769,1.796465266042796e-13,179.6465266042796,1.207435030865095e-13
3770,1.796941908422875e-13,179.6941908422875,1.2436717779749917e-13
3771,1.797418550802954e-13,179.74185508029538,1.2798166389507704e-13
3772,1.7978951931830328e-13,179.7895193183033,1.2656489625870876e-13
3773,1.7983718355631118e-13,179.83718355631117,1.268916070308601e-13
3774,1.7988484779431907e-13,179.88484779431906,1.284508659377473e-13
3775,1.7993251203232696e-13,179.93251203232697,1.3105268010116938e-13
3776,1.7998017627033486e-13,179.98017627033485,1.2820766583793164e-13
3777,1.8002784050834275e-13,180.02784050834276,1.238737031786924e-13
3778,1.8007550474635065e-13,180.07550474635065,1.2538818453585593e-13
3779,1.8012316898435854e-13,180.12316898435853,1.2995938418296216e-13
3780,1.8017083322236643e-13,180.17083322236644,1.3278894856524198e-13
3781,1.8021849746037433e-13,180.21849746037432,1.3101400118866596e-13
3782,1.8026616169838222e-13,180.26616169838223,1.3088965675200903e-13
3783,1.8031382593639012e-13,180.31382593639012,1.3244948486503677e-13
3784,1.80361490174398e-13,180.361490174398,1.3493392059076015e-13
3785,1.804091544124059e-13,180.4091544124059,1.3041474909540607e-13
3786,1.804568186504138e-13,180.4568186504138,1.272319380928033e-13
3787,1.805044828884217e-13,180.5044828884217,1.2971305344937345e-13
3788,1.8055214712642959e-13,180.5521471264296,1.3466692225325844e-13
3789,1.8059981136443748e-13,180.59981136443747,1.3636116433062007e-13
3790,1.8064747560244537e-13,180.64747560244538,1.345470230455087e-13
3791,1.8069513984045327e-13,180.69513984045327,1.340324200368656e-13
3792,1.8074280407846116e-13,180.74280407846115,1.3604879213219984e-13
3793,1.8079046831646906e-13,180.79046831646906,1.3752601759221134e-13
3794,1.8083813255447695e-13,180.83813255447694,1.3161051567144033e-13
3795,1.8088579679248484e-13,180.88579679248485,1.2933724187133566e-13
3796,1.8093346103049274e-13,180.93346103049274,1.330909259753335e-13
3797,1.8098112526850063e-13,180.98112526850062,1.3781377840131614e-13
3798,1.8102878950650853e-13,181.02878950650853,1.3810916928320982e-13
3799,1.8107645374451642e-13,181.0764537445164,1.3628108244765486e-13
3800,1.8112411798252431e-13,181.12411798252433,1.3551785832833368e-13
3801,1.811717822205322e-13,181.1717822205322,1.381334554118735e-13
3802,1.812194464585401e-13,181.2194464585401,1.3817809743632559e-13
3803,1.81267110696548e-13,181.267110696548,1.3127323392810725e-13
3804,1.813147749345559e-13,181.31477493455589,1.2985385065399785e-13
3805,1.8136243917256378e-13,181.3624391725638,1.3468612618423859e-13
3806,1.8141010341057168e-13,181.41010341057168,1.3887533430092386e-13
3807,1.8145776764857957e-13,181.45776764857956,1.381361659173047e-13
3808,1.8150543188658746e-13,181.50543188658747,1.363841358641496e-13
3809,1.8155309612459536e-13,181.55309612459536,1.3529105678637687e-13
3810,1.8160076036260325e-13,181.60076036260324,1.383874704283597e-13
3811,1.8164842460061115e-13,181.64842460061115,1.3698422821409317e-13
3812,1.8169608883861904e-13,181.69608883861903,1.2954189858391946e-13
3813,1.8174375307662693e-13,181.74375307662694,1.288922581946933e-13
3814,1.8179141731463483e-13,181.79141731463483,1.3462859570646107e-13
3815,1.8183908155264272e-13,181.8390815526427,1.3825985983265815e-13
3816,1.8188674579065062e-13,181.88674579065062,1.3710285348429024e-13
3817,1.819344100286585e-13,181.9344100286585,1.3531091123866051e-13
3818,1.819820742666664e-13,181.98207426666642,1.339234035084222e-13
3819,1.820297385046743e-13,182.0297385046743,1.3729445911322274e-13
3820,1.820774027426822e-13,182.07740274268218,1.348001707002569e-13
3821,1.8212506698069009e-13,182.1250669806901,1.271339939790464e-13
3822,1.8217273121869798e-13,182.17273121869798,1.269508722321136e-13
3823,1.8222039545670587e-13,182.2203954567059,1.3317626623883527e-13
3824,1.8226805969471377e-13,182.26805969471377,1.3636434917450174e-13
3825,1.8231572393272166e-13,182.31572393272165,1.3478301320087732e-13
3826,1.8236338817072956e-13,182.36338817072956,1.3280175570340447e-13
3827,1.8241105240873745e-13,182.41105240873745,1.3121205782052475e-13
3828,1.8245871664674534e-13,182.45871664674536,1.3480979299453771e-13
3829,1.8250638088475324e-13,182.50638088475324,1.3183406460687969e-13
3830,1.8255404512276113e-13,182.55404512276112,1.2390952250796589e-13
3831,1.8260170936076903e-13,182.60170936076904,1.239263276416394e-13
3832,1.8264937359877692e-13,182.64937359877692,1.3064272970722546e-13
3833,1.8269703783678481e-13,182.6970378367848,1.3313661154437662e-13
3834,1.827447020747927e-13,182.7447020747927,1.311417066520576e-13
3835,1.827923663128006e-13,182.7923663128006,1.2869597694389195e-13
3836,1.828400305508085e-13,182.8400305508085,1.273171157259792e-13
3837,1.828876947888164e-13,182.8876947888164,1.3098262708829966e-13
3838,1.8293535902682428e-13,182.93535902682427,1.2757136113542705e-13
3839,1.8298302326483218e-13,182.98302326483218,1.1958922079609996e-13
3840,1.8303068750284007e-13,183.03068750284007,1.199446222682407e-13
3841,1.8307835174084797e-13,183.07835174084798,1.270052585235909e-13
3842,1.8312601597885586e-13,183.12601597885586,1.286056629029239e-13
3843,1.8317368021686375e-13,183.17368021686374,1.2630159776112065e-13
3844,1.8322134445487165e-13,183.22134445487166,1.2360387236301507e-13
3845,1.8326900869287954e-13,183.26900869287954,1.2273829955861126e-13
3846,1.8331667293088744e-13,183.31667293088745,1.2614720737175872e-13
3847,1.8336433716889533e-13,183.36433716889533,1.2223711355185268e-13
3848,1.8341200140690322e-13,183.41200140690322,1.1478319651096053e-13
3849,1.8345966564491112e-13,183.45966564491113,1.1589641464408718e-13
3850,1.83507329882919e-13,183.507329882919,1.2271978680651607e-13
3851,1.835549941209269e-13,183.5549941209269,1.231864680791353e-13
3852,1.836026583589348e-13,183.6026583589348,1.2073539867527017e-13
3853,1.836503225969427e-13,183.6503225969427,1.1816906502794267e-13
3854,1.836979868349506e-13,183.6979868349506,1.183199995228798e-13
3855,1.8374565107295848e-13,183.74565107295848,1.2107205700235407e-13
3856,1.8379331531096638e-13,183.79331531096636,1.1632085268956094e-13
3857,1.8384097954897427e-13,183.84097954897427,1.1022243230976447e-13
3858,1.8388864378698216e-13,183.88864378698216,1.1260783971955846e-13
3859,1.8393630802499006e-13,183.93630802499007,1.1854761421646598e-13
3860,1.8398397226299795e-13,183.98397226299795,1.1772542305148875e-13
3861,1.8403163650100585e-13,184.03163650100583,1.1520210512535461e-13
3862,1.8407930073901374e-13,184.07930073901375,1.1306762275585525e-13
3863,1.8412696497702163e-13,184.12696497702163,1.1430869543017225e-13
3864,1.8417462921502953e-13,184.17462921502954,1.1604312075055162e-13
3865,1.8422229345303742e-13,184.22229345303742,1.1056728313951422e-13
3866,1.8426995769104532e-13,184.2699576910453,1.0648845358025155e-13
3867,1.843176219290532e-13,184.31762192905322,1.1016648747766422e-13
3868,1.843652861670611e-13,184.3652861670611,1.1492522699555613e-13
3869,1.84412950405069e-13,184.412950405069,1.1285974054180831e-13
3870,1.844606146430769e-13,184.4606146430769,1.1041336031233917e-13
3871,1.8450827888108479e-13,184.50827888108478,1.0892162009574352e-13
3872,1.8455594311909268e-13,184.5559431190927,1.110116162948531e-13
3873,1.8460360735710057e-13,184.60360735710057,1.1116957777512065e-13
3874,1.8465127159510847e-13,184.65127159510845,1.0554670202070349e-13
3875,1.8469893583311636e-13,184.69893583311637,1.0385459446636894e-13
3876,1.8474660007112426e-13,184.74660007112425,1.0858528025304778e-13
3877,1.8479426430913215e-13,184.79426430913216,1.1202504717052961e-13
3878,1.8484192854714004e-13,184.84192854714004,1.0907881585822676e-13
3879,1.8488959278514794e-13,184.88959278514793,1.0672208559589502e-13
3880,1.8493725702315583e-13,184.93725702315584,1.05914761553208e-13
3881,1.8498492126116373e-13,184.98492126116372,1.0826154426060719e-13
3882,1.8503258549917162e-13,185.03258549917163,1.0679339899379026e-13
3883,1.8508024973717951e-13,185.0802497371795,1.0174972436870558e-13
3884,1.851279139751874e-13,185.1279139751874,1.0229778179063342e-13
3885,1.851755782131953e-13,185.1755782131953,1.076690481021346e-13
3886,1.852232424512032e-13,185.2232424512032,1.0964342091581217e-13
3887,1.852709066892111e-13,185.2709066892111,1.0668035058851791e-13
3888,1.8531857092721898e-13,185.31857092721899,1.0412465567500792e-13
3889,1.8536623516522688e-13,185.36623516522687,1.0412038662895376e-13
3890,1.8541389940323477e-13,185.41389940323478,1.061181239994484e-13
3891,1.8546156364124267e-13,185.46156364124266,1.0348495606445074e-13
3892,1.8550922787925056e-13,185.50922787925057,9.97076702344106e-14
3893,1.8555689211725845e-13,185.55689211725846,1.0204433598028778e-13
3894,1.8560455635526635e-13,185.60455635526634,1.072904311509755e-13
3895,1.8565222059327424e-13,185.65222059327425,1.0805012483697252e-13
3896,1.8569988483128214e-13,185.69988483128213,1.0554565169984889e-13
3897,1.8574754906929003e-13,185.74754906929002,1.0286386407367884e-13
3898,1.8579521330729792e-13,185.79521330729793,1.0357506681751144e-13
3899,1.8584287754530582e-13,185.8428775453058,1.0461434913873816e-13
3900,1.858905417833137e-13,185.89054178331372,1.014451109920822e-13
3901,1.859382060213216e-13,185.9382060213216,9.90428035809246e-14
3902,1.859858702593295e-13,185.9858702593295,1.030552054283318e-13
3903,1.860335344973374e-13,186.0335344973374,1.0772989217280177e-13
3904,1.860811987353453e-13,186.08119873534528,1.077654811091136e-13
3905,1.8612886297335318e-13,186.1288629733532,1.057388294219315e-13
3906,1.8617652721136108e-13,186.17652721136108,1.0305440582922959e-13
3907,1.8622419144936897e-13,186.22419144936896,1.0415567063340458e-13
3908,1.8627185568737686e-13,186.27185568737687,1.0397300289613151e-13
3909,1.8631951992538476e-13,186.31951992538475,1.0148587699376765e-13
3910,1.8636718416339265e-13,186.36718416339266,1.0015867800937384e-13
3911,1.8641484840140055e-13,186.41484840140055,1.0498427891999021e-13
3912,1.8646251263940844e-13,186.46251263940843,1.0856058077230585e-13
3913,1.8651017687741633e-13,186.51017687741634,1.0907344905747296e-13
3914,1.8655784111542423e-13,186.55784111542422,1.0703982459506906e-13
3915,1.8660550535343212e-13,186.60550535343214,1.0517373647336847e-13
3916,1.8665316959144002e-13,186.65316959144002,1.0540200168825814e-13
3917,1.867008338294479e-13,186.7008338294479,1.0446990630430877e-13
3918,1.867484980674558e-13,186.7484980674558,1.034359501262544e-13
3919,1.867961623054637e-13,186.7961623054637,1.0305658100983814e-13
3920,1.868438265434716e-13,186.84382654347158,1.070403666961553e-13
3921,1.8689149078147949e-13,186.8914907814795,1.0981961054510464e-13
3922,1.8693915501948738e-13,186.93915501948737,1.1093370281623285e-13
3923,1.8698681925749527e-13,186.98681925749528,1.0910550756046064e-13
3924,1.8703448349550317e-13,187.03448349550317,1.077166174724524e-13
3925,1.8708214773351106e-13,187.08214773351105,1.0664862412244555e-13
3926,1.8712981197151896e-13,187.12981197151896,1.0648702378863659e-13
3927,1.8717747620952685e-13,187.17747620952684,1.0639143103834126e-13
3928,1.8722514044753474e-13,187.22514044753476,1.065949019047989e-13
3929,1.8727280468554264e-13,187.27280468554264,1.0903866649652691e-13
3930,1.8732046892355053e-13,187.32046892355052,1.1179635505103452e-13
3931,1.8736813316155843e-13,187.36813316155843,1.1309726213274557e-13
3932,1.8741579739956632e-13,187.41579739956632,1.1215713010019265e-13
3933,1.8746346163757421e-13,187.46346163757423,1.0987708681277353e-13
3934,1.875111258755821e-13,187.5111258755821,1.0831494799386568e-13
3935,1.8755879011359e-13,187.55879011359,1.0939712406354135e-13
3936,1.876064543515979e-13,187.6064543515979,1.1062009733784142e-13
3937,1.876541185896058e-13,187.6541185896058,1.1059169801718588e-13
3938,1.8770178282761368e-13,187.70178282761367,1.1172172128398605e-13
3939,1.8774944706562158e-13,187.74944706562158,1.1483613268203213e-13
3940,1.8779711130362947e-13,187.79711130362946,1.1604424561030557e-13
3941,1.8784477554163737e-13,187.84477554163738,1.1608802027301968e-13
3942,1.8789243977964526e-13,187.89243977964526,1.1253623494232937e-13
3943,1.8794010401765315e-13,187.94010401765314,1.11216239126119e-13
3944,1.8798776825566105e-13,187.98776825566105,1.1316902276403695e-13
3945,1.8803543249366894e-13,188.03543249366894,1.1574729618778895e-13
3946,1.8808309673167684e-13,188.08309673167685,1.1499663526114146e-13
3947,1.8813076096968473e-13,188.13076096968473,1.155119294486695e-13
3948,1.8817842520769262e-13,188.1784252076926,1.1870733074900025e-13
3949,1.8822608944570052e-13,188.22608944570052,1.2020972325194057e-13
3950,1.882737536837084e-13,188.2737536837084,1.202510178021851e-13
3951,1.883214179217163e-13,188.32141792171632,1.1569967260736252e-13
3952,1.883690821597242e-13,188.3690821597242,1.1506988667042e-13
3953,1.884167463977321e-13,188.41674639773208,1.1782618609089412e-13
3954,1.8846441063573999e-13,188.46441063574,1.2114749036850475e-13
3955,1.8851207487374788e-13,188.51207487374788,1.197284323550471e-13
3956,1.8855973911175578e-13,188.5597391117558,1.197535451878673e-13
3957,1.8860740334976367e-13,188.60740334976367,1.2238850883271313e-13
3958,1.8865506758777156e-13,188.65506758777155,1.2477952698874972e-13
3959,1.8870273182577946e-13,188.70273182577947,1.241156564460097e-13
3960,1.8875039606378735e-13,188.75039606378735,1.1922381755891803e-13
3961,1.8879806030179525e-13,188.79806030179523,1.1930308629025388e-13
3962,1.8884572453980314e-13,188.84572453980314,1.2304983150034782e-13
3963,1.8889338877781103e-13,188.89338877781103,1.261787441024509e-13
3964,1.8894105301581893e-13,188.94105301581894,1.2431950000696412e-13
3965,1.8898871725382682e-13,188.98871725382682,1.2403234906158134e-13
3966,1.8903638149183472e-13,189.0363814918347,1.2589309748758243e-13
3967,1.890840457298426e-13,189.08404572984261,1.29121133273305e-13
3968,1.891317099678505e-13,189.1317099678505,1.2753925519859433e-13
3969,1.891793742058584e-13,189.1793742058584,1.226217071674876e-13
3970,1.892270384438663e-13,189.2270384438663,1.2323577217292908e-13
3971,1.8927470268187419e-13,189.27470268187417,1.280530586081352e-13
3972,1.8932236691988208e-13,189.32236691988209,1.306242982702932e-13
3973,1.8937003115788997e-13,189.37003115788997,1.2806184064573234e-13
3974,1.8941769539589787e-13,189.41769539589788,1.276490577736128e-13
3975,1.8946535963390576e-13,189.46535963390576,1.2916210256289778e-13
3976,1.8951302387191366e-13,189.51302387191365,1.3290230190237534e-13
3977,1.8956068810992155e-13,189.56068810992156,1.3050556457987889e-13
3978,1.8960835234792944e-13,189.60835234792944,1.2570253540324094e-13
3979,1.8965601658593734e-13,189.65601658593732,1.2668555440797924e-13
3980,1.8970368082394523e-13,189.70368082394523,1.3223744202515292e-13
3981,1.8975134506195313e-13,189.75134506195312,1.3435389953353472e-13
3982,1.8979900929996102e-13,189.79900929996103,1.3079798745832538e-13
3983,1.8984667353796891e-13,189.8466735379689,1.301010351967974e-13
3984,1.898943377759768e-13,189.8943377759768,1.3168867309554938e-13
3985,1.899420020139847e-13,189.9420020139847,1.3549582191917792e-13
3986,1.899896662519926e-13,189.9896662519926,1.322379434686577e-13
3987,1.900373304900005e-13,190.0373304900005,1.2779046484195922e-13
3988,1.9008499472800838e-13,190.08499472800838,1.29451462570207e-13
3989,1.9013265896601628e-13,190.13265896601627,1.3535380498710947e-13
3990,1.9018032320402417e-13,190.18032320402418,1.3684775426563156e-13
3991,1.9022798744203206e-13,190.22798744203206,1.3229045951138746e-13
3992,1.9027565168003996e-13,190.27565168003997,1.313632362609507e-13
3993,1.9032331591804785e-13,190.32331591804785,1.334527920029277e-13
3994,1.9037098015605575e-13,190.37098015605574,1.3677276813287703e-13
3995,1.9041864439406364e-13,190.41864439406365,1.3241861220817525e-13
3996,1.9046630863207153e-13,190.46630863207153,1.2854329417295168e-13
3997,1.9051397287007943e-13,190.51397287007944,1.311022823505606e-13
3998,1.9056163710808732e-13,190.56163710808733,1.3750040331588637e-13
3999,1.9060930134609522e-13,190.6093013460952,1.380075253295393e-13
4000,1.906569655841031e-13,190.65696558410312,1.32681707417856e-13
4001,1.90704629822111e-13,190.704629822111,1.314776602477294e-13
4002,1.907522940601189e-13,190.75229406011888,1.343794460472239e-13
4003,1.907999582981268e-13,190.7999582981268,1.3661607381389856e-13
4004,1.9084762253613469e-13,190.84762253613468,1.3108767272628635e-13
4005,1.9089528677414258e-13,190.8952867741426,1.2787800061486027e-13
4006,1.9094295101215047e-13,190.94295101215047,1.3154424381364715e-13
4007,1.9099061525015837e-13,190.99061525015836,1.382189718582283e-13
4008,1.9103827948816626e-13,191.03827948816627,1.3764880348824532e-13
4009,1.9108594372617416e-13,191.08594372617415,1.317657869750674e-13
4010,1.9113360796418205e-13,191.13360796418206,1.3027162085611083e-13
4011,1.9118127220218994e-13,191.18127220218994,1.3376424262950132e-13
4012,1.9122893644019784e-13,191.22893644019783,1.3499342973750245e-13
4013,1.9127660067820573e-13,191.27660067820574,1.2865971038122231e-13
4014,1.9132426491621363e-13,191.32426491621362,1.255086258446919e-13
4015,1.9137192915422152e-13,191.37192915422153,1.3026828693443043e-13
4016,1.9141959339222941e-13,191.41959339222942,1.369199621303191e-13
4017,1.914672576302373e-13,191.4672576302373,1.3557880404295453e-13
4018,1.915149218682452e-13,191.5149218682452,1.2940783698529162e-13
4019,1.915625861062531e-13,191.5625861062531,1.2732478645634954e-13
4020,1.91610250344261e-13,191.610250344261,1.3118552197235317e-13
4021,1.9165791458226888e-13,191.6579145822689,1.315651147054675e-13
4022,1.9170557882027678e-13,191.70557882027677,1.24835648003703e-13
4023,1.9175324305828467e-13,191.75324305828468,1.215164985779102e-13
4024,1.9180090729629257e-13,191.80090729629256,1.2723477057097893e-13
4025,1.9184857153430046e-13,191.84857153430045,1.3358158166849182e-13
4026,1.9189623577230835e-13,191.89623577230836,1.3180930413976555e-13
4027,1.9194390001031625e-13,191.94390001031624,1.255371674668826e-13
4028,1.9199156424832414e-13,191.99156424832415,1.229771221921555e-13
4029,1.9203922848633204e-13,192.03922848633204,1.2701303767417849e-13
4030,1.9208689272433993e-13,192.08689272433992,1.2672652369757204e-13
4031,1.9213455696234782e-13,192.13455696234783,1.1998224408362596e-13
4032,1.9218222120035572e-13,192.1822212003557,1.1659416650471738e-13
4033,1.922298854383636e-13,192.22988543836362,1.2305527961626456e-13
4034,1.922775496763715e-13,192.2775496763715,1.2886554616366869e-13
4035,1.923252139143794e-13,192.3252139143794,1.2691929484383996e-13
4036,1.923728781523873e-13,192.3728781523873,1.206807548857769e-13
4037,1.924205423903952e-13,192.42054239039518,1.1791055057244065e-13
4038,1.9246820662840308e-13,192.4682066284031,1.2183288232436862e-13
4039,1.9251587086641098e-13,192.51587086641098,1.2119499197618677e-13
4040,1.9256353510441887e-13,192.56353510441886,1.1477381816216853e-13
4041,1.9261119934242676e-13,192.61119934242677,1.116337247251617e-13
4042,1.9265886358043466e-13,192.65886358043466,1.1856515118660593e-13
4043,1.9270652781844255e-13,192.70652781844257,1.2347908069296198e-13
4044,1.9275419205645045e-13,192.75419205645045,1.2119534434189283e-13
4045,1.9280185629445834e-13,192.80185629445833,1.1518172212451189e-13
4046,1.9284952053246623e-13,192.84952053246624,1.1269880428182999e-13
4047,1.9289718477047413e-13,192.89718477047413,1.1637147137848886e-13
4048,1.9294484900848202e-13,192.944849008482,1.1554715246674813e-13
4049,1.9299251324648992e-13,192.99251324648992,1.095486413171462e-13
4050,1.930401774844978e-13,193.0401774844978,1.0711217476129173e-13
4051,1.930878417225057e-13,193.08784172250571,1.141086194717672e-13
4052,1.931355059605136e-13,193.1355059605136,1.1766446378434076e-13
4053,1.931831701985215e-13,193.18317019852148,1.1501060791663936e-13
4054,1.9323083443652939e-13,193.2308344365294,1.0944583862240384e-13
4055,1.9327849867453728e-13,193.27849867453727,1.0750260951613091e-13
4056,1.9332616291254517e-13,193.3261629125452,1.109220883004601e-13
4057,1.9337382715055307e-13,193.37382715055307,1.0961381542023974e-13
4058,1.9342149138856096e-13,193.42149138856095,1.0436870280777083e-13
4059,1.9346915562656886e-13,193.46915562656886,1.033890583822944e-13
4060,1.9351681986457675e-13,193.51681986457675,1.0977346419013823e-13
4061,1.9356448410258464e-13,193.56448410258466,1.1179508111348185e-13
4062,1.9361214834059254e-13,193.61214834059254,1.0895549463737011e-13
4063,1.9365981257860043e-13,193.65981257860042,1.0437279567097196e-13
4064,1.9370747681660833e-13,193.70747681660833,1.0338008660931708e-13
4065,1.9375514105461622e-13,193.75514105461622,1.0610849492890401e-13
4066,1.9380280529262411e-13,193.8028052926241,1.0406504488431195e-13
4067,1.93850469530632e-13,193.850469530632,9.996480910840627e-14
4068,1.938981337686399e-13,193.8981337686399,1.01079728083691e-13
4069,1.939457980066478e-13,193.9457980066478,1.0611924208293877e-13
4070,1.939934622446557e-13,193.9934622446557,1.0662901361565072e-13
4071,1.9404112648266358e-13,194.04112648266357,1.0405528706475958e-13
4072,1.9408879072067148e-13,194.08879072067148,1.0063242014864138e-13
4073,1.9413645495867937e-13,194.13645495867937,1.0081893680362677e-13
4074,1.9418411919668727e-13,194.18411919668728,1.0229805961744012e-13
4075,1.9423178343469516e-13,194.23178343469516,9.972461766961926e-14
4076,1.9427944767270305e-13,194.27944767270304,9.747817109702003e-14
4077,1.9432711191071095e-13,194.32711191071095,1.0033598572215668e-13
4078,1.9437477614871884e-13,194.37477614871884,1.0356103995190491e-13
4079,1.9442244038672674e-13,194.42244038672675,1.0300617238508114e-13
4080,1.9447010462473463e-13,194.47010462473463,1.0096562258130048e-13
4081,1.9451776886274252e-13,194.5177688627425,9.878439076937626e-14
4082,1.9456543310075042e-13,194.56543310075043,9.98194989122389e-14
4083,1.946130973387583e-13,194.6130973387583,9.969156305588561e-14
4084,1.946607615767662e-13,194.66076157676622,9.732430925621718e-14
4085,1.947084258147741e-13,194.7084258147741,9.713630182324462e-14
4086,1.94756090052782e-13,194.75609005278199,1.0096492462615195e-13
4087,1.948037542907899e-13,194.8037542907899,1.0256635222128524e-13
4088,1.9485141852879778e-13,194.85141852879778,1.0131418002722742e-13
4089,1.9489908276680568e-13,194.89908276680566,9.970601004983398e-14
4090,1.9494674700481357e-13,194.94674700481357,9.904317627542139e-14
4091,1.9499441124282146e-13,194.99441124282146,9.987454927754685e-14
4092,1.9504207548082936e-13,195.04207548082937,9.84045269857188e-14
4093,1.9508973971883725e-13,195.08973971883725,9.662595430812854e-14
4094,1.9513740395684515e-13,195.13740395684513,9.857652210785647e-14
4095,1.9518506819485304e-13,195.18506819485305,1.0276657048122542e-13
4096,1.9523273243286093e-13,195.23273243286093,1.0304784640608605e-13
4097,1.9528039667086883e-13,195.28039667086884,1.0130903006690811e-13
4098,1.9532806090887672e-13,195.32806090887672,9.983329538488378e-14
4099,1.9537572514688462e-13,195.3757251468846,1.0074250055046655e-13
4100,1.954233893848925e-13,195.42338938489252,1.0084829157744682e-13
4101,1.954710536229004e-13,195.4710536229004,9.887199430491309e-14
4102,1.955187178609083e-13,195.5187178609083,9.747426796919909e-14
4103,1.955663820989162e-13,195.5663820989162,1.0140582899212033e-13
4104,1.9561404633692409e-13,195.61404633692408,1.0562005507393571e-13
4105,1.9566171057493198e-13,195.661710574932,1.0511330575477956e-13
4106,1.9570937481293987e-13,195.70937481293987,1.0270278551216538e-13
4107,1.9575703905094777e-13,195.75703905094775,1.0119031670528453e-13
4108,1.9580470328895566e-13,195.80470328895566,1.0303625221910404e-13
4109,1.9585236752696356e-13,195.85236752696355,1.0303266079940768e-13
4110,1.9590003176497145e-13,195.90003176497146,1.0112825290717331e-13
4111,1.9594769600297934e-13,195.94769600297934,1.0003728802363693e-13
4112,1.9599536024098724e-13,195.99536024098722,1.0482240753563812e-13
4113,1.9604302447899513e-13,196.04302447899514,1.0928308632378661e-13
4114,1.9609068871700303e-13,196.09068871700302,1.0889155381424778e-13
4115,1.9613835295501092e-13,196.13835295501093,1.0544900862869896e-13
4116,1.9618601719301881e-13,196.1860171930188,1.038223055704196e-13
4117,1.962336814310267e-13,196.2336814310267,1.06080054950667e-13
4118,1.962813456690346e-13,196.2813456690346,1.0687640822262118e-13
4119,1.963290099070425e-13,196.3290099070425,1.0496151745063159e-13
4120,1.963766741450504e-13,196.3766741450504,1.0383306627698152e-13
4121,1.9642433838305828e-13,196.42433838305828,1.0867305319517406e-13
4122,1.9647200262106618e-13,196.47200262106617,1.1390941087510015e-13
4123,1.9651966685907407e-13,196.51966685907408,1.1379569161973357e-13
4124,1.9656733109708197e-13,196.56733109708196,1.0942925032916481e-13
4125,1.9661499533508986e-13,196.61499533508987,1.0740468573116474e-13
4126,1.9666265957309775e-13,196.66265957309776,1.0976997441439554e-13
4127,1.9671032381110565e-13,196.71032381110564,1.1206468153619753e-13
4128,1.9675798804911354e-13,196.75798804911355,1.0974424494158974e-13
4129,1.9680565228712144e-13,196.80565228712143,1.0813051165179874e-13
4130,1.9685331652512933e-13,196.85331652512932,1.127640800288772e-13
4131,1.9690098076313722e-13,196.90098076313723,1.1881535794296127e-13
4132,1.9694864500114512e-13,196.9486450011451,1.1923707193047667e-13
4133,1.96996309239153e-13,196.99630923915302,1.143908644023195e-13
4134,1.970439734771609e-13,197.0439734771609,1.1139289631759836e-13
4135,1.970916377151688e-13,197.0916377151688,1.1376811222697097e-13
4136,1.971393019531767e-13,197.1393019531767,1.1705081890724112e-13
4137,1.9718696619118459e-13,197.18696619118458,1.1457479930088166e-13
4138,1.9723463042919248e-13,197.2346304291925,1.1214282540777942e-13
4139,1.9728229466720038e-13,197.28229466720038,1.1664082785571572e-13
4140,1.9732995890520827e-13,197.32995890520826,1.2333177827530267e-13
4141,1.9737762314321616e-13,197.37762314321617,1.2440021885870567e-13
4142,1.9742528738122406e-13,197.42528738122405,1.193690328873953e-13
4143,1.9747295161923195e-13,197.47295161923196,1.1505707953225752e-13
4144,1.9752061585723985e-13,197.52061585723985,1.1784448200255482e-13
4145,1.9756828009524774e-13,197.56828009524773,1.2135001933432504e-13
4146,1.9761594433325563e-13,197.61594433325564,1.1901219484737602e-13
4147,1.9766360857126353e-13,197.66360857126352,1.1559163186087434e-13
4148,1.9771127280927142e-13,197.71127280927143,1.2021738042978375e-13
4149,1.9775893704727932e-13,197.75893704727932,1.2720910208454533e-13
4150,1.978066012852872e-13,197.8066012852872,1.2860657092224337e-13
4151,1.978542655232951e-13,197.8542655232951,1.234461887095542e-13
4152,1.97901929761303e-13,197.901929761303,1.181557564462754e-13
4153,1.979495939993109e-13,197.94959399931088,1.21199179707078e-13
4154,1.9799725823731879e-13,197.9972582373188,1.2458225640346599e-13
4155,1.9804492247532668e-13,198.04492247532667,1.228816175332867e-13
4156,1.9809258671333457e-13,198.09258671333458,1.188746095916876e-13
4157,1.9814025095134247e-13,198.14025095134247,1.234133644887822e-13
4158,1.9818791518935036e-13,198.18791518935035,1.3022903881578646e-13
4159,1.9823557942735825e-13,198.23557942735826,1.3176163990175765e-13
4160,1.9828324366536615e-13,198.28324366536614,1.2676798087814245e-13
4161,1.9833090790337404e-13,198.33090790337405,1.210918572445291e-13
4162,1.9837857214138194e-13,198.37857214138194,1.2391304616502646e-13
4163,1.9842623637938983e-13,198.42623637938982,1.2712645877394763e-13
4164,1.9847390061739772e-13,198.47390061739773,1.261003833904345e-13
4165,1.9852156485540562e-13,198.52156485540561,1.2200508073441363e-13
4166,1.9856922909341351e-13,198.56922909341353,1.262627426657642e-13
4167,1.986168933314214e-13,198.6168933314214,1.323635889479216e-13
4168,1.986645575694293e-13,198.6645575694293,1.3395695956566062e-13
4169,1.987122218074372e-13,198.7122218074372,1.2921291098720589e-13
4170,1.987598860454451e-13,198.75988604544509,1.2375365489314394e-13
4171,1.9880755028345298e-13,198.807550283453,1.263104340088264e-13
4172,1.9885521452146088e-13,198.85521452146088,1.293584515763349e-13
4173,1.9890287875946877e-13,198.90287875946876,1.2855324172788424e-13
4174,1.9895054299747666e-13,198.95054299747667,1.2472427333553443e-13
4175,1.9899820723548456e-13,198.99820723548456,1.28807825950511e-13
4176,1.9904587147349245e-13,199.04587147349244,1.3370797253674932e-13
4177,1.9909353571150035e-13,199.09353571150035,1.3506181578953197e-13
4178,1.9914119994950824e-13,199.14119994950823,1.3044570306743053e-13
4179,1.9918886418751613e-13,199.18886418751615,1.2580064214732373e-13
4180,1.9923652842552403e-13,199.23652842552403,1.2814451106138436e-13
4181,1.9928419266353192e-13,199.2841926635319,1.3115661443192927e-13
4182,1.9933185690153982e-13,199.33185690153982,1.3000664184515537e-13
4183,1.993795211395477e-13,199.3795211395477,1.2661058182775187e-13
4184,1.994271853775556e-13,199.42718537755562,1.3053645078926757e-13
4185,1.994748496155635e-13,199.4748496155635,1.3437112479555008e-13
4186,1.995225138535714e-13,199.52251385357138,1.3522554387010444e-13
4187,1.9957017809157929e-13,199.5701780915793,1.303431375419134e-13
4188,1.9961784232958718e-13,199.61784232958718,1.267213195271441e-13
4189,1.9966550656759507e-13,199.6655065675951,1.289781405592813e-13
4190,1.9971317080560297e-13,199.71317080560297,1.320169966184323e-13
4191,1.9976083504361086e-13,199.76083504361085,1.2994771545708078e-13
4192,1.9980849928161876e-13,199.80849928161877,1.2696137544065955e-13
4193,1.9985616351962665e-13,199.85616351962665,1.3067028199493375e-13
4194,1.9990382775763454e-13,199.90382775763453,1.3408227978427278e-13
4195,1.9995149199564244e-13,199.95149199564244,1.3425855750499177e-13
